Datetime,Open,High,Low,Close,Volume,Dividends,Stock Splits
2025-04-23 09:30:00-04:00,16871.033203125,16871.033203125,16862.5546875,16862.59375,0,0.0,0.0
2025-04-23 09:31:00-04:00,16866.548828125,16880.21484375,16866.548828125,16880.21484375,56829822,0.0,0.0
2025-04-23 09:32:00-04:00,16887.447265625,16887.447265625,16870.86328125,16879.845703125,55371682,0.0,0.0
2025-04-23 09:33:00-04:00,16879.89453125,16902.125,16879.89453125,16902.125,54249129,0.0,0.0
2025-04-23 09:34:00-04:00,16900.0625,16900.44921875,16879.841796875,16884.962890625,61518000,0.0,0.0
2025-04-23 09:35:00-04:00,16879.39453125,16879.39453125,16855.826171875,16855.826171875,49587000,0.0,0.0
2025-04-23 09:36:00-04:00,16851.501953125,16851.501953125,16819.69140625,16819.69140625,45596000,0.0,0.0
2025-04-23 09:37:00-04:00,16827.2109375,16932.490234375,16816.779296875,16932.490234375,42879000,0.0,0.0
2025-04-23 09:38:00-04:00,16952.51953125,16952.51953125,16889.109375,16921.552734375,33366000,0.0,0.0
2025-04-23 09:39:00-04:00,16923.26953125,16923.26953125,16878.384765625,16898.642578125,40838000,0.0,0.0
2025-04-23 09:40:00-04:00,16881.779296875,16914.171875,16881.779296875,16908.14453125,57332000,0.0,0.0
2025-04-23 09:41:00-04:00,16903.296875,16933.40234375,16903.296875,16928.806640625,51355000,0.0,0.0
2025-04-23 09:42:00-04:00,16929.48046875,16929.48046875,16906.939453125,16906.939453125,43568000,0.0,0.0
2025-04-23 09:43:00-04:00,16910.482421875,16927.537109375,16910.482421875,16927.537109375,41786000,0.0,0.0
2025-04-23 09:44:00-04:00,16934.490234375,16942.865234375,16931.8828125,16933.6640625,31956000,0.0,0.0
2025-04-23 09:45:00-04:00,16929.806640625,16950.3203125,16925.396484375,16950.3203125,38616000,0.0,0.0
2025-04-23 09:46:00-04:00,16954.630859375,16959.47265625,16948.673828125,16957.193359375,31583000,0.0,0.0
2025-04-23 09:47:00-04:00,16959.30859375,16962.044921875,16952.595703125,16956.21484375,30271000,0.0,0.0
2025-04-23 09:48:00-04:00,16961.58984375,16972.296875,16961.58984375,16962.248046875,28427000,0.0,0.0
2025-04-23 09:49:00-04:00,16964.689453125,16977.17578125,16964.33203125,16971.50390625,29540000,0.0,0.0
2025-04-23 09:50:00-04:00,16973.298828125,16973.298828125,16956.4453125,16963.41015625,31310000,0.0,0.0
2025-04-23 09:51:00-04:00,16968.759765625,16992.66796875,16968.759765625,16992.66796875,23983000,0.0,0.0
2025-04-23 09:52:00-04:00,16992.81640625,16992.81640625,16932.322265625,16932.322265625,25594000,0.0,0.0
2025-04-23 09:53:00-04:00,16938.546875,16939.537109375,16927.517578125,16932.498046875,36458000,0.0,0.0
2025-04-23 09:54:00-04:00,16940.048828125,16952.884765625,16923.421875,16923.421875,31128000,0.0,0.0
2025-04-23 09:55:00-04:00,16923.361328125,16923.361328125,16888.947265625,16891.466796875,28554000,0.0,0.0
2025-04-23 09:56:00-04:00,16898.427734375,16905.728515625,16886.080078125,16905.728515625,26992000,0.0,0.0
2025-04-23 09:57:00-04:00,16917.50390625,16919.951171875,16913.599609375,16917.681640625,22935000,0.0,0.0
2025-04-23 09:58:00-04:00,16918.212890625,16921.349609375,16912.1875,16916.86328125,21471000,0.0,0.0
2025-04-23 09:59:00-04:00,16932.998046875,16933.10546875,16919.15234375,16933.10546875,24582000,0.0,0.0
2025-04-23 10:00:00-04:00,16885.990234375,16962.83203125,16885.990234375,16932.2265625,27757000,0.0,0.0
2025-04-23 10:01:00-04:00,16926.109375,16939.328125,16916.572265625,16920.1015625,26855000,0.0,0.0
2025-04-23 10:02:00-04:00,16914.607421875,16921.052734375,16903.576171875,16921.052734375,35823000,0.0,0.0
2025-04-23 10:03:00-04:00,16917.138671875,16922.025390625,16905.57421875,16905.57421875,29140000,0.0,0.0
2025-04-23 10:04:00-04:00,16904.25,16936.751953125,16899.10546875,16936.751953125,23781000,0.0,0.0
2025-04-23 10:05:00-04:00,16935.505859375,16935.505859375,16923.236328125,16926.240234375,26565000,0.0,0.0
2025-04-23 10:06:00-04:00,16921.388671875,16942.138671875,16921.388671875,16931.73046875,26327000,0.0,0.0
2025-04-23 10:07:00-04:00,16936.13671875,16938.0234375,16913.203125,16914.0546875,21460000,0.0,0.0
2025-04-23 10:08:00-04:00,16912.3125,16947.78125,16912.3125,16945.1640625,24619000,0.0,0.0
2025-04-23 10:09:00-04:00,16952.013671875,16952.013671875,16938.419921875,16943.115234375,23139000,0.0,0.0
2025-04-23 10:10:00-04:00,16943.142578125,16949.78125,16940.599609375,16946.3828125,21120000,0.0,0.0
2025-04-23 10:11:00-04:00,16945.080078125,16959.58984375,16945.080078125,16959.58984375,23384000,0.0,0.0
2025-04-23 10:12:00-04:00,16958.037109375,16970.79296875,16955.8984375,16970.79296875,21509000,0.0,0.0
2025-04-23 10:13:00-04:00,16971.99609375,16973.841796875,16950.10546875,16950.10546875,21675000,0.0,0.0
2025-04-23 10:14:00-04:00,16947.291015625,16947.291015625,16930.125,16942.34765625,22524000,0.0,0.0
2025-04-23 10:15:00-04:00,16943.2265625,16943.2265625,16916.119140625,16916.119140625,20942000,0.0,0.0
2025-04-23 10:16:00-04:00,16916.37109375,16916.37109375,16891.20703125,16891.20703125,20590000,0.0,0.0
2025-04-23 10:17:00-04:00,16897.689453125,16897.689453125,16886.24609375,16888.98828125,21673000,0.0,0.0
2025-04-23 10:18:00-04:00,16883.1015625,16883.1015625,16872.9765625,16872.9765625,19595000,0.0,0.0
2025-04-23 10:19:00-04:00,16875.73828125,16895.458984375,16875.73828125,16895.458984375,22543000,0.0,0.0
2025-04-23 10:20:00-04:00,16898.716796875,16898.716796875,16873.7421875,16881.98046875,24600000,0.0,0.0
2025-04-23 10:21:00-04:00,16883.8515625,16883.8515625,16866.486328125,16875.201171875,19677000,0.0,0.0
2025-04-23 10:22:00-04:00,16875.80859375,16899.525390625,16875.5703125,16898.078125,21536000,0.0,0.0
2025-04-23 10:23:00-04:00,16899.75390625,16925.11328125,16897.591796875,16925.11328125,19333000,0.0,0.0
2025-04-23 10:24:00-04:00,16930.0,16938.755859375,16926.259765625,16938.755859375,22166000,0.0,0.0
2025-04-23 10:25:00-04:00,16939.060546875,16947.537109375,16937.03515625,16947.537109375,18459000,0.0,0.0
2025-04-23 10:26:00-04:00,16950.93359375,16973.373046875,16950.93359375,16969.41796875,22366000,0.0,0.0
2025-04-23 10:27:00-04:00,16969.828125,16973.0703125,16962.1171875,16962.1171875,19452000,0.0,0.0
2025-04-23 10:28:00-04:00,16960.1875,16976.96484375,16960.1875,16971.24609375,19963000,0.0,0.0
2025-04-23 10:29:00-04:00,16974.89453125,16974.89453125,16967.57421875,16968.681640625,17536000,0.0,0.0
2025-04-23 10:30:00-04:00,16966.234375,16977.283203125,16966.234375,16972.611328125,19031000,0.0,0.0
2025-04-23 10:31:00-04:00,16977.095703125,16989.123046875,16977.095703125,16989.123046875,18421000,0.0,0.0
2025-04-23 10:32:00-04:00,16990.861328125,16991.373046875,16986.689453125,16990.28515625,15903000,0.0,0.0
2025-04-23 10:33:00-04:00,16990.5546875,17006.9609375,16990.5546875,17004.66015625,17535000,0.0,0.0
2025-04-23 10:34:00-04:00,17005.904296875,17007.765625,17001.513671875,17005.716796875,17061000,0.0,0.0
2025-04-23 10:35:00-04:00,17004.8359375,17020.53515625,17004.8359375,17020.53515625,19454000,0.0,0.0
2025-04-23 10:36:00-04:00,17021.36328125,17029.564453125,17021.36328125,17028.271484375,18950000,0.0,0.0
2025-04-23 10:37:00-04:00,17028.29296875,17029.22265625,17014.5703125,17014.86328125,21456000,0.0,0.0
2025-04-23 10:38:00-04:00,17015.46484375,17020.185546875,17008.2578125,17010.888671875,19362000,0.0,0.0
2025-04-23 10:39:00-04:00,17009.36328125,17010.189453125,16996.814453125,17002.83984375,18433000,0.0,0.0
2025-04-23 10:40:00-04:00,17002.470703125,17009.15625,16993.75390625,17009.15625,22572000,0.0,0.0
2025-04-23 10:41:00-04:00,17008.8046875,17008.8046875,16987.681640625,16987.681640625,19808000,0.0,0.0
2025-04-23 10:42:00-04:00,16985.962890625,16985.962890625,16972.58984375,16978.8125,24223000,0.0,0.0
2025-04-23 10:43:00-04:00,16980.306640625,16994.658203125,16979.109375,16993.201171875,18304000,0.0,0.0
2025-04-23 10:44:00-04:00,16993.009765625,16993.009765625,16989.9609375,16990.84765625,16024000,0.0,0.0
2025-04-23 10:45:00-04:00,16992.009765625,16992.009765625,16986.4296875,16991.8203125,17303000,0.0,0.0
2025-04-23 10:46:00-04:00,16991.609375,16996.60546875,16991.349609375,16991.728515625,16567000,0.0,0.0
2025-04-23 10:47:00-04:00,16992.22265625,17005.076171875,16989.751953125,17004.181640625,15749000,0.0,0.0
2025-04-23 10:48:00-04:00,17000.322265625,17000.322265625,16987.85546875,16994.3125,20894000,0.0,0.0
2025-04-23 10:49:00-04:00,16992.875,16992.875,16977.921875,16977.921875,18114000,0.0,0.0
2025-04-23 10:50:00-04:00,16975.962890625,16975.962890625,16952.484375,16952.484375,17047000,0.0,0.0
2025-04-23 10:51:00-04:00,16951.76953125,16965.00390625,16951.76953125,16958.35546875,19493000,0.0,0.0
2025-04-23 10:52:00-04:00,16961.11328125,16973.30078125,16961.11328125,16967.421875,15249000,0.0,0.0
2025-04-23 10:53:00-04:00,16967.158203125,16967.158203125,16951.443359375,16951.541015625,17179000,0.0,0.0
2025-04-23 10:54:00-04:00,16955.962890625,16967.267578125,16955.962890625,16959.12890625,17180000,0.0,0.0
2025-04-23 10:55:00-04:00,16957.55859375,16957.55859375,16946.921875,16954.63671875,17822000,0.0,0.0
2025-04-23 10:56:00-04:00,16954.853515625,16956.537109375,16946.708984375,16946.708984375,16343000,0.0,0.0
2025-04-23 10:57:00-04:00,16949.03125,16953.130859375,16941.423828125,16948.552734375,16754000,0.0,0.0
2025-04-23 10:58:00-04:00,16945.6875,16945.6875,16940.587890625,16941.60546875,19162000,0.0,0.0
2025-04-23 10:59:00-04:00,16943.265625,16943.265625,16932.52734375,16937.38671875,17917000,0.0,0.0
2025-04-23 11:00:00-04:00,16940.97265625,16945.380859375,16904.591796875,16924.5625,19509000,0.0,0.0
2025-04-23 11:01:00-04:00,16922.2890625,16943.390625,16904.615234375,16923.20703125,24815000,0.0,0.0
2025-04-23 11:02:00-04:00,16924.607421875,16928.79296875,16907.833984375,16907.833984375,32688000,0.0,0.0
2025-04-23 11:03:00-04:00,16910.4453125,16921.462890625,16910.4453125,16921.10546875,28465000,0.0,0.0
2025-04-23 11:04:00-04:00,16922.513671875,16945.3203125,16922.513671875,16944.822265625,16926000,0.0,0.0
2025-04-23 11:05:00-04:00,16945.802734375,16945.802734375,16939.681640625,16940.505859375,14970000,0.0,0.0
2025-04-23 11:06:00-04:00,16939.53125,16955.166015625,16938.54296875,16955.166015625,14372000,0.0,0.0
2025-04-23 11:07:00-04:00,16957.658203125,16961.41796875,16952.75,16961.41796875,14291000,0.0,0.0
2025-04-23 11:08:00-04:00,16961.5234375,16965.17578125,16959.54296875,16960.427734375,14284000,0.0,0.0
2025-04-23 11:09:00-04:00,16960.328125,16960.328125,16941.685546875,16943.546875,15633000,0.0,0.0
2025-04-23 11:10:00-04:00,16942.919921875,16942.919921875,16928.751953125,16933.572265625,13762000,0.0,0.0
2025-04-23 11:11:00-04:00,16932.837890625,16934.9140625,16926.046875,16934.9140625,12965000,0.0,0.0
2025-04-23 11:12:00-04:00,16936.435546875,16937.041015625,16931.966796875,16935.796875,16538000,0.0,0.0
2025-04-23 11:13:00-04:00,16937.474609375,16937.646484375,16932.806640625,16937.646484375,15614000,0.0,0.0
2025-04-23 11:14:00-04:00,16939.2421875,16942.380859375,16938.828125,16940.478515625,14537000,0.0,0.0
2025-04-23 11:15:00-04:00,16940.43359375,16940.5703125,16928.189453125,16931.931640625,14929000,0.0,0.0
2025-04-23 11:16:00-04:00,16931.8515625,16931.8515625,16915.484375,16915.484375,16908000,0.0,0.0
2025-04-23 11:17:00-04:00,16912.326171875,16914.84375,16907.193359375,16909.412109375,17602000,0.0,0.0
2025-04-23 11:18:00-04:00,16904.720703125,16910.0625,16899.564453125,16910.0625,14099000,0.0,0.0
2025-04-23 11:19:00-04:00,16907.248046875,16907.248046875,16892.369140625,16893.353515625,17026000,0.0,0.0
2025-04-23 11:20:00-04:00,16891.7265625,16891.7265625,16879.06640625,16889.818359375,21479000,0.0,0.0
2025-04-23 11:21:00-04:00,16888.08984375,16899.267578125,16878.767578125,16899.267578125,22262000,0.0,0.0
2025-04-23 11:22:00-04:00,16900.20703125,16905.841796875,16900.20703125,16904.267578125,18407000,0.0,0.0
2025-04-23 11:23:00-04:00,16884.203125,16884.203125,16836.658203125,16839.9921875,22545000,0.0,0.0
2025-04-23 11:24:00-04:00,16844.669921875,16866.75390625,16844.669921875,16862.421875,27615000,0.0,0.0
2025-04-23 11:25:00-04:00,16858.462890625,16860.26171875,16847.224609375,16860.26171875,31112000,0.0,0.0
2025-04-23 11:26:00-04:00,16855.77734375,16855.77734375,16822.287109375,16824.791015625,18327000,0.0,0.0
2025-04-23 11:27:00-04:00,16820.234375,16820.234375,16794.080078125,16802.623046875,23639000,0.0,0.0
2025-04-23 11:28:00-04:00,16804.1640625,16804.93359375,16789.59375,16792.25,19272000,0.0,0.0
2025-04-23 11:29:00-04:00,16785.767578125,16799.34765625,16779.21484375,16797.9453125,19684000,0.0,0.0
2025-04-23 11:30:00-04:00,16803.42578125,16813.7578125,16793.884765625,16808.990234375,17106000,0.0,0.0
2025-04-23 11:31:00-04:00,16807.23046875,16807.23046875,16797.08984375,16797.08984375,17963000,0.0,0.0
2025-04-23 11:32:00-04:00,16795.59765625,16795.59765625,16762.974609375,16765.791015625,17938000,0.0,0.0
2025-04-23 11:33:00-04:00,16760.55078125,16775.150390625,16755.89453125,16775.150390625,19921000,0.0,0.0
2025-04-23 11:34:00-04:00,16779.658203125,16802.873046875,16779.658203125,16802.873046875,18523000,0.0,0.0
2025-04-23 11:35:00-04:00,16803.28515625,16805.962890625,16786.435546875,16786.435546875,17554000,0.0,0.0
2025-04-23 11:36:00-04:00,16785.765625,16799.373046875,16778.806640625,16790.115234375,15635000,0.0,0.0
2025-04-23 11:37:00-04:00,16787.8125,16796.25390625,16787.8125,16796.25390625,14178000,0.0,0.0
2025-04-23 11:38:00-04:00,16797.00390625,16809.982421875,16797.00390625,16809.982421875,11248000,0.0,0.0
2025-04-23 11:39:00-04:00,16808.4609375,16818.154296875,16806.740234375,16817.837890625,14601000,0.0,0.0
2025-04-23 11:40:00-04:00,16818.458984375,16830.9453125,16818.458984375,16823.658203125,13713000,0.0,0.0
2025-04-23 11:41:00-04:00,16824.1796875,16830.84375,16822.181640625,16822.181640625,17176000,0.0,0.0
2025-04-23 11:42:00-04:00,16823.365234375,16823.365234375,16803.552734375,16803.552734375,13577000,0.0,0.0
2025-04-23 11:43:00-04:00,16803.94921875,16805.046875,16789.265625,16789.265625,11154000,0.0,0.0
2025-04-23 11:44:00-04:00,16789.486328125,16789.486328125,16780.7109375,16781.08203125,12344000,0.0,0.0
2025-04-23 11:45:00-04:00,16781.244140625,16791.779296875,16776.328125,16787.26171875,13302000,0.0,0.0
2025-04-23 11:46:00-04:00,16790.60546875,16790.60546875,16763.375,16763.623046875,13352000,0.0,0.0
2025-04-23 11:47:00-04:00,16762.607421875,16762.607421875,16752.326171875,16754.078125,13238000,0.0,0.0
2025-04-23 11:48:00-04:00,16752.455078125,16752.455078125,16724.318359375,16724.318359375,16085000,0.0,0.0
2025-04-23 11:49:00-04:00,16724.802734375,16737.24609375,16723.78515625,16724.845703125,16882000,0.0,0.0
2025-04-23 11:50:00-04:00,16725.251953125,16734.455078125,16718.140625,16734.322265625,15525000,0.0,0.0
2025-04-23 11:51:00-04:00,16739.251953125,16739.498046875,16725.369140625,16725.369140625,14237000,0.0,0.0
2025-04-23 11:52:00-04:00,16726.03515625,16726.03515625,16717.287109375,16717.978515625,13521000,0.0,0.0
2025-04-23 11:53:00-04:00,16708.33203125,16717.533203125,16704.3046875,16717.533203125,12356000,0.0,0.0
2025-04-23 11:54:00-04:00,16717.376953125,16743.099609375,16717.376953125,16743.099609375,14272000,0.0,0.0
2025-04-23 11:55:00-04:00,16742.80859375,16763.056640625,16742.80859375,16763.056640625,14848000,0.0,0.0
2025-04-23 11:56:00-04:00,16767.453125,16767.453125,16760.951171875,16767.056640625,16988000,0.0,0.0
2025-04-23 11:57:00-04:00,16765.337890625,16774.388671875,16759.20703125,16774.388671875,16628000,0.0,0.0
2025-04-23 11:58:00-04:00,16772.869140625,16776.126953125,16770.927734375,16771.400390625,16197000,0.0,0.0
2025-04-23 11:59:00-04:00,16770.94921875,16771.25390625,16762.16796875,16766.30078125,13503000,0.0,0.0
2025-04-23 12:00:00-04:00,16765.23828125,16765.23828125,16753.66796875,16757.3203125,14579000,0.0,0.0
2025-04-23 12:01:00-04:00,16749.12890625,16754.994140625,16746.6796875,16746.6796875,16049000,0.0,0.0
2025-04-23 12:02:00-04:00,16745.69921875,16748.80859375,16740.029296875,16741.11328125,11706000,0.0,0.0
2025-04-23 12:03:00-04:00,16742.287109375,16753.103515625,16734.5625,16753.103515625,13608000,0.0,0.0
2025-04-23 12:04:00-04:00,16753.419921875,16758.123046875,16750.998046875,16758.123046875,20322000,0.0,0.0
2025-04-23 12:05:00-04:00,16758.078125,16766.298828125,16752.16796875,16762.583984375,6366000,0.0,0.0
2025-04-23 12:06:00-04:00,16763.01953125,16763.01953125,16738.931640625,16738.931640625,18476000,0.0,0.0
2025-04-23 12:07:00-04:00,16737.041015625,16745.3828125,16736.072265625,16744.7421875,5501000,0.0,0.0
2025-04-23 12:08:00-04:00,16742.259765625,16747.787109375,16734.9375,16734.9375,11811000,0.0,0.0
2025-04-23 12:09:00-04:00,16731.76171875,16731.76171875,16718.6953125,16720.33984375,11900000,0.0,0.0
2025-04-23 12:10:00-04:00,16721.349609375,16740.263671875,16719.11328125,16738.552734375,10985000,0.0,0.0
2025-04-23 12:11:00-04:00,16739.732421875,16747.451171875,16728.22265625,16728.22265625,20278000,0.0,0.0
2025-04-23 12:12:00-04:00,16726.353515625,16728.0390625,16711.232421875,16711.232421875,6045000,0.0,0.0
2025-04-23 12:13:00-04:00,16711.31640625,16726.3203125,16711.31640625,16726.3203125,24124000,0.0,0.0
2025-04-23 12:14:00-04:00,16728.08203125,16734.41015625,16724.2734375,16729.314453125,5986000,0.0,0.0
2025-04-23 12:15:00-04:00,16728.4765625,16731.1484375,16716.166015625,16720.572265625,12408000,0.0,0.0
2025-04-23 12:16:00-04:00,16721.6484375,16722.71484375,16717.263671875,16719.53125,10098000,0.0,0.0
2025-04-23 12:17:00-04:00,16719.892578125,16719.892578125,16711.708984375,16715.0390625,12953000,0.0,0.0
2025-04-23 12:18:00-04:00,16714.724609375,16714.97265625,16694.0,16694.150390625,19509000,0.0,0.0
2025-04-23 12:19:00-04:00,16692.818359375,16692.818359375,16683.416015625,16683.416015625,10572000,0.0,0.0
2025-04-23 12:20:00-04:00,16682.46875,16684.8828125,16671.802734375,16680.642578125,18211000,0.0,0.0
2025-04-23 12:21:00-04:00,16677.951171875,16678.3046875,16663.69921875,16670.259765625,16201000,0.0,0.0
2025-04-23 12:22:00-04:00,16668.93359375,16675.068359375,16668.091796875,16668.43359375,16193000,0.0,0.0
2025-04-23 12:23:00-04:00,16667.1640625,16682.2265625,16667.1640625,16681.23046875,8369000,0.0,0.0
2025-04-23 12:24:00-04:00,16681.421875,16685.486328125,16675.412109375,16677.943359375,13276000,0.0,0.0
2025-04-23 12:25:00-04:00,16678.216796875,16680.791015625,16669.6171875,16677.64453125,6310000,0.0,0.0
2025-04-23 12:26:00-04:00,16677.162109375,16677.259765625,16660.994140625,16661.794921875,11778000,0.0,0.0
2025-04-23 12:27:00-04:00,16661.734375,16684.072265625,16661.734375,16683.685546875,19865000,0.0,0.0
2025-04-23 12:28:00-04:00,16681.306640625,16718.248046875,16681.306640625,16718.248046875,7000000,0.0,0.0
2025-04-23 12:29:00-04:00,16720.689453125,16732.361328125,16720.689453125,16731.5390625,21964000,0.0,0.0
2025-04-23 12:30:00-04:00,16731.4921875,16741.75,16731.4921875,16741.75,6449000,0.0,0.0
2025-04-23 12:31:00-04:00,16742.34765625,16742.490234375,16733.64453125,16737.015625,10771000,0.0,0.0
2025-04-23 12:32:00-04:00,16736.91015625,16736.91015625,16728.78125,16734.34765625,12146000,0.0,0.0
2025-04-23 12:33:00-04:00,16734.498046875,16742.29296875,16734.01171875,16742.29296875,11624000,0.0,0.0
2025-04-23 12:34:00-04:00,16741.361328125,16741.361328125,16730.04296875,16736.162109375,14430000,0.0,0.0
2025-04-23 12:35:00-04:00,16736.96875,16749.263671875,16736.96875,16749.263671875,6403000,0.0,0.0
2025-04-23 12:36:00-04:00,16752.806640625,16763.75,16752.548828125,16763.75,15921000,0.0,0.0
2025-04-23 12:37:00-04:00,16763.212890625,16772.447265625,16763.212890625,16772.447265625,5707000,0.0,0.0
2025-04-23 12:38:00-04:00,16773.115234375,16774.869140625,16767.23046875,16774.044921875,9304000,0.0,0.0
2025-04-23 12:39:00-04:00,16774.5546875,16775.248046875,16770.5078125,16771.50390625,8798000,0.0,0.0
2025-04-23 12:40:00-04:00,16768.55078125,16768.984375,16763.037109375,16768.984375,9918000,0.0,0.0
2025-04-23 12:41:00-04:00,16769.38671875,16769.966796875,16757.88671875,16758.82421875,13481000,0.0,0.0
2025-04-23 12:42:00-04:00,16756.568359375,16757.142578125,16753.203125,16756.576171875,5210000,0.0,0.0
2025-04-23 12:43:00-04:00,16756.91015625,16772.421875,16756.91015625,16768.890625,14508000,0.0,0.0
2025-04-23 12:44:00-04:00,16769.171875,16770.587890625,16767.310546875,16767.310546875,4764000,0.0,0.0
2025-04-23 12:45:00-04:00,16766.634765625,16771.353515625,16761.91796875,16770.818359375,11071000,0.0,0.0
2025-04-23 12:46:00-04:00,16770.83203125,16770.89453125,16757.92578125,16758.990234375,8175000,0.0,0.0
2025-04-23 12:47:00-04:00,16760.205078125,16765.146484375,16758.51953125,16761.34765625,8171000,0.0,0.0
2025-04-23 12:48:00-04:00,16761.3359375,16761.3359375,16745.765625,16745.765625,8559000,0.0,0.0
2025-04-23 12:49:00-04:00,16742.095703125,16742.818359375,16727.234375,16732.603515625,10609000,0.0,0.0
2025-04-23 12:50:00-04:00,16730.6015625,16741.71875,16723.78515625,16732.416015625,16109000,0.0,0.0
2025-04-23 12:51:00-04:00,16732.384765625,16749.861328125,16731.41796875,16748.466796875,5506000,0.0,0.0
2025-04-23 12:52:00-04:00,16749.283203125,16760.513671875,16749.283203125,16752.455078125,9479000,0.0,0.0
2025-04-23 12:53:00-04:00,16753.2578125,16759.111328125,16752.275390625,16759.111328125,7896000,0.0,0.0
2025-04-23 12:54:00-04:00,16759.73046875,16762.779296875,16758.55859375,16760.765625,7526000,0.0,0.0
2025-04-23 12:55:00-04:00,16761.65234375,16777.20703125,16759.267578125,16776.513671875,8263000,0.0,0.0
2025-04-23 12:56:00-04:00,16777.693359375,16792.21484375,16775.96875,16791.349609375,10005000,0.0,0.0
2025-04-23 12:57:00-04:00,16792.42578125,16809.025390625,16790.880859375,16809.025390625,16446000,0.0,0.0
2025-04-23 12:58:00-04:00,16809.86328125,16814.896484375,16807.150390625,16809.033203125,4219000,0.0,0.0
2025-04-23 12:59:00-04:00,16804.994140625,16807.716796875,16803.50390625,16805.26171875,15844000,0.0,0.0
2025-04-23 13:00:00-04:00,16793.66015625,16793.66015625,16751.103515625,16774.09765625,25466000,0.0,0.0
2025-04-23 13:01:00-04:00,16776.05859375,16785.2421875,16773.712890625,16784.41015625,12800000,0.0,0.0
2025-04-23 13:02:00-04:00,16789.654296875,16798.9921875,16787.263671875,16793.765625,14098000,0.0,0.0
2025-04-23 13:03:00-04:00,16793.779296875,16806.369140625,16793.779296875,16803.701171875,4041000,0.0,0.0
2025-04-23 13:04:00-04:00,16802.447265625,16803.984375,16799.9921875,16800.9140625,7780000,0.0,0.0
2025-04-23 13:05:00-04:00,16804.638671875,16807.68359375,16799.716796875,16807.68359375,11664000,0.0,0.0
2025-04-23 13:06:00-04:00,16810.357421875,16812.205078125,16803.3828125,16812.205078125,8598000,0.0,0.0
2025-04-23 13:07:00-04:00,16812.095703125,16814.7890625,16810.861328125,16814.65625,7436000,0.0,0.0
2025-04-23 13:08:00-04:00,16815.5234375,16828.759765625,16815.138671875,16828.759765625,9461000,0.0,0.0
2025-04-23 13:09:00-04:00,16827.578125,16832.25,16824.6328125,16824.6328125,14288000,0.0,0.0
2025-04-23 13:10:00-04:00,16825.30078125,16827.2734375,16821.38671875,16822.4375,4659000,0.0,0.0
2025-04-23 13:11:00-04:00,16823.427734375,16823.427734375,16813.046875,16814.568359375,10980000,0.0,0.0
2025-04-23 13:12:00-04:00,16816.865234375,16823.017578125,16815.53125,16818.091796875,4286000,0.0,0.0
2025-04-23 13:13:00-04:00,16819.404296875,16820.48046875,16813.341796875,16814.052734375,7457000,0.0,0.0
2025-04-23 13:14:00-04:00,16815.7109375,16824.55859375,16815.7109375,16824.55859375,8716000,0.0,0.0
2025-04-23 13:15:00-04:00,16825.0390625,16827.0,16821.826171875,16825.90625,7942000,0.0,0.0
2025-04-23 13:16:00-04:00,16826.8046875,16830.27734375,16823.162109375,16830.27734375,12791000,0.0,0.0
2025-04-23 13:17:00-04:00,16830.958984375,16836.40625,16829.455078125,16836.40625,3496000,0.0,0.0
2025-04-23 13:18:00-04:00,16837.158203125,16837.63671875,16835.51953125,16836.94140625,11398000,0.0,0.0
2025-04-23 13:19:00-04:00,16836.302734375,16840.814453125,16835.2265625,16835.5078125,4130000,0.0,0.0
2025-04-23 13:20:00-04:00,16836.875,16837.185546875,16833.7578125,16836.408203125,7965000,0.0,0.0
2025-04-23 13:21:00-04:00,16837.947265625,16842.474609375,16834.994140625,16842.474609375,7960000,0.0,0.0
2025-04-23 13:22:00-04:00,16842.33984375,16842.33984375,16834.44140625,16836.044921875,6706000,0.0,0.0
2025-04-23 13:23:00-04:00,16835.6796875,16835.734375,16826.078125,16826.078125,10434000,0.0,0.0
2025-04-23 13:24:00-04:00,16825.30859375,16834.8046875,16824.38671875,16834.548828125,4128000,0.0,0.0
2025-04-23 13:25:00-04:00,16833.953125,16844.251953125,16830.853515625,16844.251953125,10492000,0.0,0.0
2025-04-23 13:26:00-04:00,16843.49609375,16845.404296875,16829.19921875,16829.19921875,3050000,0.0,0.0
2025-04-23 13:27:00-04:00,16830.0859375,16843.060546875,16830.0859375,16843.060546875,8085000,0.0,0.0
2025-04-23 13:28:00-04:00,16842.275390625,16842.275390625,16830.576171875,16830.576171875,6517000,0.0,0.0
2025-04-23 13:29:00-04:00,16830.01953125,16830.01953125,16812.330078125,16812.330078125,7444000,0.0,0.0
2025-04-23 13:30:00-04:00,16812.658203125,16825.6328125,16812.658203125,16819.880859375,8412000,0.0,0.0
2025-04-23 13:31:00-04:00,16820.646484375,16826.5,16814.26953125,16814.919921875,5798000,0.0,0.0
2025-04-23 13:32:00-04:00,16814.587890625,16818.099609375,16811.46875,16814.765625,10285000,0.0,0.0
2025-04-23 13:33:00-04:00,16814.884765625,16815.54296875,16800.865234375,16800.865234375,4238000,0.0,0.0
2025-04-23 13:34:00-04:00,16799.576171875,16799.576171875,16790.505859375,16791.46875,10203000,0.0,0.0
2025-04-23 13:35:00-04:00,16791.228515625,16798.51953125,16789.890625,16789.890625,12331000,0.0,0.0
2025-04-23 13:36:00-04:00,16788.111328125,16788.796875,16780.884765625,16787.4921875,3751000,0.0,0.0
2025-04-23 13:37:00-04:00,16785.955078125,16785.955078125,16761.1328125,16761.267578125,14245000,0.0,0.0
2025-04-23 13:38:00-04:00,16761.6875,16767.978515625,16759.021484375,16763.12890625,4286000,0.0,0.0
2025-04-23 13:39:00-04:00,16763.447265625,16767.6796875,16754.1953125,16767.150390625,8673000,0.0,0.0
2025-04-23 13:40:00-04:00,16766.470703125,16771.171875,16761.078125,16762.4140625,11524000,0.0,0.0
2025-04-23 13:41:00-04:00,16762.91796875,16764.419921875,16756.599609375,16762.56640625,7185000,0.0,0.0
2025-04-23 13:42:00-04:00,16762.76953125,16766.21875,16760.76171875,16765.689453125,10053000,0.0,0.0
2025-04-23 13:43:00-04:00,16765.05859375,16777.76171875,16765.05859375,16777.76171875,4145000,0.0,0.0
2025-04-23 13:44:00-04:00,16779.37109375,16790.984375,16778.625,16789.748046875,13396000,0.0,0.0
2025-04-23 13:45:00-04:00,16791.236328125,16792.265625,16774.923828125,16774.923828125,4335000,0.0,0.0
2025-04-23 13:46:00-04:00,16775.3125,16789.568359375,16772.912109375,16786.26953125,7704000,0.0,0.0
2025-04-23 13:47:00-04:00,16786.306640625,16786.306640625,16772.5546875,16776.6796875,8997000,0.0,0.0
2025-04-23 13:48:00-04:00,16776.646484375,16776.865234375,16771.0859375,16771.55859375,6565000,0.0,0.0
2025-04-23 13:49:00-04:00,16771.365234375,16778.171875,16770.587890625,16778.171875,6202000,0.0,0.0
2025-04-23 13:50:00-04:00,16776.59765625,16780.326171875,16775.28125,16776.796875,6078000,0.0,0.0
2025-04-23 13:51:00-04:00,16778.078125,16780.166015625,16771.333984375,16780.166015625,9718000,0.0,0.0
2025-04-23 13:52:00-04:00,16776.70703125,16790.8125,16774.701171875,16790.181640625,3336000,0.0,0.0
2025-04-23 13:53:00-04:00,16790.1640625,16804.78125,16787.615234375,16804.78125,12668000,0.0,0.0
2025-04-23 13:54:00-04:00,16805.353515625,16818.16796875,16805.353515625,16818.16796875,5114000,0.0,0.0
2025-04-23 13:55:00-04:00,16815.98828125,16820.748046875,16815.48828125,16820.353515625,8809000,0.0,0.0
2025-04-23 13:56:00-04:00,16819.9921875,16829.673828125,16819.26171875,16829.673828125,7799000,0.0,0.0
2025-04-23 13:57:00-04:00,16829.56640625,16830.162109375,16826.1640625,16830.162109375,8581000,0.0,0.0
2025-04-23 13:58:00-04:00,16832.14453125,16836.23828125,16828.736328125,16828.736328125,13896000,0.0,0.0
2025-04-23 13:59:00-04:00,16828.88671875,16828.88671875,16817.08203125,16819.10546875,4478000,0.0,0.0
2025-04-23 14:00:00-04:00,16818.4609375,16825.98046875,16814.796875,16822.876953125,14088000,0.0,0.0
2025-04-23 14:01:00-04:00,16822.34375,16824.58984375,16816.443359375,16823.1484375,2634000,0.0,0.0
2025-04-23 14:02:00-04:00,16823.130859375,16823.130859375,16811.228515625,16811.228515625,6341000,0.0,0.0
2025-04-23 14:03:00-04:00,16808.83203125,16809.662109375,16782.412109375,16783.953125,8512000,0.0,0.0
2025-04-23 14:04:00-04:00,16785.77734375,16806.787109375,16785.77734375,16803.25,10138000,0.0,0.0
2025-04-23 14:05:00-04:00,16803.59375,16812.591796875,16803.59375,16809.796875,10911000,0.0,0.0
2025-04-23 14:06:00-04:00,16810.24609375,16810.73046875,16802.212890625,16802.212890625,2945000,0.0,0.0
2025-04-23 14:07:00-04:00,16801.71875,16804.96875,16795.96875,16798.171875,8994000,0.0,0.0
2025-04-23 14:08:00-04:00,16798.591796875,16809.90625,16797.22265625,16809.841796875,2827000,0.0,0.0
2025-04-23 14:09:00-04:00,16809.89453125,16810.65234375,16806.6328125,16809.357421875,6639000,0.0,0.0
2025-04-23 14:10:00-04:00,16809.470703125,16813.482421875,16805.984375,16813.255859375,12605000,0.0,0.0
2025-04-23 14:11:00-04:00,16816.2109375,16824.279296875,16816.2109375,16824.279296875,4810000,0.0,0.0
2025-04-23 14:12:00-04:00,16825.6640625,16830.408203125,16825.4609375,16828.138671875,11193000,0.0,0.0
2025-04-23 14:13:00-04:00,16831.17578125,16837.2109375,16830.333984375,16834.091796875,3950000,0.0,0.0
2025-04-23 14:14:00-04:00,16834.099609375,16834.890625,16805.78125,16817.142578125,9832000,0.0,0.0
2025-04-23 14:15:00-04:00,16817.083984375,16831.96484375,16814.65625,16831.96484375,16606000,0.0,0.0
2025-04-23 14:16:00-04:00,16832.091796875,16839.037109375,16832.091796875,16833.439453125,7270000,0.0,0.0
2025-04-23 14:17:00-04:00,16832.958984375,16834.78125,16825.10546875,16825.10546875,9165000,0.0,0.0
2025-04-23 14:18:00-04:00,16824.828125,16824.828125,16811.380859375,16813.138671875,4950000,0.0,0.0
2025-04-23 14:19:00-04:00,16812.0390625,16820.02734375,16812.0390625,16814.291015625,10082000,0.0,0.0
2025-04-23 14:20:00-04:00,16813.728515625,16828.4140625,16813.140625,16828.4140625,3268000,0.0,0.0
2025-04-23 14:21:00-04:00,16829.302734375,16839.44140625,16829.302734375,16836.740234375,9328000,0.0,0.0
2025-04-23 14:22:00-04:00,16836.86328125,16837.365234375,16830.046875,16830.046875,6503000,0.0,0.0
2025-04-23 14:23:00-04:00,16830.67578125,16830.67578125,16797.515625,16801.2109375,8089000,0.0,0.0
2025-04-23 14:24:00-04:00,16800.78125,16802.43359375,16796.076171875,16802.43359375,11149000,0.0,0.0
2025-04-23 14:25:00-04:00,16798.177734375,16798.177734375,16790.681640625,16790.681640625,3175000,0.0,0.0
2025-04-23 14:26:00-04:00,16790.50390625,16797.556640625,16780.490234375,16787.416015625,12145000,0.0,0.0
2025-04-23 14:27:00-04:00,16787.9375,16792.849609375,16787.9375,16791.00390625,2548000,0.0,0.0
2025-04-23 14:28:00-04:00,16788.568359375,16788.568359375,16775.609375,16776.8046875,6782000,0.0,0.0
2025-04-23 14:29:00-04:00,16777.177734375,16777.177734375,16767.638671875,16772.337890625,12684000,0.0,0.0
2025-04-23 14:30:00-04:00,16776.654296875,16782.365234375,16773.189453125,16782.14453125,5089000,0.0,0.0
2025-04-23 14:31:00-04:00,16782.00390625,16794.46875,16774.947265625,16794.46875,12643000,0.0,0.0
2025-04-23 14:32:00-04:00,16800.697265625,16803.37890625,16799.65625,16799.65625,4806000,0.0,0.0
2025-04-23 14:33:00-04:00,16799.8828125,16799.8828125,16784.62109375,16791.732421875,6978000,0.0,0.0
2025-04-23 14:34:00-04:00,16791.306640625,16791.306640625,16782.361328125,16785.869140625,6611000,0.0,0.0
2025-04-23 14:35:00-04:00,16788.154296875,16789.447265625,16782.841796875,16785.189453125,6683000,0.0,0.0
2025-04-23 14:36:00-04:00,16785.3359375,16786.94140625,16780.1171875,16781.912109375,10208000,0.0,0.0
2025-04-23 14:37:00-04:00,16783.283203125,16790.9921875,16779.0234375,16779.0234375,3959000,0.0,0.0
2025-04-23 14:38:00-04:00,16782.701171875,16785.80078125,16781.060546875,16782.5703125,11588000,0.0,0.0
2025-04-23 14:39:00-04:00,16782.6796875,16789.875,16782.564453125,16788.154296875,3409000,0.0,0.0
2025-04-23 14:40:00-04:00,16788.244140625,16788.453125,16774.6484375,16778.595703125,8158000,0.0,0.0
2025-04-23 14:41:00-04:00,16778.662109375,16779.1015625,16773.361328125,16779.1015625,7001000,0.0,0.0
2025-04-23 14:42:00-04:00,16775.603515625,16777.341796875,16769.90234375,16776.99609375,6723000,0.0,0.0
2025-04-23 14:43:00-04:00,16776.65234375,16776.65234375,16765.15625,16766.857421875,9151000,0.0,0.0
2025-04-23 14:44:00-04:00,16765.1953125,16767.1640625,16754.62890625,16754.62890625,3821000,0.0,0.0
2025-04-23 14:45:00-04:00,16755.19140625,16761.318359375,16748.029296875,16761.318359375,9812000,0.0,0.0
2025-04-23 14:46:00-04:00,16760.912109375,16762.423828125,16754.89453125,16755.666015625,8454000,0.0,0.0
2025-04-23 14:47:00-04:00,16755.845703125,16772.7109375,16755.845703125,16772.7109375,6855000,0.0,0.0
2025-04-23 14:48:00-04:00,16773.587890625,16778.33984375,16772.955078125,16775.3671875,12181000,0.0,0.0
2025-04-23 14:49:00-04:00,16775.115234375,16776.18359375,16772.689453125,16775.51953125,3373000,0.0,0.0
2025-04-23 14:50:00-04:00,16775.55078125,16777.068359375,16760.1328125,16762.7578125,14527000,0.0,0.0
2025-04-23 14:51:00-04:00,16763.03125,16763.693359375,16756.93359375,16757.142578125,3508000,0.0,0.0
2025-04-23 14:52:00-04:00,16756.62109375,16763.548828125,16754.59765625,16760.36328125,10309000,0.0,0.0
2025-04-23 14:53:00-04:00,16759.962890625,16760.54296875,16749.03125,16749.8671875,7960000,0.0,0.0
2025-04-23 14:54:00-04:00,16749.751953125,16752.197265625,16746.900390625,16751.51953125,8808000,0.0,0.0
2025-04-23 14:55:00-04:00,16753.1484375,16768.521484375,16750.263671875,16768.166015625,13068000,0.0,0.0
2025-04-23 14:56:00-04:00,16764.88671875,16787.71875,16764.88671875,16787.71875,6203000,0.0,0.0
2025-04-23 14:57:00-04:00,16789.9453125,16789.9453125,16778.373046875,16778.373046875,12171000,0.0,0.0
2025-04-23 14:58:00-04:00,16780.21875,16789.734375,16780.21875,16786.423828125,4422000,0.0,0.0
2025-04-23 14:59:00-04:00,16786.095703125,16786.095703125,16763.85546875,16763.85546875,6573000,0.0,0.0
2025-04-23 15:00:00-04:00,16765.8828125,16779.203125,16761.826171875,16772.3203125,11713000,0.0,0.0
2025-04-23 15:01:00-04:00,16772.583984375,16777.265625,16757.59765625,16757.59765625,9531000,0.0,0.0
2025-04-23 15:02:00-04:00,16757.958984375,16760.193359375,16741.01953125,16742.60546875,18500000,0.0,0.0
2025-04-23 15:03:00-04:00,16739.333984375,16748.9375,16739.333984375,16743.724609375,6704000,0.0,0.0
2025-04-23 15:04:00-04:00,16740.49609375,16740.646484375,16723.923828125,16726.20703125,13973000,0.0,0.0
2025-04-23 15:05:00-04:00,16727.017578125,16745.4453125,16727.017578125,16736.84765625,5861000,0.0,0.0
2025-04-23 15:06:00-04:00,16737.375,16749.171875,16736.716796875,16743.025390625,8817000,0.0,0.0
2025-04-23 15:07:00-04:00,16742.439453125,16743.19921875,16733.57421875,16743.19921875,8110000,0.0,0.0
2025-04-23 15:08:00-04:00,16747.0859375,16753.142578125,16746.390625,16748.716796875,9175000,0.0,0.0
2025-04-23 15:09:00-04:00,16749.14453125,16749.14453125,16735.939453125,16737.798828125,7745000,0.0,0.0
2025-04-23 15:10:00-04:00,16737.927734375,16743.3125,16731.923828125,16739.111328125,10296000,0.0,0.0
2025-04-23 15:11:00-04:00,16739.05078125,16750.931640625,16733.28515625,16749.1875,13873000,0.0,0.0
2025-04-23 15:12:00-04:00,16748.390625,16748.390625,16735.474609375,16735.474609375,4816000,0.0,0.0
2025-04-23 15:13:00-04:00,16736.166015625,16738.966796875,16729.72265625,16736.38671875,15300000,0.0,0.0
2025-04-23 15:14:00-04:00,16737.20703125,16737.20703125,16725.5546875,16729.1796875,5976000,0.0,0.0
2025-04-23 15:15:00-04:00,16729.169921875,16731.873046875,16714.359375,16714.359375,11121000,0.0,0.0
2025-04-23 15:16:00-04:00,16715.0390625,16720.95703125,16714.267578125,16716.318359375,10883000,0.0,0.0
2025-04-23 15:17:00-04:00,16722.59765625,16724.333984375,16710.2578125,16721.875,11771000,0.0,0.0
2025-04-23 15:18:00-04:00,16722.423828125,16723.607421875,16711.66015625,16715.025390625,14537000,0.0,0.0
2025-04-23 15:19:00-04:00,16714.501953125,16715.513671875,16708.005859375,16711.564453125,4508000,0.0,0.0
2025-04-23 15:20:00-04:00,16714.150390625,16714.150390625,16697.13671875,16702.072265625,9791000,0.0,0.0
2025-04-23 15:21:00-04:00,16701.91015625,16706.890625,16694.888671875,16706.173828125,12205000,0.0,0.0
2025-04-23 15:22:00-04:00,16706.35546875,16706.35546875,16682.134765625,16684.123046875,12484000,0.0,0.0
2025-04-23 15:23:00-04:00,16683.662109375,16687.369140625,16676.50390625,16676.50390625,13809000,0.0,0.0
2025-04-23 15:24:00-04:00,16677.947265625,16686.244140625,16676.681640625,16677.19921875,13263000,0.0,0.0
2025-04-23 15:25:00-04:00,16676.412109375,16677.134765625,16667.341796875,16669.431640625,10833000,0.0,0.0
2025-04-23 15:26:00-04:00,16670.892578125,16684.6640625,16670.1953125,16683.98046875,18944000,0.0,0.0
2025-04-23 15:27:00-04:00,16683.642578125,16690.416015625,16675.423828125,16690.416015625,6474000,0.0,0.0
2025-04-23 15:28:00-04:00,16691.064453125,16701.09765625,16684.53125,16684.53125,21303000,0.0,0.0
2025-04-23 15:29:00-04:00,16682.96875,16683.296875,16674.94921875,16683.15625,5942000,0.0,0.0
2025-04-23 15:30:00-04:00,16684.0703125,16689.548828125,16678.66015625,16689.548828125,12639000,0.0,0.0
2025-04-23 15:31:00-04:00,16691.845703125,16710.341796875,16691.845703125,16710.341796875,14728000,0.0,0.0
2025-04-23 15:32:00-04:00,16711.29296875,16712.212890625,16697.498046875,16697.498046875,12845000,0.0,0.0
2025-04-23 15:33:00-04:00,16697.716796875,16710.02734375,16693.5625,16710.02734375,19635000,0.0,0.0
2025-04-23 15:34:00-04:00,16705.015625,16705.015625,16685.111328125,16687.01171875,6821000,0.0,0.0
2025-04-23 15:35:00-04:00,16685.052734375,16685.96484375,16658.072265625,16660.03125,15920000,0.0,0.0
2025-04-23 15:36:00-04:00,16660.693359375,16660.693359375,16647.767578125,16649.67578125,15462000,0.0,0.0
2025-04-23 15:37:00-04:00,16650.478515625,16660.494140625,16646.046875,16647.029296875,12860000,0.0,0.0
2025-04-23 15:38:00-04:00,16646.95703125,16654.087890625,16643.310546875,16643.310546875,14367000,0.0,0.0
2025-04-23 15:39:00-04:00,16643.5078125,16651.740234375,16642.6640625,16651.740234375,16077000,0.0,0.0
2025-04-23 15:40:00-04:00,16650.369140625,16663.6015625,16648.001953125,16663.236328125,14352000,0.0,0.0
2025-04-23 15:41:00-04:00,16661.875,16675.8046875,16661.875,16668.67578125,21662000,0.0,0.0
2025-04-23 15:42:00-04:00,16666.162109375,16680.52734375,16660.046875,16666.025390625,8614000,0.0,0.0
2025-04-23 15:43:00-04:00,16662.296875,16662.96484375,16654.0234375,16659.447265625,22709000,0.0,0.0
2025-04-23 15:44:00-04:00,16661.08984375,16666.42578125,16656.763671875,16666.42578125,7988000,0.0,0.0
2025-04-23 15:45:00-04:00,16666.716796875,16680.978515625,16666.716796875,16677.94921875,16870000,0.0,0.0
2025-04-23 15:46:00-04:00,16679.626953125,16680.103515625,16653.73828125,16659.787109375,18436000,0.0,0.0
2025-04-23 15:47:00-04:00,16659.359375,16676.958984375,16659.359375,16674.546875,16778000,0.0,0.0
2025-04-23 15:48:00-04:00,16673.8359375,16685.9453125,16673.19140625,16682.705078125,24369000,0.0,0.0
2025-04-23 15:49:00-04:00,16685.255859375,16691.228515625,16679.486328125,16689.626953125,7901000,0.0,0.0
2025-04-23 15:50:00-04:00,16724.38671875,16732.923828125,16715.580078125,16724.15234375,34709000,0.0,0.0
2025-04-23 15:51:00-04:00,16726.263671875,16726.263671875,16710.41015625,16713.107421875,14231000,0.0,0.0
2025-04-23 15:52:00-04:00,16708.3359375,16730.4375,16701.8515625,16730.4375,27621000,0.0,0.0
2025-04-23 15:53:00-04:00,16733.59765625,16734.876953125,16727.205078125,16731.341796875,33093000,0.0,0.0
2025-04-23 15:54:00-04:00,16736.21875,16749.130859375,16731.623046875,16748.04296875,13054000,0.0,0.0
2025-04-23 15:55:00-04:00,16742.505859375,16742.505859375,16731.94921875,16738.94921875,41989000,0.0,0.0
2025-04-23 15:56:00-04:00,16741.404296875,16741.404296875,16723.603515625,16728.646484375,13646000,0.0,0.0
2025-04-23 15:57:00-04:00,16728.662109375,16729.873046875,16718.296875,16725.333984375,26647000,0.0,0.0
2025-04-23 15:58:00-04:00,16726.5078125,16729.26953125,16724.646484375,16725.31640625,27332000,0.0,0.0
2025-04-23 15:59:00-04:00,16724.423828125,16730.23046875,16704.21875,16704.21875,27799000,0.0,0.0
2025-04-24 09:30:00-04:00,16755.083984375,16755.083984375,16747.62109375,16750.615234375,0,0.0,0.0
2025-04-24 09:31:00-04:00,16758.61328125,16778.740234375,16758.61328125,16778.740234375,39355971,0.0,0.0
2025-04-24 09:32:00-04:00,16775.189453125,16781.10546875,16759.796875,16759.796875,34880338,0.0,0.0
2025-04-24 09:33:00-04:00,16753.23828125,16767.943359375,16751.5625,16760.685546875,38863858,0.0,0.0
2025-04-24 09:34:00-04:00,16764.791015625,16776.107421875,16762.5546875,16776.107421875,31811660,0.0,0.0
2025-04-24 09:35:00-04:00,16774.97265625,16774.97265625,16755.533203125,16755.533203125,30630158,0.0,0.0
2025-04-24 09:36:00-04:00,16751.765625,16769.09375,16751.765625,16768.345703125,28369291,0.0,0.0
2025-04-24 09:37:00-04:00,16772.396484375,16776.5859375,16772.396484375,16776.48828125,25645520,0.0,0.0
2025-04-24 09:38:00-04:00,16779.029296875,16780.955078125,16761.58984375,16772.298828125,25011376,0.0,0.0
2025-04-24 09:39:00-04:00,16775.216796875,16785.0390625,16775.216796875,16784.87109375,26475906,0.0,0.0
2025-04-24 09:40:00-04:00,16787.37109375,16801.62109375,16787.1796875,16799.8984375,25391000,0.0,0.0
2025-04-24 09:41:00-04:00,16798.546875,16813.22265625,16796.556640625,16813.22265625,32349000,0.0,0.0
2025-04-24 09:42:00-04:00,16816.900390625,16820.361328125,16814.783203125,16817.67578125,23745000,0.0,0.0
2025-04-24 09:43:00-04:00,16816.85546875,16830.90234375,16816.13671875,16828.978515625,23987000,0.0,0.0
2025-04-24 09:44:00-04:00,16831.5078125,16831.5078125,16821.015625,16825.515625,23457000,0.0,0.0
2025-04-24 09:45:00-04:00,16830.298828125,16840.716796875,16830.298828125,16840.630859375,23485000,0.0,0.0
2025-04-24 09:46:00-04:00,16840.3359375,16858.404296875,16839.77734375,16852.126953125,23289000,0.0,0.0
2025-04-24 09:47:00-04:00,16850.234375,16863.59375,16850.234375,16851.71875,26074000,0.0,0.0
2025-04-24 09:48:00-04:00,16853.57421875,16853.57421875,16833.365234375,16835.158203125,22182000,0.0,0.0
2025-04-24 09:49:00-04:00,16835.677734375,16850.00390625,16833.26171875,16850.00390625,24356000,0.0,0.0
2025-04-24 09:50:00-04:00,16849.27734375,16856.16796875,16846.591796875,16852.16015625,20757000,0.0,0.0
2025-04-24 09:51:00-04:00,16849.87890625,16854.626953125,16844.83203125,16854.626953125,19983000,0.0,0.0
2025-04-24 09:52:00-04:00,16855.21484375,16860.705078125,16855.21484375,16856.75,19509000,0.0,0.0
2025-04-24 09:53:00-04:00,16856.140625,16867.2890625,16856.140625,16867.2890625,19707000,0.0,0.0
2025-04-24 09:54:00-04:00,16867.38671875,16869.279296875,16863.77734375,16867.537109375,21863000,0.0,0.0
2025-04-24 09:55:00-04:00,16866.74609375,16866.74609375,16856.5234375,16862.923828125,24918000,0.0,0.0
2025-04-24 09:56:00-04:00,16860.54296875,16875.439453125,16859.541015625,16875.328125,19398000,0.0,0.0
2025-04-24 09:57:00-04:00,16881.794921875,16896.05078125,16881.794921875,16896.05078125,21120000,0.0,0.0
2025-04-24 09:58:00-04:00,16894.4140625,16911.298828125,16894.4140625,16910.943359375,19147000,0.0,0.0
2025-04-24 09:59:00-04:00,16914.3984375,16920.744140625,16914.3984375,16917.99609375,21791000,0.0,0.0
2025-04-24 10:00:00-04:00,16919.11328125,16925.853515625,16917.7265625,16925.853515625,21985000,0.0,0.0
2025-04-24 10:01:00-04:00,16925.326171875,16932.958984375,16925.326171875,16932.142578125,25854000,0.0,0.0
2025-04-24 10:02:00-04:00,16933.501953125,16934.064453125,16927.375,16927.375,22846000,0.0,0.0
2025-04-24 10:03:00-04:00,16923.962890625,16926.125,16914.376953125,16920.8984375,21036000,0.0,0.0
2025-04-24 10:04:00-04:00,16922.900390625,16924.451171875,16916.892578125,16921.259765625,23543000,0.0,0.0
2025-04-24 10:05:00-04:00,16927.037109375,16934.97265625,16926.583984375,16934.251953125,21447000,0.0,0.0
2025-04-24 10:06:00-04:00,16935.27734375,16941.720703125,16935.27734375,16938.28125,21777000,0.0,0.0
2025-04-24 10:07:00-04:00,16937.630859375,16943.046875,16935.048828125,16943.046875,21539000,0.0,0.0
2025-04-24 10:08:00-04:00,16943.15625,16956.759765625,16942.849609375,16953.099609375,21466000,0.0,0.0
2025-04-24 10:09:00-04:00,16949.814453125,16955.00390625,16949.814453125,16954.345703125,16804000,0.0,0.0
2025-04-24 10:10:00-04:00,16950.59765625,16950.59765625,16924.732421875,16924.732421875,18521000,0.0,0.0
2025-04-24 10:11:00-04:00,16922.84765625,16928.4140625,16918.4921875,16918.4921875,18977000,0.0,0.0
2025-04-24 10:12:00-04:00,16925.03125,16927.421875,16914.39453125,16914.39453125,19244000,0.0,0.0
2025-04-24 10:13:00-04:00,16912.5546875,16927.64453125,16912.5546875,16927.64453125,19629000,0.0,0.0
2025-04-24 10:14:00-04:00,16926.84375,16936.037109375,16926.84375,16933.880859375,19545000,0.0,0.0
2025-04-24 10:15:00-04:00,16933.32421875,16936.484375,16929.525390625,16932.32421875,20176000,0.0,0.0
2025-04-24 10:16:00-04:00,16933.705078125,16939.9453125,16927.197265625,16927.197265625,18634000,0.0,0.0
2025-04-24 10:17:00-04:00,16925.09375,16925.09375,16918.712890625,16924.390625,18961000,0.0,0.0
2025-04-24 10:18:00-04:00,16920.931640625,16928.7890625,16916.677734375,16928.7890625,18353000,0.0,0.0
2025-04-24 10:19:00-04:00,16933.08984375,16944.970703125,16933.08984375,16942.234375,19887000,0.0,0.0
2025-04-24 10:20:00-04:00,16942.955078125,16953.873046875,16942.955078125,16953.873046875,18371000,0.0,0.0
2025-04-24 10:21:00-04:00,16952.32421875,16954.3515625,16947.869140625,16951.5,16315000,0.0,0.0
2025-04-24 10:22:00-04:00,16953.2734375,16969.2109375,16953.2734375,16967.78125,16524000,0.0,0.0
2025-04-24 10:23:00-04:00,16964.8984375,16970.197265625,16962.955078125,16969.37890625,20608000,0.0,0.0
2025-04-24 10:24:00-04:00,16968.92578125,16971.755859375,16965.39453125,16967.390625,16657000,0.0,0.0
2025-04-24 10:25:00-04:00,16968.20703125,16970.5546875,16961.8359375,16962.015625,16047000,0.0,0.0
2025-04-24 10:26:00-04:00,16964.7265625,16964.7265625,16954.435546875,16963.12890625,18961000,0.0,0.0
2025-04-24 10:27:00-04:00,16961.791015625,16980.224609375,16961.791015625,16980.224609375,20448000,0.0,0.0
2025-04-24 10:28:00-04:00,16982.755859375,16987.087890625,16982.166015625,16985.716796875,15981000,0.0,0.0
2025-04-24 10:29:00-04:00,16988.453125,16992.6953125,16986.125,16992.6953125,21491000,0.0,0.0
2025-04-24 10:30:00-04:00,16988.953125,16992.802734375,16986.357421875,16989.537109375,14455000,0.0,0.0
2025-04-24 10:31:00-04:00,16990.802734375,16993.380859375,16987.33984375,16987.33984375,13850000,0.0,0.0
2025-04-24 10:32:00-04:00,16985.625,16996.853515625,16985.625,16993.255859375,15674000,0.0,0.0
2025-04-24 10:33:00-04:00,16997.451171875,16999.802734375,16992.42578125,16992.42578125,13955000,0.0,0.0
2025-04-24 10:34:00-04:00,16993.42578125,17002.634765625,16992.947265625,17002.634765625,14168000,0.0,0.0
2025-04-24 10:35:00-04:00,17005.580078125,17007.62109375,16996.78515625,17002.5859375,15045000,0.0,0.0
2025-04-24 10:36:00-04:00,17001.0,17014.453125,17001.0,17010.6875,21321000,0.0,0.0
2025-04-24 10:37:00-04:00,17010.40234375,17020.509765625,17007.83984375,17020.509765625,14778000,0.0,0.0
2025-04-24 10:38:00-04:00,17025.3671875,17027.18359375,17011.421875,17011.421875,24288000,0.0,0.0
2025-04-24 10:39:00-04:00,17010.5234375,17010.5234375,17002.14453125,17005.80859375,19682000,0.0,0.0
2025-04-24 10:40:00-04:00,17005.11328125,17010.05859375,17005.083984375,17006.96484375,18584000,0.0,0.0
2025-04-24 10:41:00-04:00,17007.564453125,17008.48046875,17003.998046875,17007.333984375,16755000,0.0,0.0
2025-04-24 10:42:00-04:00,17006.1484375,17006.1484375,16999.111328125,17002.86328125,13949000,0.0,0.0
2025-04-24 10:43:00-04:00,17000.984375,17000.984375,16978.05859375,16983.240234375,16878000,0.0,0.0
2025-04-24 10:44:00-04:00,16982.95703125,16985.8515625,16971.619140625,16972.330078125,22587000,0.0,0.0
2025-04-24 10:45:00-04:00,16975.83984375,16978.763671875,16970.72265625,16970.72265625,18589000,0.0,0.0
2025-04-24 10:46:00-04:00,16970.197265625,16975.6015625,16970.197265625,16975.525390625,16810000,0.0,0.0
2025-04-24 10:47:00-04:00,16977.08984375,16977.08984375,16957.037109375,16957.037109375,16520000,0.0,0.0
2025-04-24 10:48:00-04:00,16957.322265625,16957.322265625,16951.189453125,16953.513671875,17012000,0.0,0.0
2025-04-24 10:49:00-04:00,16956.578125,16972.8046875,16956.578125,16972.8046875,15837000,0.0,0.0
2025-04-24 10:50:00-04:00,16974.982421875,16979.91796875,16971.326171875,16973.83203125,14529000,0.0,0.0
2025-04-24 10:51:00-04:00,16973.8671875,16984.34375,16973.8671875,16980.603515625,14197000,0.0,0.0
2025-04-24 10:52:00-04:00,16982.24609375,16982.24609375,16963.400390625,16963.400390625,14500000,0.0,0.0
2025-04-24 10:53:00-04:00,16962.953125,16971.1328125,16960.2890625,16971.1328125,13315000,0.0,0.0
2025-04-24 10:54:00-04:00,16971.0234375,16983.916015625,16971.0234375,16981.46875,12945000,0.0,0.0
2025-04-24 10:55:00-04:00,16980.658203125,16988.73046875,16980.658203125,16988.73046875,13478000,0.0,0.0
2025-04-24 10:56:00-04:00,16989.798828125,16991.76171875,16986.365234375,16991.76171875,11832000,0.0,0.0
2025-04-24 10:57:00-04:00,16991.173828125,16994.0703125,16990.703125,16992.890625,15912000,0.0,0.0
2025-04-24 10:58:00-04:00,16994.765625,16994.765625,16985.166015625,16989.017578125,15395000,0.0,0.0
2025-04-24 10:59:00-04:00,16986.7109375,16989.513671875,16984.833984375,16988.7109375,15604000,0.0,0.0
2025-04-24 11:00:00-04:00,16989.54296875,16993.44140625,16984.6328125,16991.673828125,19350000,0.0,0.0
2025-04-24 11:01:00-04:00,16991.740234375,16991.87890625,16987.501953125,16987.501953125,22849000,0.0,0.0
2025-04-24 11:02:00-04:00,16984.265625,16984.265625,16977.6953125,16978.833984375,22756000,0.0,0.0
2025-04-24 11:03:00-04:00,16978.15234375,16978.15234375,16975.65625,16975.65625,17426000,0.0,0.0
2025-04-24 11:04:00-04:00,16979.05859375,17000.2734375,16979.05859375,17000.2734375,21871000,0.0,0.0
2025-04-24 11:05:00-04:00,17002.39453125,17008.884765625,16999.3359375,17008.884765625,17714000,0.0,0.0
2025-04-24 11:06:00-04:00,17009.3046875,17013.3984375,17007.373046875,17009.341796875,14778000,0.0,0.0
2025-04-24 11:07:00-04:00,17009.171875,17012.71484375,17008.015625,17009.134765625,15160000,0.0,0.0
2025-04-24 11:08:00-04:00,17010.4765625,17013.7734375,17009.5625,17010.19140625,12856000,0.0,0.0
2025-04-24 11:09:00-04:00,17011.232421875,17015.916015625,17011.232421875,17012.849609375,15301000,0.0,0.0
2025-04-24 11:10:00-04:00,17012.513671875,17019.556640625,17012.513671875,17017.716796875,18088000,0.0,0.0
2025-04-24 11:11:00-04:00,17017.771484375,17035.759765625,17017.771484375,17035.759765625,18859000,0.0,0.0
2025-04-24 11:12:00-04:00,17036.5390625,17038.8203125,17032.8828125,17032.8828125,19636000,0.0,0.0
2025-04-24 11:13:00-04:00,17033.98828125,17042.35546875,17033.685546875,17042.271484375,19388000,0.0,0.0
2025-04-24 11:14:00-04:00,17041.01953125,17046.2421875,17036.94921875,17036.94921875,15848000,0.0,0.0
2025-04-24 11:15:00-04:00,17036.392578125,17042.2734375,17034.798828125,17042.099609375,19361000,0.0,0.0
2025-04-24 11:16:00-04:00,17041.296875,17041.9453125,17038.44921875,17039.328125,15004000,0.0,0.0
2025-04-24 11:17:00-04:00,17039.705078125,17040.40234375,17037.521484375,17038.529296875,15386000,0.0,0.0
2025-04-24 11:18:00-04:00,17037.564453125,17041.740234375,17033.333984375,17033.333984375,19271000,0.0,0.0
2025-04-24 11:19:00-04:00,17029.814453125,17029.962890625,17023.875,17023.875,16086000,0.0,0.0
2025-04-24 11:20:00-04:00,17022.15234375,17026.74609375,17021.69921875,17026.24609375,16061000,0.0,0.0
2025-04-24 11:21:00-04:00,17023.658203125,17026.908203125,17021.220703125,17023.466796875,15300000,0.0,0.0
2025-04-24 11:22:00-04:00,17024.01171875,17024.01171875,17020.755859375,17020.755859375,12656000,0.0,0.0
2025-04-24 11:23:00-04:00,17018.515625,17018.515625,17002.236328125,17003.37890625,13356000,0.0,0.0
2025-04-24 11:24:00-04:00,17002.197265625,17011.119140625,17002.197265625,17011.119140625,11888000,0.0,0.0
2025-04-24 11:25:00-04:00,17010.70703125,17010.75,17002.1796875,17005.23828125,11362000,0.0,0.0
2025-04-24 11:26:00-04:00,17007.57421875,17014.447265625,17007.57421875,17014.447265625,14767000,0.0,0.0
2025-04-24 11:27:00-04:00,17015.486328125,17019.6015625,17006.6953125,17006.6953125,14013000,0.0,0.0
2025-04-24 11:28:00-04:00,17003.76171875,17003.76171875,16988.224609375,16997.6328125,15575000,0.0,0.0
2025-04-24 11:29:00-04:00,17001.501953125,17006.099609375,16996.611328125,16996.611328125,14464000,0.0,0.0
2025-04-24 11:30:00-04:00,16998.001953125,16998.001953125,16980.9921875,16984.41796875,13668000,0.0,0.0
2025-04-24 11:31:00-04:00,16984.779296875,16989.435546875,16981.546875,16988.806640625,13429000,0.0,0.0
2025-04-24 11:32:00-04:00,16984.935546875,16990.013671875,16980.279296875,16990.013671875,13514000,0.0,0.0
2025-04-24 11:33:00-04:00,16992.7421875,16999.3125,16992.7421875,16998.23828125,13050000,0.0,0.0
2025-04-24 11:34:00-04:00,16999.263671875,17009.408203125,16999.263671875,17009.408203125,13985000,0.0,0.0
2025-04-24 11:35:00-04:00,17009.50390625,17009.50390625,17001.80078125,17008.27734375,13424000,0.0,0.0
2025-04-24 11:36:00-04:00,17008.44921875,17010.8984375,17008.44921875,17010.375,10722000,0.0,0.0
2025-04-24 11:37:00-04:00,17010.89453125,17012.103515625,17008.09765625,17008.09765625,10993000,0.0,0.0
2025-04-24 11:38:00-04:00,17007.72265625,17019.109375,17007.72265625,17018.173828125,12190000,0.0,0.0
2025-04-24 11:39:00-04:00,17018.666015625,17020.861328125,17014.1015625,17014.42578125,9861000,0.0,0.0
2025-04-24 11:40:00-04:00,17013.841796875,17023.55078125,17013.841796875,17014.328125,11451000,0.0,0.0
2025-04-24 11:41:00-04:00,17015.615234375,17015.615234375,17012.12109375,17015.271484375,11354000,0.0,0.0
2025-04-24 11:42:00-04:00,17018.2421875,17018.779296875,17005.41796875,17007.904296875,11895000,0.0,0.0
2025-04-24 11:43:00-04:00,17009.103515625,17009.3125,17004.458984375,17004.458984375,11677000,0.0,0.0
2025-04-24 11:44:00-04:00,17007.21484375,17009.06640625,17003.875,17003.875,12699000,0.0,0.0
2025-04-24 11:45:00-04:00,17003.072265625,17005.431640625,16997.21484375,17005.23046875,10878000,0.0,0.0
2025-04-24 11:46:00-04:00,17005.146484375,17009.640625,16999.740234375,17009.640625,12421000,0.0,0.0
2025-04-24 11:47:00-04:00,17009.267578125,17009.638671875,17006.2734375,17009.447265625,12671000,0.0,0.0
2025-04-24 11:48:00-04:00,17010.1796875,17013.744140625,16999.16796875,17013.744140625,12260000,0.0,0.0
2025-04-24 11:49:00-04:00,17013.35546875,17017.189453125,17011.845703125,17016.73828125,15379000,0.0,0.0
2025-04-24 11:50:00-04:00,17017.2734375,17017.791015625,17006.85546875,17006.85546875,11620000,0.0,0.0
2025-04-24 11:51:00-04:00,17008.59375,17013.861328125,17008.59375,17013.203125,10454000,0.0,0.0
2025-04-24 11:52:00-04:00,17014.486328125,17029.37890625,17014.486328125,17029.37890625,12731000,0.0,0.0
2025-04-24 11:53:00-04:00,17028.162109375,17039.427734375,17028.12890625,17039.427734375,11329000,0.0,0.0
2025-04-24 11:54:00-04:00,17042.107421875,17046.232421875,17042.046875,17045.14453125,14076000,0.0,0.0
2025-04-24 11:55:00-04:00,17044.953125,17050.59375,17044.228515625,17050.59375,11634000,0.0,0.0
2025-04-24 11:56:00-04:00,17051.0390625,17051.43359375,17027.470703125,17027.470703125,12265000,0.0,0.0
2025-04-24 11:57:00-04:00,17023.12890625,17028.49609375,17015.078125,17025.095703125,15504000,0.0,0.0
2025-04-24 11:58:00-04:00,17024.7734375,17024.7734375,17017.28125,17019.140625,10931000,0.0,0.0
2025-04-24 11:59:00-04:00,17018.802734375,17018.802734375,17003.869140625,17008.048828125,13105000,0.0,0.0
2025-04-24 12:00:00-04:00,17008.365234375,17014.072265625,17008.365234375,17010.376953125,14080000,0.0,0.0
2025-04-24 12:01:00-04:00,17011.556640625,17014.9140625,17007.47265625,17007.47265625,11067000,0.0,0.0
2025-04-24 12:02:00-04:00,17007.57421875,17010.6640625,16999.25390625,17010.6640625,11029000,0.0,0.0
2025-04-24 12:03:00-04:00,17010.609375,17010.75390625,17006.4140625,17010.75390625,13727000,0.0,0.0
2025-04-24 12:04:00-04:00,17010.83203125,17019.259765625,17010.83203125,17014.482421875,11919000,0.0,0.0
2025-04-24 12:05:00-04:00,17014.21875,17014.259765625,17003.0,17003.8046875,12449000,0.0,0.0
2025-04-24 12:06:00-04:00,17004.30859375,17007.171875,17000.95703125,17001.17578125,19003000,0.0,0.0
2025-04-24 12:07:00-04:00,17001.755859375,17003.263671875,16995.7265625,16996.44140625,8163000,0.0,0.0
2025-04-24 12:08:00-04:00,16996.40625,17002.029296875,16995.685546875,16995.685546875,16337000,0.0,0.0
2025-04-24 12:09:00-04:00,16996.62109375,16996.65234375,16991.365234375,16995.482421875,4952000,0.0,0.0
2025-04-24 12:10:00-04:00,16995.34375,17001.89453125,16995.197265625,17001.287109375,10921000,0.0,0.0
2025-04-24 12:11:00-04:00,17001.576171875,17005.5546875,17000.490234375,17005.38671875,9825000,0.0,0.0
2025-04-24 12:12:00-04:00,17008.85546875,17016.689453125,17008.85546875,17016.689453125,10000000,0.0,0.0
2025-04-24 12:13:00-04:00,17016.791015625,17025.21484375,17016.791015625,17024.26171875,16266000,0.0,0.0
2025-04-24 12:14:00-04:00,17024.166015625,17028.802734375,17024.166015625,17026.607421875,5440000,0.0,0.0
2025-04-24 12:15:00-04:00,17027.4453125,17033.60546875,17025.685546875,17033.60546875,10793000,0.0,0.0
2025-04-24 12:16:00-04:00,17033.927734375,17040.171875,17033.09375,17038.525390625,9370000,0.0,0.0
2025-04-24 12:17:00-04:00,17039.3828125,17055.212890625,17039.3828125,17053.69921875,12419000,0.0,0.0
2025-04-24 12:18:00-04:00,17053.52734375,17055.537109375,17050.66796875,17051.673828125,11484000,0.0,0.0
2025-04-24 12:19:00-04:00,17052.248046875,17053.369140625,17049.29296875,17051.388671875,13958000,0.0,0.0
2025-04-24 12:20:00-04:00,17051.671875,17058.107421875,17050.947265625,17056.470703125,11455000,0.0,0.0
2025-04-24 12:21:00-04:00,17056.373046875,17058.37109375,17053.583984375,17056.1484375,15935000,0.0,0.0
2025-04-24 12:22:00-04:00,17057.484375,17058.025390625,17050.873046875,17055.123046875,5936000,0.0,0.0
2025-04-24 12:23:00-04:00,17054.720703125,17062.0703125,17054.49609375,17062.0703125,9245000,0.0,0.0
2025-04-24 12:24:00-04:00,17061.125,17061.45703125,17044.634765625,17044.634765625,16834000,0.0,0.0
2025-04-24 12:25:00-04:00,17041.34375,17046.4375,17041.34375,17046.111328125,4999000,0.0,0.0
2025-04-24 12:26:00-04:00,17046.40625,17046.40625,17035.931640625,17039.15625,16727000,0.0,0.0
2025-04-24 12:27:00-04:00,17038.767578125,17042.8125,17036.7265625,17042.423828125,5481000,0.0,0.0
2025-04-24 12:28:00-04:00,17042.638671875,17068.783203125,17040.26953125,17062.703125,12236000,0.0,0.0
2025-04-24 12:29:00-04:00,17061.7734375,17066.490234375,17053.40625,17060.38671875,21591000,0.0,0.0
2025-04-24 12:30:00-04:00,17059.86328125,17071.345703125,17059.86328125,17066.833984375,12476000,0.0,0.0
2025-04-24 12:31:00-04:00,17066.916015625,17067.138671875,17061.501953125,17065.8828125,14497000,0.0,0.0
2025-04-24 12:32:00-04:00,17064.4765625,17070.404296875,17061.1484375,17070.29296875,9996000,0.0,0.0
2025-04-24 12:33:00-04:00,17070.0,17074.38671875,17065.291015625,17074.38671875,11368000,0.0,0.0
2025-04-24 12:34:00-04:00,17074.443359375,17085.328125,17074.4296875,17083.458984375,19448000,0.0,0.0
2025-04-24 12:35:00-04:00,17082.15625,17088.416015625,17079.333984375,17088.416015625,4706000,0.0,0.0
2025-04-24 12:36:00-04:00,17090.6640625,17095.1640625,17090.6640625,17094.662109375,14432000,0.0,0.0
2025-04-24 12:37:00-04:00,17094.4921875,17094.4921875,17090.79296875,17091.56640625,11688000,0.0,0.0
2025-04-24 12:38:00-04:00,17091.69140625,17092.0,17084.552734375,17089.16796875,15609000,0.0,0.0
2025-04-24 12:39:00-04:00,17089.607421875,17091.302734375,17086.66796875,17088.06640625,4292000,0.0,0.0
2025-04-24 12:40:00-04:00,17087.5,17088.326171875,17084.966796875,17085.283203125,7473000,0.0,0.0
2025-04-24 12:41:00-04:00,17084.76171875,17084.76171875,17069.3828125,17070.53125,8451000,0.0,0.0
2025-04-24 12:42:00-04:00,17071.4296875,17077.705078125,17070.01953125,17077.333984375,10708000,0.0,0.0
2025-04-24 12:43:00-04:00,17077.759765625,17078.08203125,17075.28515625,17075.443359375,14941000,0.0,0.0
2025-04-24 12:44:00-04:00,17073.4921875,17074.287109375,17070.373046875,17072.126953125,5737000,0.0,0.0
2025-04-24 12:45:00-04:00,17073.79296875,17073.79296875,17057.8671875,17058.435546875,16844000,0.0,0.0
2025-04-24 12:46:00-04:00,17060.513671875,17068.435546875,17060.513671875,17067.05859375,5285000,0.0,0.0
2025-04-24 12:47:00-04:00,17068.09765625,17071.095703125,17067.673828125,17071.095703125,7503000,0.0,0.0
2025-04-24 12:48:00-04:00,17071.3125,17073.275390625,17067.888671875,17073.189453125,8951000,0.0,0.0
2025-04-24 12:49:00-04:00,17073.16796875,17074.8203125,17068.455078125,17070.626953125,8315000,0.0,0.0
2025-04-24 12:50:00-04:00,17070.6640625,17075.779296875,17068.95703125,17069.00390625,8022000,0.0,0.0
2025-04-24 12:51:00-04:00,17069.462890625,17075.029296875,17069.462890625,17072.85546875,6488000,0.0,0.0
2025-04-24 12:52:00-04:00,17073.361328125,17075.541015625,17071.4375,17073.275390625,12751000,0.0,0.0
2025-04-24 12:53:00-04:00,17072.84765625,17074.9296875,17070.626953125,17073.591796875,4317000,0.0,0.0
2025-04-24 12:54:00-04:00,17073.181640625,17076.498046875,17071.28125,17075.84765625,11257000,0.0,0.0
2025-04-24 12:55:00-04:00,17077.486328125,17084.67578125,17077.486328125,17079.978515625,5187000,0.0,0.0
2025-04-24 12:56:00-04:00,17081.6015625,17098.580078125,17081.6015625,17097.171875,9717000,0.0,0.0
2025-04-24 12:57:00-04:00,17096.1015625,17105.541015625,17096.1015625,17103.669921875,12859000,0.0,0.0
2025-04-24 12:58:00-04:00,17104.041015625,17108.099609375,17104.041015625,17108.099609375,8495000,0.0,0.0
2025-04-24 12:59:00-04:00,17107.185546875,17107.185546875,17097.5,17097.5,9343000,0.0,0.0
2025-04-24 13:00:00-04:00,17097.24609375,17097.24609375,17076.19140625,17078.701171875,10639000,0.0,0.0
2025-04-24 13:01:00-04:00,17082.171875,17088.83984375,17082.171875,17084.880859375,9999000,0.0,0.0
2025-04-24 13:02:00-04:00,17080.552734375,17083.392578125,17080.552734375,17082.310546875,12237000,0.0,0.0
2025-04-24 13:03:00-04:00,17082.98046875,17093.47265625,17081.71875,17093.47265625,4517000,0.0,0.0
2025-04-24 13:04:00-04:00,17091.763671875,17091.763671875,17085.095703125,17088.80078125,14122000,0.0,0.0
2025-04-24 13:05:00-04:00,17089.318359375,17093.86328125,17088.529296875,17092.46875,4681000,0.0,0.0
2025-04-24 13:06:00-04:00,17093.123046875,17093.123046875,17083.03125,17083.03125,8513000,0.0,0.0
2025-04-24 13:07:00-04:00,17081.970703125,17088.09375,17081.970703125,17087.8984375,11808000,0.0,0.0
2025-04-24 13:08:00-04:00,17088.568359375,17090.548828125,17087.724609375,17090.0703125,3521000,0.0,0.0
2025-04-24 13:09:00-04:00,17090.25390625,17090.25390625,17077.701171875,17077.701171875,14594000,0.0,0.0
2025-04-24 13:10:00-04:00,17080.515625,17085.783203125,17078.189453125,17085.625,4866000,0.0,0.0
2025-04-24 13:11:00-04:00,17085.392578125,17088.333984375,17082.75390625,17088.068359375,9693000,0.0,0.0
2025-04-24 13:12:00-04:00,17088.158203125,17090.69140625,17082.94921875,17089.716796875,10643000,0.0,0.0
2025-04-24 13:13:00-04:00,17090.068359375,17090.544921875,17084.552734375,17085.548828125,8741000,0.0,0.0
2025-04-24 13:14:00-04:00,17085.79296875,17089.068359375,17085.79296875,17088.890625,10317000,0.0,0.0
2025-04-24 13:15:00-04:00,17087.923828125,17088.58203125,17083.115234375,17083.115234375,3663000,0.0,0.0
2025-04-24 13:16:00-04:00,17083.103515625,17083.6171875,17071.126953125,17071.126953125,14636000,0.0,0.0
2025-04-24 13:17:00-04:00,17068.39453125,17069.416015625,17060.939453125,17066.177734375,7145000,0.0,0.0
2025-04-24 13:18:00-04:00,17065.77734375,17065.77734375,17051.546875,17052.33203125,13726000,0.0,0.0
2025-04-24 13:19:00-04:00,17052.541015625,17058.5625,17052.541015625,17058.5625,10923000,0.0,0.0
2025-04-24 13:20:00-04:00,17058.17578125,17060.8984375,17053.1171875,17053.716796875,10808000,0.0,0.0
2025-04-24 13:21:00-04:00,17053.751953125,17062.392578125,17053.423828125,17061.8125,13419000,0.0,0.0
2025-04-24 13:22:00-04:00,17061.228515625,17075.7421875,17061.228515625,17075.7421875,6470000,0.0,0.0
2025-04-24 13:23:00-04:00,17076.01953125,17079.859375,17073.0859375,17079.54296875,14901000,0.0,0.0
2025-04-24 13:24:00-04:00,17079.595703125,17082.09765625,17079.580078125,17082.00390625,4573000,0.0,0.0
2025-04-24 13:25:00-04:00,17084.51171875,17092.748046875,17083.9140625,17092.748046875,7894000,0.0,0.0
2025-04-24 13:26:00-04:00,17093.470703125,17096.28125,17093.15234375,17093.744140625,10399000,0.0,0.0
2025-04-24 13:27:00-04:00,17095.0703125,17096.552734375,17091.244140625,17091.244140625,9313000,0.0,0.0
2025-04-24 13:28:00-04:00,17089.6953125,17097.142578125,17089.09375,17096.720703125,9766000,0.0,0.0
2025-04-24 13:29:00-04:00,17095.25,17095.595703125,17090.416015625,17090.646484375,7680000,0.0,0.0
2025-04-24 13:30:00-04:00,17090.97265625,17107.03125,17090.97265625,17106.365234375,14737000,0.0,0.0
2025-04-24 13:31:00-04:00,17105.439453125,17105.439453125,17097.240234375,17097.4609375,4348000,0.0,0.0
2025-04-24 13:32:00-04:00,17097.001953125,17101.125,17094.060546875,17094.060546875,6999000,0.0,0.0
2025-04-24 13:33:00-04:00,17094.357421875,17094.357421875,17082.19140625,17084.26953125,14692000,0.0,0.0
2025-04-24 13:34:00-04:00,17084.412109375,17084.412109375,17077.021484375,17077.021484375,4223000,0.0,0.0
2025-04-24 13:35:00-04:00,17077.265625,17078.716796875,17073.642578125,17074.064453125,13737000,0.0,0.0
2025-04-24 13:36:00-04:00,17075.447265625,17080.275390625,17071.861328125,17080.275390625,4811000,0.0,0.0
2025-04-24 13:37:00-04:00,17081.298828125,17084.58203125,17081.298828125,17082.2890625,8392000,0.0,0.0
2025-04-24 13:38:00-04:00,17081.888671875,17085.19140625,17081.888671875,17085.046875,7643000,0.0,0.0
2025-04-24 13:39:00-04:00,17084.36328125,17084.36328125,17078.373046875,17079.763671875,7913000,0.0,0.0
2025-04-24 13:40:00-04:00,17081.052734375,17084.810546875,17079.056640625,17079.056640625,13332000,0.0,0.0
2025-04-24 13:41:00-04:00,17079.083984375,17079.150390625,17067.494140625,17068.181640625,4662000,0.0,0.0
2025-04-24 13:42:00-04:00,17066.390625,17071.640625,17065.841796875,17070.3984375,12254000,0.0,0.0
2025-04-24 13:43:00-04:00,17071.556640625,17071.556640625,17065.34375,17068.208984375,4219000,0.0,0.0
2025-04-24 13:44:00-04:00,17068.552734375,17072.912109375,17064.640625,17072.912109375,8762000,0.0,0.0
2025-04-24 13:45:00-04:00,17072.779296875,17074.49609375,17065.90625,17066.482421875,8278000,0.0,0.0
2025-04-24 13:46:00-04:00,17067.11328125,17076.271484375,17067.11328125,17075.474609375,10309000,0.0,0.0
2025-04-24 13:47:00-04:00,17076.109375,17086.265625,17076.0078125,17086.265625,9925000,0.0,0.0
2025-04-24 13:48:00-04:00,17086.0546875,17086.0546875,17074.337890625,17074.337890625,9130000,0.0,0.0
2025-04-24 13:49:00-04:00,17074.13671875,17085.8046875,17074.01171875,17085.16015625,13116000,0.0,0.0
2025-04-24 13:50:00-04:00,17086.458984375,17088.994140625,17086.458984375,17088.564453125,4256000,0.0,0.0
2025-04-24 13:51:00-04:00,17087.033203125,17088.646484375,17082.462890625,17088.646484375,12717000,0.0,0.0
2025-04-24 13:52:00-04:00,17090.087890625,17094.9609375,17090.087890625,17091.0234375,4361000,0.0,0.0
2025-04-24 13:53:00-04:00,17091.134765625,17096.2578125,17091.11328125,17096.2578125,8911000,0.0,0.0
2025-04-24 13:54:00-04:00,17097.57421875,17104.912109375,17097.48828125,17104.912109375,8694000,0.0,0.0
2025-04-24 13:55:00-04:00,17105.048828125,17105.380859375,17096.125,17097.041015625,9999000,0.0,0.0
2025-04-24 13:56:00-04:00,17096.494140625,17102.02734375,17096.494140625,17101.55859375,12792000,0.0,0.0
2025-04-24 13:57:00-04:00,17101.283203125,17102.798828125,17100.337890625,17101.30859375,4713000,0.0,0.0
2025-04-24 13:58:00-04:00,17099.8515625,17106.37890625,17099.8515625,17106.13671875,13666000,0.0,0.0
2025-04-24 13:59:00-04:00,17103.921875,17103.921875,17098.443359375,17103.64453125,5302000,0.0,0.0
2025-04-24 14:00:00-04:00,17103.5859375,17106.900390625,17102.12890625,17106.900390625,8059000,0.0,0.0
2025-04-24 14:01:00-04:00,17107.060546875,17113.818359375,17106.6171875,17113.66796875,8443000,0.0,0.0
2025-04-24 14:02:00-04:00,17118.841796875,17118.841796875,17110.681640625,17113.205078125,12044000,0.0,0.0
2025-04-24 14:03:00-04:00,17113.28125,17113.28125,17106.57421875,17108.791015625,13016000,0.0,0.0
2025-04-24 14:04:00-04:00,17107.919921875,17109.779296875,17107.69921875,17107.69921875,4044000,0.0,0.0
2025-04-24 14:05:00-04:00,17107.455078125,17111.103515625,17102.2578125,17110.30859375,14629000,0.0,0.0
2025-04-24 14:06:00-04:00,17110.177734375,17122.232421875,17110.177734375,17121.517578125,4646000,0.0,0.0
2025-04-24 14:07:00-04:00,17120.193359375,17120.951171875,17118.41796875,17118.41796875,9031000,0.0,0.0
2025-04-24 14:08:00-04:00,17118.126953125,17121.35546875,17113.4375,17120.310546875,13090000,0.0,0.0
2025-04-24 14:09:00-04:00,17120.953125,17121.158203125,17109.578125,17112.501953125,4934000,0.0,0.0
2025-04-24 14:10:00-04:00,17112.140625,17114.814453125,17108.236328125,17109.693359375,12420000,0.0,0.0
2025-04-24 14:11:00-04:00,17109.98046875,17112.349609375,17109.45703125,17109.595703125,3927000,0.0,0.0
2025-04-24 14:12:00-04:00,17109.080078125,17113.876953125,17106.666015625,17108.724609375,6828000,0.0,0.0
2025-04-24 14:13:00-04:00,17109.1015625,17113.841796875,17106.37890625,17113.841796875,8103000,0.0,0.0
2025-04-24 14:14:00-04:00,17114.126953125,17115.625,17113.6171875,17114.001953125,10495000,0.0,0.0
2025-04-24 14:15:00-04:00,17114.26171875,17122.513671875,17113.7890625,17122.365234375,14452000,0.0,0.0
2025-04-24 14:16:00-04:00,17121.2890625,17121.2890625,17118.45703125,17120.630859375,5265000,0.0,0.0
2025-04-24 14:17:00-04:00,17120.474609375,17120.474609375,17100.1796875,17100.1796875,16611000,0.0,0.0
2025-04-24 14:18:00-04:00,17100.474609375,17108.232421875,17100.474609375,17107.46484375,4690000,0.0,0.0
2025-04-24 14:19:00-04:00,17108.27734375,17113.005859375,17107.9453125,17111.845703125,8079000,0.0,0.0
2025-04-24 14:20:00-04:00,17112.13671875,17112.1640625,17106.6171875,17106.6171875,8206000,0.0,0.0
2025-04-24 14:21:00-04:00,17107.85546875,17107.85546875,17101.91015625,17106.134765625,9286000,0.0,0.0
2025-04-24 14:22:00-04:00,17106.6328125,17112.255859375,17106.6328125,17112.103515625,11076000,0.0,0.0
2025-04-24 14:23:00-04:00,17111.525390625,17111.525390625,17106.9296875,17108.673828125,4172000,0.0,0.0
2025-04-24 14:24:00-04:00,17109.9375,17115.916015625,17109.9375,17115.255859375,12061000,0.0,0.0
2025-04-24 14:25:00-04:00,17115.45703125,17119.26171875,17115.19921875,17116.064453125,3748000,0.0,0.0
2025-04-24 14:26:00-04:00,17115.79296875,17119.466796875,17115.79296875,17117.677734375,8924000,0.0,0.0
2025-04-24 14:27:00-04:00,17117.9765625,17122.9453125,17117.9765625,17122.9453125,6656000,0.0,0.0
2025-04-24 14:28:00-04:00,17120.2578125,17122.830078125,17118.845703125,17121.630859375,7258000,0.0,0.0
2025-04-24 14:29:00-04:00,17121.7734375,17121.7734375,17117.443359375,17118.677734375,7979000,0.0,0.0
2025-04-24 14:30:00-04:00,17117.7421875,17128.5546875,17117.58984375,17128.5546875,8270000,0.0,0.0
2025-04-24 14:31:00-04:00,17131.93359375,17134.205078125,17131.93359375,17133.4609375,14140000,0.0,0.0
2025-04-24 14:32:00-04:00,17133.447265625,17133.9296875,17127.521484375,17127.521484375,3769000,0.0,0.0
2025-04-24 14:33:00-04:00,17127.705078125,17134.306640625,17127.705078125,17133.79296875,11707000,0.0,0.0
2025-04-24 14:34:00-04:00,17133.75,17136.48046875,17133.75,17134.77734375,4016000,0.0,0.0
2025-04-24 14:35:00-04:00,17134.828125,17140.900390625,17134.828125,17139.876953125,12590000,0.0,0.0
2025-04-24 14:36:00-04:00,17139.16015625,17139.92578125,17135.05859375,17139.115234375,4178000,0.0,0.0
2025-04-24 14:37:00-04:00,17139.498046875,17145.716796875,17137.482421875,17145.0859375,9480000,0.0,0.0
2025-04-24 14:38:00-04:00,17144.501953125,17146.087890625,17141.11328125,17146.087890625,8668000,0.0,0.0
2025-04-24 14:39:00-04:00,17146.369140625,17147.6484375,17145.298828125,17147.6484375,8754000,0.0,0.0
2025-04-24 14:40:00-04:00,17147.357421875,17149.880859375,17146.8828125,17147.220703125,8419000,0.0,0.0
2025-04-24 14:41:00-04:00,17148.005859375,17149.337890625,17140.943359375,17141.076171875,15323000,0.0,0.0
2025-04-24 14:42:00-04:00,17137.677734375,17146.56640625,17137.677734375,17146.56640625,6647000,0.0,0.0
2025-04-24 14:43:00-04:00,17146.373046875,17148.123046875,17140.5703125,17142.994140625,9160000,0.0,0.0
2025-04-24 14:44:00-04:00,17143.2578125,17143.322265625,17138.1484375,17140.302734375,9141000,0.0,0.0
2025-04-24 14:45:00-04:00,17142.6484375,17144.373046875,17137.1640625,17137.1640625,7853000,0.0,0.0
2025-04-24 14:46:00-04:00,17137.548828125,17144.82421875,17137.548828125,17144.82421875,15955000,0.0,0.0
2025-04-24 14:47:00-04:00,17144.927734375,17147.6640625,17142.3515625,17147.6640625,3847000,0.0,0.0
2025-04-24 14:48:00-04:00,17148.6953125,17150.17578125,17148.150390625,17149.634765625,7619000,0.0,0.0
2025-04-24 14:49:00-04:00,17149.220703125,17151.04296875,17148.439453125,17150.509765625,14854000,0.0,0.0
2025-04-24 14:50:00-04:00,17150.216796875,17158.021484375,17150.15234375,17158.021484375,3732000,0.0,0.0
2025-04-24 14:51:00-04:00,17157.22265625,17158.755859375,17154.12109375,17154.150390625,10333000,0.0,0.0
2025-04-24 14:52:00-04:00,17154.38671875,17157.583984375,17148.970703125,17157.583984375,9689000,0.0,0.0
2025-04-24 14:53:00-04:00,17157.244140625,17158.271484375,17156.962890625,17157.91796875,10118000,0.0,0.0
2025-04-24 14:54:00-04:00,17158.28515625,17158.28515625,17151.333984375,17151.57421875,15644000,0.0,0.0
2025-04-24 14:55:00-04:00,17151.380859375,17152.564453125,17146.7265625,17146.7265625,4039000,0.0,0.0
2025-04-24 14:56:00-04:00,17146.29296875,17146.29296875,17140.830078125,17140.830078125,13313000,0.0,0.0
2025-04-24 14:57:00-04:00,17140.00390625,17140.21875,17134.470703125,17137.33984375,4607000,0.0,0.0
2025-04-24 14:58:00-04:00,17135.974609375,17136.5234375,17133.61328125,17134.33203125,9361000,0.0,0.0
2025-04-24 14:59:00-04:00,17134.517578125,17136.1953125,17132.19921875,17132.19921875,8276000,0.0,0.0
2025-04-24 15:00:00-04:00,17132.373046875,17132.373046875,17124.20703125,17124.20703125,10029000,0.0,0.0
2025-04-24 15:01:00-04:00,17125.490234375,17125.490234375,17117.62890625,17117.62890625,16615000,0.0,0.0
2025-04-24 15:02:00-04:00,17117.123046875,17123.794921875,17116.501953125,17117.873046875,5547000,0.0,0.0
2025-04-24 15:03:00-04:00,17118.0703125,17119.6875,17117.34375,17118.154296875,12602000,0.0,0.0
2025-04-24 15:04:00-04:00,17117.66015625,17117.66015625,17102.5390625,17102.8203125,6232000,0.0,0.0
2025-04-24 15:05:00-04:00,17103.517578125,17111.064453125,17103.517578125,17107.259765625,13612000,0.0,0.0
2025-04-24 15:06:00-04:00,17106.9765625,17106.9765625,17099.31640625,17100.427734375,10741000,0.0,0.0
2025-04-24 15:07:00-04:00,17099.71484375,17105.060546875,17098.7421875,17099.328125,11121000,0.0,0.0
2025-04-24 15:08:00-04:00,17098.85546875,17104.783203125,17095.6015625,17103.24609375,16921000,0.0,0.0
2025-04-24 15:09:00-04:00,17102.98828125,17102.98828125,17096.560546875,17097.111328125,4804000,0.0,0.0
2025-04-24 15:10:00-04:00,17097.236328125,17097.7578125,17085.537109375,17085.537109375,17042000,0.0,0.0
2025-04-24 15:11:00-04:00,17083.8359375,17090.392578125,17078.36328125,17088.83203125,8690000,0.0,0.0
2025-04-24 15:12:00-04:00,17087.44140625,17088.236328125,17080.345703125,17084.837890625,10097000,0.0,0.0
2025-04-24 15:13:00-04:00,17084.4453125,17084.4453125,17071.494140625,17071.494140625,11089000,0.0,0.0
2025-04-24 15:14:00-04:00,17072.8515625,17086.6796875,17072.8515625,17086.6796875,13439000,0.0,0.0
2025-04-24 15:15:00-04:00,17086.45703125,17093.888671875,17084.888671875,17093.888671875,14022000,0.0,0.0
2025-04-24 15:16:00-04:00,17090.7265625,17100.974609375,17090.7265625,17100.974609375,13170000,0.0,0.0
2025-04-24 15:17:00-04:00,17100.765625,17111.5390625,17100.2734375,17109.716796875,11378000,0.0,0.0
2025-04-24 15:18:00-04:00,17109.634765625,17110.900390625,17101.771484375,17108.0703125,13627000,0.0,0.0
2025-04-24 15:19:00-04:00,17108.42578125,17108.7578125,17107.33203125,17108.443359375,13016000,0.0,0.0
2025-04-24 15:20:00-04:00,17108.978515625,17108.978515625,17100.193359375,17100.193359375,17623000,0.0,0.0
2025-04-24 15:21:00-04:00,17101.978515625,17113.9921875,17101.978515625,17113.9921875,6366000,0.0,0.0
2025-04-24 15:22:00-04:00,17114.1796875,17121.015625,17113.62890625,17115.58203125,18195000,0.0,0.0
2025-04-24 15:23:00-04:00,17115.53515625,17116.2109375,17108.763671875,17108.763671875,5430000,0.0,0.0
2025-04-24 15:24:00-04:00,17108.09765625,17109.19921875,17099.19921875,17100.2890625,11433000,0.0,0.0
2025-04-24 15:25:00-04:00,17100.75,17110.107421875,17100.75,17107.8984375,11141000,0.0,0.0
2025-04-24 15:26:00-04:00,17107.53125,17108.20703125,17105.220703125,17107.3984375,10925000,0.0,0.0
2025-04-24 15:27:00-04:00,17106.953125,17107.046875,17104.23046875,17104.892578125,19355000,0.0,0.0
2025-04-24 15:28:00-04:00,17102.60546875,17103.13671875,17094.130859375,17095.08203125,5613000,0.0,0.0
2025-04-24 15:29:00-04:00,17092.400390625,17092.400390625,17084.21875,17084.21875,20767000,0.0,0.0
2025-04-24 15:30:00-04:00,17085.46484375,17096.021484375,17082.353515625,17091.95703125,8934000,0.0,0.0
2025-04-24 15:31:00-04:00,17092.53515625,17099.890625,17092.53515625,17096.869140625,10941000,0.0,0.0
2025-04-24 15:32:00-04:00,17098.189453125,17100.9765625,17096.26953125,17097.03515625,11714000,0.0,0.0
2025-04-24 15:33:00-04:00,17098.55859375,17098.826171875,17093.509765625,17096.015625,11947000,0.0,0.0
2025-04-24 15:34:00-04:00,17096.20703125,17100.13671875,17093.673828125,17095.91015625,12661000,0.0,0.0
2025-04-24 15:35:00-04:00,17088.6484375,17104.814453125,17088.6484375,17104.587890625,14752000,0.0,0.0
2025-04-24 15:36:00-04:00,17105.060546875,17105.75390625,17101.123046875,17104.15234375,23286000,0.0,0.0
2025-04-24 15:37:00-04:00,17104.142578125,17114.880859375,17104.142578125,17114.880859375,6760000,0.0,0.0
2025-04-24 15:38:00-04:00,17115.470703125,17120.87890625,17110.421875,17120.87890625,20258000,0.0,0.0
2025-04-24 15:39:00-04:00,17121.146484375,17121.666015625,17119.064453125,17119.796875,6111000,0.0,0.0
2025-04-24 15:40:00-04:00,17118.3671875,17121.134765625,17118.3671875,17120.12890625,13574000,0.0,0.0
2025-04-24 15:41:00-04:00,17121.994140625,17129.2421875,17121.994140625,17128.458984375,13803000,0.0,0.0
2025-04-24 15:42:00-04:00,17127.689453125,17136.75,17126.982421875,17135.7734375,16359000,0.0,0.0
2025-04-24 15:43:00-04:00,17134.80859375,17134.80859375,17131.06640625,17131.06640625,21870000,0.0,0.0
2025-04-24 15:44:00-04:00,17130.453125,17133.154296875,17130.453125,17132.943359375,7048000,0.0,0.0
2025-04-24 15:45:00-04:00,17133.421875,17137.546875,17133.099609375,17137.126953125,21899000,0.0,0.0
2025-04-24 15:46:00-04:00,17136.474609375,17143.923828125,17136.474609375,17142.505859375,9656000,0.0,0.0
2025-04-24 15:47:00-04:00,17141.142578125,17144.20703125,17140.55078125,17143.3046875,15324000,0.0,0.0
2025-04-24 15:48:00-04:00,17142.744140625,17149.365234375,17142.744140625,17148.734375,16527000,0.0,0.0
2025-04-24 15:49:00-04:00,17148.412109375,17157.005859375,17148.412109375,17156.9609375,17250000,0.0,0.0
2025-04-24 15:50:00-04:00,17164.935546875,17169.107421875,17153.388671875,17153.388671875,22352000,0.0,0.0
2025-04-24 15:51:00-04:00,17153.748046875,17153.748046875,17138.14453125,17138.259765625,29577000,0.0,0.0
2025-04-24 15:52:00-04:00,17136.3515625,17155.71875,17135.779296875,17155.638671875,44527000,0.0,0.0
2025-04-24 15:53:00-04:00,17154.359375,17162.109375,17151.974609375,17162.109375,13082000,0.0,0.0
2025-04-24 15:54:00-04:00,17163.044921875,17170.5546875,17163.044921875,17167.00390625,30414000,0.0,0.0
2025-04-24 15:55:00-04:00,17169.0546875,17169.0546875,17153.42578125,17159.681640625,31971000,0.0,0.0
2025-04-24 15:56:00-04:00,17160.85546875,17165.173828125,17159.779296875,17165.142578125,26194000,0.0,0.0
2025-04-24 15:57:00-04:00,17165.314453125,17174.349609375,17163.94140625,17170.552734375,42306000,0.0,0.0
2025-04-24 15:58:00-04:00,17171.189453125,17171.189453125,17164.28515625,17166.486328125,17751000,0.0,0.0
2025-04-24 15:59:00-04:00,17164.49609375,17168.708984375,17160.751953125,17165.359375,30761000,0.0,0.0
2025-04-25 09:30:00-04:00,17186.869140625,17189.21875,17168.470703125,17174.376953125,0,0.0,0.0
2025-04-25 09:31:00-04:00,17178.263671875,17191.341796875,17157.705078125,17163.05078125,46519762,0.0,0.0
2025-04-25 09:32:00-04:00,17164.21875,17164.21875,17139.802734375,17140.095703125,32524847,0.0,0.0
2025-04-25 09:33:00-04:00,17144.48046875,17174.18359375,17144.48046875,17174.18359375,33490696,0.0,0.0
2025-04-25 09:34:00-04:00,17182.71875,17198.072265625,17182.71875,17198.072265625,34038381,0.0,0.0
2025-04-25 09:35:00-04:00,17201.02734375,17211.685546875,17201.02734375,17205.896484375,35612664,0.0,0.0
2025-04-25 09:36:00-04:00,17208.544921875,17217.8984375,17204.49609375,17217.8984375,32322666,0.0,0.0
2025-04-25 09:37:00-04:00,17212.822265625,17220.650390625,17209.810546875,17216.54296875,30350214,0.0,0.0
2025-04-25 09:38:00-04:00,17215.458984375,17223.861328125,17215.458984375,17217.541015625,27918885,0.0,0.0
2025-04-25 09:39:00-04:00,17212.435546875,17218.884765625,17208.03515625,17208.03515625,25440115,0.0,0.0
2025-04-25 09:40:00-04:00,17210.501953125,17227.396484375,17210.501953125,17210.50390625,28962708,0.0,0.0
2025-04-25 09:41:00-04:00,17212.716796875,17212.716796875,17195.76171875,17197.052734375,24177000,0.0,0.0
2025-04-25 09:42:00-04:00,17199.869140625,17199.869140625,17183.884765625,17183.884765625,25429000,0.0,0.0
2025-04-25 09:43:00-04:00,17178.693359375,17187.091796875,17174.421875,17174.421875,27942000,0.0,0.0
2025-04-25 09:44:00-04:00,17173.751953125,17176.58984375,17170.466796875,17171.8515625,23427000,0.0,0.0
2025-04-25 09:45:00-04:00,17175.646484375,17198.3046875,17175.646484375,17198.3046875,24618000,0.0,0.0
2025-04-25 09:46:00-04:00,17198.9140625,17198.9140625,17170.20703125,17170.20703125,23488000,0.0,0.0
2025-04-25 09:47:00-04:00,17170.88671875,17172.73046875,17153.30078125,17153.30078125,24660000,0.0,0.0
2025-04-25 09:48:00-04:00,17155.85546875,17167.6796875,17155.85546875,17159.85546875,20664000,0.0,0.0
2025-04-25 09:49:00-04:00,17163.1015625,17164.724609375,17150.421875,17150.421875,21950000,0.0,0.0
2025-04-25 09:50:00-04:00,17149.83203125,17158.5234375,17144.12109375,17158.5234375,22216000,0.0,0.0
2025-04-25 09:51:00-04:00,17161.34765625,17162.5859375,17136.353515625,17136.353515625,22046000,0.0,0.0
2025-04-25 09:52:00-04:00,17130.115234375,17130.115234375,17125.2265625,17125.2265625,13661000,0.0,0.0
2025-04-25 09:53:00-04:00,17116.451171875,17118.0703125,17111.85546875,17113.322265625,32676000,0.0,0.0
2025-04-25 09:54:00-04:00,17114.326171875,17129.712890625,17114.326171875,17128.66015625,25370000,0.0,0.0
2025-04-25 09:55:00-04:00,17126.595703125,17144.310546875,17126.595703125,17144.310546875,22253000,0.0,0.0
2025-04-25 09:56:00-04:00,17143.119140625,17148.16015625,17142.326171875,17148.16015625,23223000,0.0,0.0
2025-04-25 09:57:00-04:00,17145.365234375,17145.365234375,17136.484375,17140.294921875,21043000,0.0,0.0
2025-04-25 09:58:00-04:00,17139.22265625,17153.748046875,17139.22265625,17153.748046875,18359000,0.0,0.0
2025-04-25 09:59:00-04:00,17148.626953125,17151.603515625,17147.8125,17149.234375,19173000,0.0,0.0
2025-04-25 10:00:00-04:00,17172.787109375,17185.111328125,17163.259765625,17179.650390625,27752000,0.0,0.0
2025-04-25 10:01:00-04:00,17189.779296875,17203.578125,17189.779296875,17191.76953125,18894000,0.0,0.0
2025-04-25 10:02:00-04:00,17194.998046875,17206.453125,17192.73046875,17199.72265625,19685000,0.0,0.0
2025-04-25 10:03:00-04:00,17199.986328125,17199.986328125,17179.33203125,17179.33203125,22417000,0.0,0.0
2025-04-25 10:04:00-04:00,17176.771484375,17198.017578125,17176.771484375,17177.701171875,25286000,0.0,0.0
2025-04-25 10:05:00-04:00,17175.109375,17190.552734375,17175.109375,17184.51953125,23821000,0.0,0.0
2025-04-25 10:06:00-04:00,17188.142578125,17207.322265625,17188.142578125,17207.322265625,22343000,0.0,0.0
2025-04-25 10:07:00-04:00,17208.34765625,17226.25390625,17208.34765625,17226.25390625,21706000,0.0,0.0
2025-04-25 10:08:00-04:00,17224.759765625,17230.943359375,17224.55859375,17224.55859375,21739000,0.0,0.0
2025-04-25 10:09:00-04:00,17226.37890625,17246.75390625,17225.486328125,17244.52734375,22922000,0.0,0.0
2025-04-25 10:10:00-04:00,17245.59375,17253.443359375,17236.58203125,17250.1171875,27080000,0.0,0.0
2025-04-25 10:11:00-04:00,17251.419921875,17251.935546875,17240.845703125,17247.56640625,28611000,0.0,0.0
2025-04-25 10:12:00-04:00,17249.10546875,17263.595703125,17249.10546875,17261.47265625,22591000,0.0,0.0
2025-04-25 10:13:00-04:00,17259.283203125,17260.8984375,17249.35546875,17249.35546875,22832000,0.0,0.0
2025-04-25 10:14:00-04:00,17246.81640625,17256.4375,17239.349609375,17256.4375,21929000,0.0,0.0
2025-04-25 10:15:00-04:00,17256.388671875,17258.724609375,17242.67578125,17242.67578125,20902000,0.0,0.0
2025-04-25 10:16:00-04:00,17243.95703125,17243.95703125,17232.474609375,17232.474609375,20626000,0.0,0.0
2025-04-25 10:17:00-04:00,17231.328125,17251.41015625,17226.19921875,17251.41015625,18834000,0.0,0.0
2025-04-25 10:18:00-04:00,17255.23828125,17256.23828125,17238.16015625,17238.16015625,19780000,0.0,0.0
2025-04-25 10:19:00-04:00,17235.2421875,17239.705078125,17231.76171875,17231.76171875,17259000,0.0,0.0
2025-04-25 10:20:00-04:00,17233.28515625,17237.6015625,17218.8671875,17223.287109375,17279000,0.0,0.0
2025-04-25 10:21:00-04:00,17226.9375,17229.1171875,17188.45703125,17188.45703125,15014000,0.0,0.0
2025-04-25 10:22:00-04:00,17190.34765625,17190.34765625,17156.228515625,17159.947265625,24194000,0.0,0.0
2025-04-25 10:23:00-04:00,17150.814453125,17162.642578125,17143.2265625,17159.859375,20935000,0.0,0.0
2025-04-25 10:24:00-04:00,17162.158203125,17177.78515625,17161.806640625,17177.78515625,17552000,0.0,0.0
2025-04-25 10:25:00-04:00,17171.52734375,17171.52734375,17154.66796875,17167.189453125,17267000,0.0,0.0
2025-04-25 10:26:00-04:00,17169.10546875,17169.10546875,17150.421875,17154.853515625,17312000,0.0,0.0
2025-04-25 10:27:00-04:00,17158.734375,17158.734375,17149.814453125,17152.9296875,18432000,0.0,0.0
2025-04-25 10:28:00-04:00,17150.00390625,17150.70703125,17129.65234375,17134.931640625,17296000,0.0,0.0
2025-04-25 10:29:00-04:00,17136.298828125,17148.0078125,17136.298828125,17145.97265625,15623000,0.0,0.0
2025-04-25 10:30:00-04:00,17154.44140625,17160.12109375,17144.921875,17144.921875,14436000,0.0,0.0
2025-04-25 10:31:00-04:00,17136.162109375,17136.162109375,17121.95703125,17126.9453125,16231000,0.0,0.0
2025-04-25 10:32:00-04:00,17128.810546875,17146.583984375,17127.275390625,17146.583984375,13799000,0.0,0.0
2025-04-25 10:33:00-04:00,17148.810546875,17160.50390625,17148.462890625,17160.50390625,16191000,0.0,0.0
2025-04-25 10:34:00-04:00,17161.921875,17178.068359375,17161.921875,17170.921875,16248000,0.0,0.0
2025-04-25 10:35:00-04:00,17172.439453125,17176.486328125,17168.771484375,17168.771484375,15765000,0.0,0.0
2025-04-25 10:36:00-04:00,17173.697265625,17183.8046875,17171.546875,17175.791015625,14944000,0.0,0.0
2025-04-25 10:37:00-04:00,17170.263671875,17187.021484375,17169.466796875,17184.373046875,14584000,0.0,0.0
2025-04-25 10:38:00-04:00,17183.521484375,17190.9609375,17177.01953125,17190.9609375,15919000,0.0,0.0
2025-04-25 10:39:00-04:00,17194.142578125,17202.28515625,17192.8828125,17201.3671875,13683000,0.0,0.0
2025-04-25 10:40:00-04:00,17199.5859375,17220.07421875,17198.376953125,17220.07421875,13630000,0.0,0.0
2025-04-25 10:41:00-04:00,17224.166015625,17224.69140625,17215.765625,17221.837890625,16899000,0.0,0.0
2025-04-25 10:42:00-04:00,17219.333984375,17219.333984375,17213.978515625,17215.322265625,13947000,0.0,0.0
2025-04-25 10:43:00-04:00,17215.44921875,17220.560546875,17214.123046875,17219.611328125,14610000,0.0,0.0
2025-04-25 10:44:00-04:00,17219.529296875,17230.59375,17218.314453125,17230.59375,13922000,0.0,0.0
2025-04-25 10:45:00-04:00,17229.013671875,17229.013671875,17218.15234375,17224.416015625,13030000,0.0,0.0
2025-04-25 10:46:00-04:00,17227.083984375,17232.107421875,17217.06640625,17217.06640625,14411000,0.0,0.0
2025-04-25 10:47:00-04:00,17218.498046875,17219.841796875,17212.0390625,17214.779296875,17062000,0.0,0.0
2025-04-25 10:48:00-04:00,17216.18359375,17224.982421875,17212.275390625,17224.982421875,13853000,0.0,0.0
2025-04-25 10:49:00-04:00,17223.05078125,17226.81640625,17215.93359375,17226.81640625,17971000,0.0,0.0
2025-04-25 10:50:00-04:00,17223.78515625,17223.78515625,17205.9453125,17206.4765625,15778000,0.0,0.0
2025-04-25 10:51:00-04:00,17203.546875,17212.490234375,17203.546875,17206.09765625,15968000,0.0,0.0
2025-04-25 10:52:00-04:00,17206.8515625,17212.6171875,17206.8515625,17210.775390625,12688000,0.0,0.0
2025-04-25 10:53:00-04:00,17210.0859375,17226.626953125,17210.0859375,17224.451171875,12937000,0.0,0.0
2025-04-25 10:54:00-04:00,17224.4296875,17227.27734375,17212.1484375,17214.486328125,13233000,0.0,0.0
2025-04-25 10:55:00-04:00,17215.513671875,17215.513671875,17207.521484375,17207.521484375,13218000,0.0,0.0
2025-04-25 10:56:00-04:00,17214.625,17216.841796875,17191.71484375,17192.439453125,14193000,0.0,0.0
2025-04-25 10:57:00-04:00,17185.49609375,17191.01953125,17178.009765625,17191.01953125,17051000,0.0,0.0
2025-04-25 10:58:00-04:00,17190.939453125,17193.59765625,17187.427734375,17187.427734375,13335000,0.0,0.0
2025-04-25 10:59:00-04:00,17187.220703125,17205.388671875,17185.681640625,17205.388671875,13263000,0.0,0.0
2025-04-25 11:00:00-04:00,17207.896484375,17207.896484375,17191.73046875,17192.98046875,14400000,0.0,0.0
2025-04-25 11:01:00-04:00,17193.673828125,17202.126953125,17193.673828125,17198.4140625,13056000,0.0,0.0
2025-04-25 11:02:00-04:00,17199.09375,17203.478515625,17195.982421875,17203.478515625,14204000,0.0,0.0
2025-04-25 11:03:00-04:00,17200.087890625,17212.224609375,17200.087890625,17208.94921875,14553000,0.0,0.0
2025-04-25 11:04:00-04:00,17206.83984375,17220.31640625,17206.83984375,17219.06640625,13546000,0.0,0.0
2025-04-25 11:05:00-04:00,17218.84765625,17224.921875,17215.390625,17224.921875,15105000,0.0,0.0
2025-04-25 11:06:00-04:00,17221.849609375,17228.009765625,17221.849609375,17226.53125,11281000,0.0,0.0
2025-04-25 11:07:00-04:00,17227.353515625,17227.353515625,17220.8046875,17225.8828125,13371000,0.0,0.0
2025-04-25 11:08:00-04:00,17225.765625,17229.197265625,17220.10546875,17220.10546875,15188000,0.0,0.0
2025-04-25 11:09:00-04:00,17217.8671875,17222.978515625,17217.8671875,17222.6171875,14312000,0.0,0.0
2025-04-25 11:10:00-04:00,17221.08984375,17237.86328125,17220.44140625,17237.228515625,13304000,0.0,0.0
2025-04-25 11:11:00-04:00,17239.7734375,17241.232421875,17232.015625,17236.150390625,13717000,0.0,0.0
2025-04-25 11:12:00-04:00,17236.76953125,17241.853515625,17235.578125,17237.07421875,10838000,0.0,0.0
2025-04-25 11:13:00-04:00,17229.900390625,17239.513671875,17229.900390625,17239.513671875,11229000,0.0,0.0
2025-04-25 11:14:00-04:00,17240.359375,17242.828125,17240.359375,17242.740234375,11458000,0.0,0.0
2025-04-25 11:15:00-04:00,17242.826171875,17247.037109375,17238.033203125,17238.26171875,13125000,0.0,0.0
2025-04-25 11:16:00-04:00,17238.365234375,17240.97265625,17226.8671875,17226.8671875,12500000,0.0,0.0
2025-04-25 11:17:00-04:00,17220.6953125,17220.6953125,17214.56640625,17216.130859375,13796000,0.0,0.0
2025-04-25 11:18:00-04:00,17218.462890625,17233.74609375,17218.462890625,17233.361328125,10890000,0.0,0.0
2025-04-25 11:19:00-04:00,17235.3359375,17236.1640625,17234.052734375,17235.134765625,11911000,0.0,0.0
2025-04-25 11:20:00-04:00,17234.35546875,17241.787109375,17234.35546875,17241.787109375,10570000,0.0,0.0
2025-04-25 11:21:00-04:00,17241.849609375,17247.04296875,17241.849609375,17246.423828125,13235000,0.0,0.0
2025-04-25 11:22:00-04:00,17248.48828125,17253.634765625,17246.36328125,17253.634765625,14094000,0.0,0.0
2025-04-25 11:23:00-04:00,17252.314453125,17258.40625,17252.203125,17254.7421875,13625000,0.0,0.0
2025-04-25 11:24:00-04:00,17253.802734375,17254.763671875,17251.646484375,17251.646484375,14769000,0.0,0.0
2025-04-25 11:25:00-04:00,17250.322265625,17252.15234375,17240.052734375,17240.09375,13055000,0.0,0.0
2025-04-25 11:26:00-04:00,17240.53515625,17243.564453125,17239.720703125,17243.236328125,15127000,0.0,0.0
2025-04-25 11:27:00-04:00,17239.248046875,17246.90625,17239.248046875,17246.11328125,12117000,0.0,0.0
2025-04-25 11:28:00-04:00,17245.763671875,17245.763671875,17233.419921875,17233.419921875,12501000,0.0,0.0
2025-04-25 11:29:00-04:00,17230.78515625,17230.78515625,17223.349609375,17224.677734375,13329000,0.0,0.0
2025-04-25 11:30:00-04:00,17222.728515625,17227.83203125,17217.984375,17227.83203125,11419000,0.0,0.0
2025-04-25 11:31:00-04:00,17227.658203125,17235.052734375,17223.314453125,17235.052734375,12063000,0.0,0.0
2025-04-25 11:32:00-04:00,17230.931640625,17235.05078125,17224.83984375,17234.986328125,14563000,0.0,0.0
2025-04-25 11:33:00-04:00,17230.8203125,17237.623046875,17228.099609375,17236.8984375,13266000,0.0,0.0
2025-04-25 11:34:00-04:00,17236.23046875,17237.923828125,17229.3359375,17236.06640625,10835000,0.0,0.0
2025-04-25 11:35:00-04:00,17234.09765625,17234.09765625,17226.203125,17226.203125,11648000,0.0,0.0
2025-04-25 11:36:00-04:00,17223.15234375,17224.9453125,17217.587890625,17218.49609375,11925000,0.0,0.0
2025-04-25 11:37:00-04:00,17219.306640625,17221.689453125,17208.8125,17214.3125,13097000,0.0,0.0
2025-04-25 11:38:00-04:00,17214.1171875,17214.1171875,17197.67578125,17200.11328125,15129000,0.0,0.0
2025-04-25 11:39:00-04:00,17199.515625,17211.923828125,17199.515625,17211.923828125,12124000,0.0,0.0
2025-04-25 11:40:00-04:00,17211.890625,17224.09765625,17211.609375,17224.09765625,14013000,0.0,0.0
2025-04-25 11:41:00-04:00,17226.927734375,17233.783203125,17225.720703125,17226.07421875,13311000,0.0,0.0
2025-04-25 11:42:00-04:00,17227.015625,17232.427734375,17226.76171875,17228.400390625,10363000,0.0,0.0
2025-04-25 11:43:00-04:00,17222.578125,17222.578125,17206.46484375,17206.46484375,11960000,0.0,0.0
2025-04-25 11:44:00-04:00,17203.275390625,17206.583984375,17196.681640625,17198.158203125,12249000,0.0,0.0
2025-04-25 11:45:00-04:00,17199.74609375,17201.037109375,17192.587890625,17201.037109375,10743000,0.0,0.0
2025-04-25 11:46:00-04:00,17202.353515625,17202.53515625,17199.369140625,17201.4609375,12400000,0.0,0.0
2025-04-25 11:47:00-04:00,17201.833984375,17207.19140625,17198.203125,17207.19140625,10461000,0.0,0.0
2025-04-25 11:48:00-04:00,17206.17578125,17209.359375,17206.17578125,17209.359375,10645000,0.0,0.0
2025-04-25 11:49:00-04:00,17210.025390625,17214.517578125,17209.76953125,17213.8046875,10878000,0.0,0.0
2025-04-25 11:50:00-04:00,17216.830078125,17224.115234375,17216.830078125,17223.330078125,11428000,0.0,0.0
2025-04-25 11:51:00-04:00,17223.65625,17229.396484375,17222.625,17222.759765625,11009000,0.0,0.0
2025-04-25 11:52:00-04:00,17223.162109375,17227.921875,17221.728515625,17224.48828125,16400000,0.0,0.0
2025-04-25 11:53:00-04:00,17228.443359375,17228.443359375,17223.857421875,17224.591796875,11437000,0.0,0.0
2025-04-25 11:54:00-04:00,17225.732421875,17231.47265625,17223.2109375,17229.595703125,11767000,0.0,0.0
2025-04-25 11:55:00-04:00,17229.94921875,17231.453125,17223.54296875,17228.740234375,12182000,0.0,0.0
2025-04-25 11:56:00-04:00,17228.658203125,17232.798828125,17228.53125,17231.44921875,10082000,0.0,0.0
2025-04-25 11:57:00-04:00,17231.150390625,17233.41015625,17228.00390625,17229.46484375,8925000,0.0,0.0
2025-04-25 11:58:00-04:00,17230.09375,17235.845703125,17230.09375,17235.25390625,10044000,0.0,0.0
2025-04-25 11:59:00-04:00,17234.82421875,17235.30078125,17228.173828125,17228.173828125,7789000,0.0,0.0
2025-04-25 12:00:00-04:00,17226.189453125,17229.939453125,17226.189453125,17229.810546875,9567000,0.0,0.0
2025-04-25 12:01:00-04:00,17229.96484375,17234.087890625,17227.2890625,17234.087890625,11748000,0.0,0.0
2025-04-25 12:02:00-04:00,17234.552734375,17234.751953125,17231.20703125,17231.279296875,10301000,0.0,0.0
2025-04-25 12:03:00-04:00,17232.154296875,17236.90234375,17227.5625,17227.5625,9400000,0.0,0.0
2025-04-25 12:04:00-04:00,17228.005859375,17228.005859375,17221.833984375,17227.78515625,13739000,0.0,0.0
2025-04-25 12:05:00-04:00,17227.244140625,17232.8125,17221.66796875,17232.484375,5093000,0.0,0.0
2025-04-25 12:06:00-04:00,17234.408203125,17235.234375,17224.134765625,17224.171875,14718000,0.0,0.0
2025-04-25 12:07:00-04:00,17223.83203125,17227.095703125,17217.3046875,17225.07421875,4618000,0.0,0.0
2025-04-25 12:08:00-04:00,17223.90625,17234.16796875,17220.94140625,17234.16796875,8606000,0.0,0.0
2025-04-25 12:09:00-04:00,17234.400390625,17235.091796875,17231.84375,17233.5,6991000,0.0,0.0
2025-04-25 12:10:00-04:00,17233.533203125,17234.3359375,17230.84765625,17234.046875,7490000,0.0,0.0
2025-04-25 12:11:00-04:00,17234.138671875,17234.138671875,17228.642578125,17229.123046875,14552000,0.0,0.0
2025-04-25 12:12:00-04:00,17230.244140625,17241.8125,17230.244140625,17241.8125,4514000,0.0,0.0
2025-04-25 12:13:00-04:00,17242.93359375,17245.064453125,17241.451171875,17241.451171875,12295000,0.0,0.0
2025-04-25 12:14:00-04:00,17241.798828125,17243.3125,17240.478515625,17243.3125,4286000,0.0,0.0
2025-04-25 12:15:00-04:00,17243.998046875,17244.75,17238.181640625,17244.634765625,9426000,0.0,0.0
2025-04-25 12:16:00-04:00,17245.185546875,17253.71484375,17245.166015625,17253.71484375,8034000,0.0,0.0
2025-04-25 12:17:00-04:00,17254.6171875,17255.529296875,17246.62109375,17247.095703125,9642000,0.0,0.0
2025-04-25 12:18:00-04:00,17248.40625,17250.52734375,17244.728515625,17250.18359375,13812000,0.0,0.0
2025-04-25 12:19:00-04:00,17251.134765625,17254.2890625,17249.9296875,17253.1953125,5655000,0.0,0.0
2025-04-25 12:20:00-04:00,17252.125,17255.9140625,17249.828125,17252.970703125,9908000,0.0,0.0
2025-04-25 12:21:00-04:00,17253.328125,17253.455078125,17249.712890625,17250.2734375,14358000,0.0,0.0
2025-04-25 12:22:00-04:00,17253.69921875,17262.27734375,17252.955078125,17262.27734375,5068000,0.0,0.0
2025-04-25 12:23:00-04:00,17262.345703125,17273.275390625,17262.345703125,17271.99609375,16583000,0.0,0.0
2025-04-25 12:24:00-04:00,17271.89453125,17276.841796875,17271.37890625,17276.546875,4574000,0.0,0.0
2025-04-25 12:25:00-04:00,17276.974609375,17278.53125,17275.001953125,17278.53125,11483000,0.0,0.0
2025-04-25 12:26:00-04:00,17277.205078125,17277.205078125,17273.203125,17273.775390625,4803000,0.0,0.0
2025-04-25 12:27:00-04:00,17274.84375,17280.91796875,17274.84375,17280.91796875,8914000,0.0,0.0
2025-04-25 12:28:00-04:00,17280.994140625,17284.703125,17280.123046875,17284.203125,14921000,0.0,0.0
2025-04-25 12:29:00-04:00,17284.23046875,17284.830078125,17280.755859375,17281.10546875,5860000,0.0,0.0
2025-04-25 12:30:00-04:00,17280.59765625,17280.857421875,17274.802734375,17275.072265625,10403000,0.0,0.0
2025-04-25 12:31:00-04:00,17274.84765625,17281.876953125,17274.84765625,17280.908203125,10436000,0.0,0.0
2025-04-25 12:32:00-04:00,17283.345703125,17290.7109375,17283.345703125,17289.72265625,9365000,0.0,0.0
2025-04-25 12:33:00-04:00,17290.10546875,17290.296875,17288.283203125,17288.6875,10952000,0.0,0.0
2025-04-25 12:34:00-04:00,17288.9609375,17291.515625,17285.888671875,17291.515625,8053000,0.0,0.0
2025-04-25 12:35:00-04:00,17292.0,17300.537109375,17292.0,17299.275390625,10033000,0.0,0.0
2025-04-25 12:36:00-04:00,17300.00390625,17300.00390625,17295.142578125,17299.248046875,18802000,0.0,0.0
2025-04-25 12:37:00-04:00,17299.75,17299.798828125,17293.37109375,17293.79296875,4458000,0.0,0.0
2025-04-25 12:38:00-04:00,17295.20703125,17302.19140625,17295.20703125,17300.169921875,9859000,0.0,0.0
2025-04-25 12:39:00-04:00,17300.3828125,17303.89453125,17300.3828125,17303.89453125,9522000,0.0,0.0
2025-04-25 12:40:00-04:00,17303.86328125,17311.509765625,17303.86328125,17311.509765625,10241000,0.0,0.0
2025-04-25 12:41:00-04:00,17312.0234375,17318.685546875,17312.0234375,17315.859375,12097000,0.0,0.0
2025-04-25 12:42:00-04:00,17313.951171875,17313.951171875,17308.078125,17312.798828125,10782000,0.0,0.0
2025-04-25 12:43:00-04:00,17313.306640625,17319.828125,17313.306640625,17319.828125,11257000,0.0,0.0
2025-04-25 12:44:00-04:00,17320.91796875,17323.125,17319.47265625,17322.306640625,11454000,0.0,0.0
2025-04-25 12:45:00-04:00,17322.693359375,17322.693359375,17315.482421875,17316.44921875,10070000,0.0,0.0
2025-04-25 12:46:00-04:00,17317.1953125,17318.6953125,17313.15625,17313.15625,15444000,0.0,0.0
2025-04-25 12:47:00-04:00,17311.3671875,17311.3671875,17293.630859375,17293.630859375,5759000,0.0,0.0
2025-04-25 12:48:00-04:00,17293.35546875,17295.013671875,17285.794921875,17294.318359375,16634000,0.0,0.0
2025-04-25 12:49:00-04:00,17295.267578125,17303.7109375,17295.267578125,17303.7109375,4565000,0.0,0.0
2025-04-25 12:50:00-04:00,17302.826171875,17303.115234375,17295.1484375,17302.037109375,9713000,0.0,0.0
2025-04-25 12:51:00-04:00,17302.759765625,17309.43359375,17301.802734375,17308.626953125,9435000,0.0,0.0
2025-04-25 12:52:00-04:00,17307.8515625,17315.521484375,17307.8515625,17311.787109375,8934000,0.0,0.0
2025-04-25 12:53:00-04:00,17311.890625,17314.89453125,17311.04296875,17314.2734375,11783000,0.0,0.0
2025-04-25 12:54:00-04:00,17314.26953125,17320.873046875,17314.2265625,17320.873046875,3986000,0.0,0.0
2025-04-25 12:55:00-04:00,17320.8203125,17321.66015625,17316.892578125,17318.353515625,7824000,0.0,0.0
2025-04-25 12:56:00-04:00,17319.142578125,17322.912109375,17319.142578125,17322.912109375,8214000,0.0,0.0
2025-04-25 12:57:00-04:00,17324.072265625,17327.8203125,17324.072265625,17325.640625,7640000,0.0,0.0
2025-04-25 12:58:00-04:00,17326.18359375,17327.9296875,17324.0390625,17325.748046875,9394000,0.0,0.0
2025-04-25 12:59:00-04:00,17326.685546875,17329.52734375,17326.576171875,17328.44140625,8939000,0.0,0.0
2025-04-25 13:00:00-04:00,17327.31640625,17330.232421875,17325.337890625,17329.697265625,8433000,0.0,0.0
2025-04-25 13:01:00-04:00,17330.00390625,17330.291015625,17326.35546875,17330.291015625,9013000,0.0,0.0
2025-04-25 13:02:00-04:00,17333.30859375,17333.30859375,17327.552734375,17327.552734375,8041000,0.0,0.0
2025-04-25 13:03:00-04:00,17326.2421875,17327.103515625,17319.388671875,17327.103515625,9708000,0.0,0.0
2025-04-25 13:04:00-04:00,17327.5703125,17337.564453125,17327.5703125,17333.361328125,7978000,0.0,0.0
2025-04-25 13:05:00-04:00,17332.908203125,17342.060546875,17332.908203125,17342.060546875,9200000,0.0,0.0
2025-04-25 13:06:00-04:00,17341.708984375,17341.859375,17337.875,17340.5390625,14597000,0.0,0.0
2025-04-25 13:07:00-04:00,17340.6015625,17351.26953125,17340.6015625,17351.080078125,11183000,0.0,0.0
2025-04-25 13:08:00-04:00,17350.98828125,17353.2109375,17350.29296875,17351.798828125,7798000,0.0,0.0
2025-04-25 13:09:00-04:00,17350.888671875,17350.888671875,17346.087890625,17350.810546875,7545000,0.0,0.0
2025-04-25 13:10:00-04:00,17351.29296875,17355.9296875,17350.5703125,17350.798828125,6995000,0.0,0.0
2025-04-25 13:11:00-04:00,17351.3203125,17355.041015625,17348.7890625,17354.41796875,12614000,0.0,0.0
2025-04-25 13:12:00-04:00,17355.681640625,17359.86328125,17352.37109375,17352.68359375,3465000,0.0,0.0
2025-04-25 13:13:00-04:00,17352.4296875,17358.82421875,17352.4296875,17357.130859375,9282000,0.0,0.0
2025-04-25 13:14:00-04:00,17356.337890625,17362.15625,17356.337890625,17362.15625,9966000,0.0,0.0
2025-04-25 13:15:00-04:00,17359.99609375,17359.99609375,17351.564453125,17353.982421875,9185000,0.0,0.0
2025-04-25 13:16:00-04:00,17355.16015625,17359.9296875,17355.16015625,17359.9296875,11630000,0.0,0.0
2025-04-25 13:17:00-04:00,17360.927734375,17370.939453125,17360.091796875,17370.771484375,13437000,0.0,0.0
2025-04-25 13:18:00-04:00,17371.6171875,17373.505859375,17370.23046875,17371.234375,4850000,0.0,0.0
2025-04-25 13:19:00-04:00,17370.3515625,17374.806640625,17370.3515625,17374.525390625,7893000,0.0,0.0
2025-04-25 13:20:00-04:00,17376.1484375,17381.935546875,17376.1484375,17381.62109375,16172000,0.0,0.0
2025-04-25 13:21:00-04:00,17381.724609375,17384.375,17381.04296875,17383.60546875,10705000,0.0,0.0
2025-04-25 13:22:00-04:00,17382.76171875,17384.796875,17379.109375,17379.109375,5405000,0.0,0.0
2025-04-25 13:23:00-04:00,17378.27734375,17386.630859375,17376.568359375,17386.609375,9216000,0.0,0.0
2025-04-25 13:24:00-04:00,17386.392578125,17393.60546875,17386.392578125,17387.986328125,16756000,0.0,0.0
2025-04-25 13:25:00-04:00,17387.16015625,17393.240234375,17385.064453125,17392.134765625,4139000,0.0,0.0
2025-04-25 13:26:00-04:00,17391.71484375,17398.2421875,17391.615234375,17397.97265625,13471000,0.0,0.0
2025-04-25 13:27:00-04:00,17396.91015625,17402.599609375,17396.77734375,17402.3359375,4582000,0.0,0.0
2025-04-25 13:28:00-04:00,17402.82421875,17404.462890625,17397.818359375,17398.17578125,9279000,0.0,0.0
2025-04-25 13:29:00-04:00,17399.091796875,17401.060546875,17399.091796875,17399.953125,7903000,0.0,0.0
2025-04-25 13:30:00-04:00,17396.03125,17396.03125,17374.869140625,17377.29296875,9406000,0.0,0.0
2025-04-25 13:31:00-04:00,17378.41796875,17378.41796875,17369.490234375,17369.5859375,11485000,0.0,0.0
2025-04-25 13:32:00-04:00,17370.572265625,17379.546875,17370.572265625,17379.50390625,9100000,0.0,0.0
2025-04-25 13:33:00-04:00,17380.701171875,17393.037109375,17380.701171875,17391.376953125,8894000,0.0,0.0
2025-04-25 13:34:00-04:00,17389.662109375,17389.662109375,17376.416015625,17379.611328125,8657000,0.0,0.0
2025-04-25 13:35:00-04:00,17380.947265625,17383.5703125,17376.181640625,17378.1953125,8994000,0.0,0.0
2025-04-25 13:36:00-04:00,17378.548828125,17384.517578125,17378.548828125,17383.779296875,12443000,0.0,0.0
2025-04-25 13:37:00-04:00,17382.77734375,17383.697265625,17379.3125,17381.359375,3957000,0.0,0.0
2025-04-25 13:38:00-04:00,17379.49609375,17379.95703125,17326.0234375,17334.537109375,11127000,0.0,0.0
2025-04-25 13:39:00-04:00,17333.62890625,17335.498046875,17313.1328125,17315.9296875,26829000,0.0,0.0
2025-04-25 13:40:00-04:00,17316.064453125,17316.064453125,17301.03125,17315.78125,15668000,0.0,0.0
2025-04-25 13:41:00-04:00,17316.990234375,17343.2890625,17313.69921875,17340.568359375,9872000,0.0,0.0
2025-04-25 13:42:00-04:00,17339.236328125,17339.236328125,17318.357421875,17323.291015625,10919000,0.0,0.0
2025-04-25 13:43:00-04:00,17323.810546875,17323.810546875,17312.953125,17315.25390625,13284000,0.0,0.0
2025-04-25 13:44:00-04:00,17316.78515625,17322.216796875,17310.154296875,17322.189453125,4707000,0.0,0.0
2025-04-25 13:45:00-04:00,17322.9296875,17322.9296875,17305.375,17305.673828125,13775000,0.0,0.0
2025-04-25 13:46:00-04:00,17305.541015625,17310.44921875,17300.134765625,17302.154296875,6116000,0.0,0.0
2025-04-25 13:47:00-04:00,17296.169921875,17296.169921875,17284.8125,17295.716796875,12774000,0.0,0.0
2025-04-25 13:48:00-04:00,17296.671875,17297.0859375,17286.92578125,17288.287109375,9034000,0.0,0.0
2025-04-25 13:49:00-04:00,17287.173828125,17295.330078125,17276.830078125,17295.330078125,9296000,0.0,0.0
2025-04-25 13:50:00-04:00,17295.734375,17295.734375,17267.673828125,17269.603515625,20244000,0.0,0.0
2025-04-25 13:51:00-04:00,17271.486328125,17283.53515625,17271.486328125,17282.39453125,4995000,0.0,0.0
2025-04-25 13:52:00-04:00,17282.56640625,17283.96484375,17256.939453125,17258.966796875,13795000,0.0,0.0
2025-04-25 13:53:00-04:00,17260.701171875,17269.220703125,17260.22265625,17267.0390625,3784000,0.0,0.0
2025-04-25 13:54:00-04:00,17267.482421875,17267.482421875,17259.6171875,17261.30859375,7856000,0.0,0.0
2025-04-25 13:55:00-04:00,17262.37890625,17266.416015625,17255.927734375,17256.357421875,9430000,0.0,0.0
2025-04-25 13:56:00-04:00,17256.32421875,17256.32421875,17241.853515625,17251.517578125,12582000,0.0,0.0
2025-04-25 13:57:00-04:00,17253.74609375,17257.548828125,17249.20703125,17257.455078125,14886000,0.0,0.0
2025-04-25 13:58:00-04:00,17257.634765625,17273.1484375,17254.48828125,17273.1484375,4348000,0.0,0.0
2025-04-25 13:59:00-04:00,17273.474609375,17283.521484375,17273.474609375,17283.396484375,18297000,0.0,0.0
2025-04-25 14:00:00-04:00,17283.666015625,17287.75,17277.98828125,17280.30078125,6110000,0.0,0.0
2025-04-25 14:01:00-04:00,17279.392578125,17280.466796875,17277.0390625,17280.466796875,9654000,0.0,0.0
2025-04-25 14:02:00-04:00,17280.48828125,17293.373046875,17280.48828125,17293.173828125,8688000,0.0,0.0
2025-04-25 14:03:00-04:00,17293.501953125,17311.8359375,17293.501953125,17310.6171875,10392000,0.0,0.0
2025-04-25 14:04:00-04:00,17310.65234375,17310.9921875,17299.3515625,17303.75390625,16918000,0.0,0.0
2025-04-25 14:05:00-04:00,17304.037109375,17306.818359375,17302.505859375,17303.552734375,5543000,0.0,0.0
2025-04-25 14:06:00-04:00,17303.5859375,17310.302734375,17303.5859375,17310.28125,9709000,0.0,0.0
2025-04-25 14:07:00-04:00,17313.6875,17315.98046875,17309.82421875,17309.91015625,10199000,0.0,0.0
2025-04-25 14:08:00-04:00,17310.314453125,17316.609375,17310.314453125,17316.609375,7817000,0.0,0.0
2025-04-25 14:09:00-04:00,17317.5078125,17323.5234375,17317.201171875,17323.1953125,13180000,0.0,0.0
2025-04-25 14:10:00-04:00,17323.3671875,17328.888671875,17318.80859375,17318.80859375,5104000,0.0,0.0
2025-04-25 14:11:00-04:00,17318.474609375,17324.484375,17313.01171875,17313.01171875,13988000,0.0,0.0
2025-04-25 14:12:00-04:00,17314.59375,17318.498046875,17310.03125,17318.130859375,4623000,0.0,0.0
2025-04-25 14:13:00-04:00,17317.46484375,17319.1953125,17313.9140625,17315.708984375,8872000,0.0,0.0
2025-04-25 14:14:00-04:00,17316.294921875,17319.2734375,17313.287109375,17313.287109375,8621000,0.0,0.0
2025-04-25 14:15:00-04:00,17313.90234375,17314.208984375,17307.73046875,17313.248046875,10843000,0.0,0.0
2025-04-25 14:16:00-04:00,17314.69140625,17320.025390625,17314.623046875,17319.94921875,7634000,0.0,0.0
2025-04-25 14:17:00-04:00,17319.77734375,17324.140625,17316.0078125,17324.140625,10455000,0.0,0.0
2025-04-25 14:18:00-04:00,17323.90234375,17325.81640625,17322.083984375,17325.521484375,13582000,0.0,0.0
2025-04-25 14:19:00-04:00,17323.185546875,17329.740234375,17323.185546875,17327.365234375,4967000,0.0,0.0
2025-04-25 14:20:00-04:00,17326.611328125,17326.611328125,17319.255859375,17324.400390625,8622000,0.0,0.0
2025-04-25 14:21:00-04:00,17326.408203125,17334.568359375,17325.578125,17334.568359375,10246000,0.0,0.0
2025-04-25 14:22:00-04:00,17336.41796875,17344.216796875,17336.41796875,17342.037109375,8939000,0.0,0.0
2025-04-25 14:23:00-04:00,17341.830078125,17347.498046875,17340.732421875,17347.498046875,8511000,0.0,0.0
2025-04-25 14:24:00-04:00,17347.513671875,17348.0390625,17344.212890625,17344.63671875,8158000,0.0,0.0
2025-04-25 14:25:00-04:00,17344.328125,17350.08984375,17342.919921875,17349.517578125,16619000,0.0,0.0
2025-04-25 14:26:00-04:00,17348.41796875,17348.41796875,17343.427734375,17345.822265625,5673000,0.0,0.0
2025-04-25 14:27:00-04:00,17347.060546875,17347.060546875,17335.958984375,17335.958984375,17408000,0.0,0.0
2025-04-25 14:28:00-04:00,17335.13671875,17339.986328125,17330.732421875,17339.96875,6665000,0.0,0.0
2025-04-25 14:29:00-04:00,17340.341796875,17342.76171875,17338.703125,17339.41796875,9483000,0.0,0.0
2025-04-25 14:30:00-04:00,17339.115234375,17343.537109375,17337.9140625,17337.93359375,9654000,0.0,0.0
2025-04-25 14:31:00-04:00,17339.072265625,17343.1171875,17337.875,17340.970703125,9093000,0.0,0.0
2025-04-25 14:32:00-04:00,17342.37890625,17348.3046875,17342.37890625,17346.9609375,11543000,0.0,0.0
2025-04-25 14:33:00-04:00,17346.853515625,17348.076171875,17345.03125,17346.24609375,3695000,0.0,0.0
2025-04-25 14:34:00-04:00,17346.361328125,17346.361328125,17343.830078125,17345.396484375,11490000,0.0,0.0
2025-04-25 14:35:00-04:00,17345.833984375,17354.71875,17344.1796875,17354.71875,4538000,0.0,0.0
2025-04-25 14:36:00-04:00,17353.84765625,17355.525390625,17348.23046875,17355.525390625,13402000,0.0,0.0
2025-04-25 14:37:00-04:00,17356.134765625,17358.021484375,17356.134765625,17357.3203125,8655000,0.0,0.0
2025-04-25 14:38:00-04:00,17357.888671875,17364.09375,17357.888671875,17360.37109375,9280000,0.0,0.0
2025-04-25 14:39:00-04:00,17360.056640625,17362.716796875,17357.611328125,17361.791015625,13093000,0.0,0.0
2025-04-25 14:40:00-04:00,17362.126953125,17368.41015625,17362.126953125,17367.9375,4187000,0.0,0.0
2025-04-25 14:41:00-04:00,17368.0078125,17370.6484375,17367.314453125,17367.533203125,9921000,0.0,0.0
2025-04-25 14:42:00-04:00,17367.84375,17373.509765625,17367.84375,17371.0234375,8764000,0.0,0.0
2025-04-25 14:43:00-04:00,17371.5546875,17375.568359375,17371.5546875,17375.568359375,11265000,0.0,0.0
2025-04-25 14:44:00-04:00,17375.88671875,17377.04296875,17371.58984375,17372.0078125,13217000,0.0,0.0
2025-04-25 14:45:00-04:00,17373.361328125,17375.001953125,17372.142578125,17372.671875,4108000,0.0,0.0
2025-04-25 14:46:00-04:00,17373.197265625,17374.51953125,17371.765625,17372.51953125,13001000,0.0,0.0
2025-04-25 14:47:00-04:00,17372.46484375,17374.103515625,17371.857421875,17371.857421875,4125000,0.0,0.0
2025-04-25 14:48:00-04:00,17371.701171875,17373.595703125,17367.1875,17373.595703125,7520000,0.0,0.0
2025-04-25 14:49:00-04:00,17373.8984375,17375.62109375,17372.8203125,17373.546875,7225000,0.0,0.0
2025-04-25 14:50:00-04:00,17373.232421875,17373.232421875,17362.830078125,17362.830078125,8055000,0.0,0.0
2025-04-25 14:51:00-04:00,17362.99609375,17363.498046875,17351.298828125,17351.3984375,16173000,0.0,0.0
2025-04-25 14:52:00-04:00,17350.736328125,17352.19140625,17341.568359375,17341.568359375,4789000,0.0,0.0
2025-04-25 14:53:00-04:00,17337.595703125,17353.275390625,17337.595703125,17353.275390625,18702000,0.0,0.0
2025-04-25 14:54:00-04:00,17354.453125,17369.197265625,17354.453125,17369.197265625,6917000,0.0,0.0
2025-04-25 14:55:00-04:00,17369.6484375,17369.6484375,17361.4765625,17361.4765625,10927000,0.0,0.0
2025-04-25 14:56:00-04:00,17361.408203125,17361.98828125,17346.5546875,17346.689453125,10804000,0.0,0.0
2025-04-25 14:57:00-04:00,17346.833984375,17352.755859375,17346.833984375,17352.20703125,8959000,0.0,0.0
2025-04-25 14:58:00-04:00,17352.228515625,17359.26171875,17352.228515625,17358.693359375,10770000,0.0,0.0
2025-04-25 14:59:00-04:00,17358.271484375,17358.271484375,17351.486328125,17351.486328125,8455000,0.0,0.0
2025-04-25 15:00:00-04:00,17352.515625,17355.48046875,17347.34375,17351.98828125,15870000,0.0,0.0
2025-04-25 15:01:00-04:00,17354.80859375,17359.26953125,17354.80859375,17359.26953125,5392000,0.0,0.0
2025-04-25 15:02:00-04:00,17358.4453125,17364.3046875,17358.294921875,17362.765625,7378000,0.0,0.0
2025-04-25 15:03:00-04:00,17361.591796875,17367.251953125,17360.80078125,17367.251953125,8015000,0.0,0.0
2025-04-25 15:04:00-04:00,17366.896484375,17371.56640625,17366.896484375,17368.466796875,8049000,0.0,0.0
2025-04-25 15:05:00-04:00,17368.576171875,17369.708984375,17365.44921875,17368.390625,11399000,0.0,0.0
2025-04-25 15:06:00-04:00,17368.986328125,17369.998046875,17366.591796875,17367.642578125,9431000,0.0,0.0
2025-04-25 15:07:00-04:00,17368.33984375,17368.958984375,17365.427734375,17368.419921875,11868000,0.0,0.0
2025-04-25 15:08:00-04:00,17366.701171875,17366.828125,17356.3125,17357.419921875,5122000,0.0,0.0
2025-04-25 15:09:00-04:00,17357.109375,17361.6171875,17357.109375,17360.529296875,11328000,0.0,0.0
2025-04-25 15:10:00-04:00,17360.529296875,17362.703125,17358.748046875,17359.83984375,4096000,0.0,0.0
2025-04-25 15:11:00-04:00,17358.880859375,17358.880859375,17346.927734375,17346.927734375,9442000,0.0,0.0
2025-04-25 15:12:00-04:00,17344.470703125,17350.232421875,17344.470703125,17346.318359375,10328000,0.0,0.0
2025-04-25 15:13:00-04:00,17346.037109375,17347.056640625,17339.271484375,17339.419921875,8746000,0.0,0.0
2025-04-25 15:14:00-04:00,17339.173828125,17344.873046875,17339.173828125,17344.873046875,10154000,0.0,0.0
2025-04-25 15:15:00-04:00,17345.953125,17345.953125,17335.544921875,17335.580078125,9157000,0.0,0.0
2025-04-25 15:16:00-04:00,17335.3046875,17349.740234375,17335.3046875,17349.740234375,11631000,0.0,0.0
2025-04-25 15:17:00-04:00,17349.4375,17357.576171875,17349.4375,17357.576171875,11734000,0.0,0.0
2025-04-25 15:18:00-04:00,17357.177734375,17357.748046875,17353.0546875,17354.525390625,12583000,0.0,0.0
2025-04-25 15:19:00-04:00,17354.142578125,17356.333984375,17346.900390625,17346.900390625,14919000,0.0,0.0
2025-04-25 15:20:00-04:00,17344.349609375,17349.330078125,17344.349609375,17349.076171875,8042000,0.0,0.0
2025-04-25 15:21:00-04:00,17349.66015625,17363.740234375,17349.66015625,17363.740234375,18393000,0.0,0.0
2025-04-25 15:22:00-04:00,17365.0703125,17365.0703125,17361.16796875,17361.998046875,5163000,0.0,0.0
2025-04-25 15:23:00-04:00,17362.904296875,17363.318359375,17359.2578125,17360.66796875,10503000,0.0,0.0
2025-04-25 15:24:00-04:00,17361.240234375,17363.138671875,17360.666015625,17362.60546875,11623000,0.0,0.0
2025-04-25 15:25:00-04:00,17362.80078125,17362.80078125,17357.17578125,17357.369140625,11354000,0.0,0.0
2025-04-25 15:26:00-04:00,17357.12890625,17357.12890625,17352.416015625,17355.412109375,17457000,0.0,0.0
2025-04-25 15:27:00-04:00,17355.208984375,17355.61328125,17352.7265625,17353.955078125,7388000,0.0,0.0
2025-04-25 15:28:00-04:00,17354.318359375,17354.666015625,17339.376953125,17340.078125,22078000,0.0,0.0
2025-04-25 15:29:00-04:00,17340.943359375,17345.1015625,17337.876953125,17339.912109375,5514000,0.0,0.0
2025-04-25 15:30:00-04:00,17333.4765625,17333.4765625,17320.87890625,17326.3828125,13249000,0.0,0.0
2025-04-25 15:31:00-04:00,17327.0,17335.6484375,17327.0,17329.767578125,15324000,0.0,0.0
2025-04-25 15:32:00-04:00,17329.71875,17333.755859375,17322.998046875,17330.3671875,14247000,0.0,0.0
2025-04-25 15:33:00-04:00,17330.451171875,17340.138671875,17330.451171875,17337.880859375,19810000,0.0,0.0
2025-04-25 15:34:00-04:00,17338.947265625,17338.947265625,17336.513671875,17337.4921875,6040000,0.0,0.0
2025-04-25 15:35:00-04:00,17332.048828125,17338.935546875,17329.19921875,17334.763671875,24771000,0.0,0.0
2025-04-25 15:36:00-04:00,17337.0078125,17339.1953125,17329.671875,17329.671875,7572000,0.0,0.0
2025-04-25 15:37:00-04:00,17327.86328125,17329.302734375,17324.443359375,17324.474609375,16554000,0.0,0.0
2025-04-25 15:38:00-04:00,17324.505859375,17327.962890625,17321.994140625,17324.716796875,12070000,0.0,0.0
2025-04-25 15:39:00-04:00,17324.5078125,17324.5078125,17318.744140625,17318.744140625,11678000,0.0,0.0
2025-04-25 15:40:00-04:00,17319.015625,17324.62109375,17313.556640625,17314.052734375,14112000,0.0,0.0
2025-04-25 15:41:00-04:00,17313.767578125,17315.791015625,17306.396484375,17309.859375,18574000,0.0,0.0
2025-04-25 15:42:00-04:00,17310.33203125,17329.83984375,17310.33203125,17329.55859375,23614000,0.0,0.0
2025-04-25 15:43:00-04:00,17329.775390625,17333.470703125,17328.025390625,17332.0546875,9144000,0.0,0.0
2025-04-25 15:44:00-04:00,17332.263671875,17332.263671875,17330.474609375,17331.015625,21641000,0.0,0.0
2025-04-25 15:45:00-04:00,17331.1875,17333.6171875,17324.93359375,17328.880859375,7741000,0.0,0.0
2025-04-25 15:46:00-04:00,17329.13671875,17329.13671875,17318.470703125,17318.470703125,16989000,0.0,0.0
2025-04-25 15:47:00-04:00,17318.9375,17321.341796875,17314.08203125,17318.150390625,16543000,0.0,0.0
2025-04-25 15:48:00-04:00,17318.73828125,17327.7734375,17318.73828125,17327.7734375,14345000,0.0,0.0
2025-04-25 15:49:00-04:00,17325.453125,17325.83203125,17321.28515625,17324.849609375,15856000,0.0,0.0
2025-04-25 15:50:00-04:00,17340.892578125,17355.201171875,17338.78515625,17355.201171875,21329000,0.0,0.0
2025-04-25 15:51:00-04:00,17356.162109375,17356.162109375,17348.853515625,17352.58984375,25733000,0.0,0.0
2025-04-25 15:52:00-04:00,17352.52734375,17363.701171875,17352.52734375,17363.59765625,31846000,0.0,0.0
2025-04-25 15:53:00-04:00,17363.849609375,17371.60546875,17361.4765625,17371.60546875,14005000,0.0,0.0
2025-04-25 15:54:00-04:00,17374.27734375,17379.69140625,17369.607421875,17374.271484375,43213000,0.0,0.0
2025-04-25 15:55:00-04:00,17367.275390625,17369.2109375,17360.755859375,17369.2109375,13859000,0.0,0.0
2025-04-25 15:56:00-04:00,17372.509765625,17379.4375,17372.509765625,17375.421875,26131000,0.0,0.0
2025-04-25 15:57:00-04:00,17377.859375,17383.21484375,17376.41796875,17380.74609375,27830000,0.0,0.0
2025-04-25 15:58:00-04:00,17379.662109375,17382.517578125,17378.283203125,17381.982421875,29311000,0.0,0.0
2025-04-25 15:59:00-04:00,17380.46484375,17387.287109375,17378.353515625,17378.353515625,31192000,0.0,0.0
2025-04-28 09:30:00-04:00,17390.845703125,17402.1875,17390.845703125,17401.701171875,0,0.0,0.0
2025-04-28 09:31:00-04:00,17410.13671875,17416.623046875,17401.876953125,17401.876953125,51192587,0.0,0.0
2025-04-28 09:32:00-04:00,17389.28515625,17409.396484375,17389.28515625,17393.4375,40370112,0.0,0.0
2025-04-28 09:33:00-04:00,17386.318359375,17387.443359375,17364.95703125,17366.392578125,38033125,0.0,0.0
2025-04-28 09:34:00-04:00,17372.1640625,17372.1640625,17350.40234375,17350.40234375,34611313,0.0,0.0
2025-04-28 09:35:00-04:00,17355.451171875,17374.29296875,17351.185546875,17374.29296875,39200618,0.0,0.0
2025-04-28 09:36:00-04:00,17377.19140625,17377.19140625,17345.595703125,17365.767578125,33586143,0.0,0.0
2025-04-28 09:37:00-04:00,17364.013671875,17364.013671875,17349.1875,17352.65234375,27791501,0.0,0.0
2025-04-28 09:38:00-04:00,17357.6484375,17368.220703125,17357.6484375,17366.43359375,30536753,0.0,0.0
2025-04-28 09:39:00-04:00,17368.890625,17368.890625,17353.01171875,17353.01171875,25996839,0.0,0.0
2025-04-28 09:40:00-04:00,17351.10546875,17380.14453125,17351.10546875,17380.14453125,24894822,0.0,0.0
2025-04-28 09:41:00-04:00,17392.025390625,17397.333984375,17391.662109375,17394.19921875,25387306,0.0,0.0
2025-04-28 09:42:00-04:00,17403.287109375,17414.37109375,17400.87890625,17411.173828125,27474169,0.0,0.0
2025-04-28 09:43:00-04:00,17417.21875,17431.416015625,17417.21875,17431.416015625,26147000,0.0,0.0
2025-04-28 09:44:00-04:00,17431.4140625,17439.95703125,17431.4140625,17439.95703125,23625000,0.0,0.0
2025-04-28 09:45:00-04:00,17441.587890625,17448.306640625,17441.587890625,17445.169921875,26638000,0.0,0.0
2025-04-28 09:46:00-04:00,17449.685546875,17465.4375,17447.65234375,17465.4375,26737000,0.0,0.0
2025-04-28 09:47:00-04:00,17463.041015625,17465.37890625,17460.060546875,17461.869140625,23891000,0.0,0.0
2025-04-28 09:48:00-04:00,17459.673828125,17459.673828125,17449.404296875,17451.078125,24666000,0.0,0.0
2025-04-28 09:49:00-04:00,17453.90234375,17459.36328125,17421.546875,17437.16015625,25717000,0.0,0.0
2025-04-28 09:50:00-04:00,17436.072265625,17436.072265625,17416.58984375,17428.70703125,30412000,0.0,0.0
2025-04-28 09:51:00-04:00,17422.591796875,17422.591796875,17413.54296875,17413.54296875,21894000,0.0,0.0
2025-04-28 09:52:00-04:00,17408.451171875,17427.521484375,17408.451171875,17425.248046875,19763000,0.0,0.0
2025-04-28 09:53:00-04:00,17426.541015625,17426.677734375,17402.017578125,17402.017578125,20254000,0.0,0.0
2025-04-28 09:54:00-04:00,17401.98828125,17401.98828125,17392.15625,17392.15625,21023000,0.0,0.0
2025-04-28 09:55:00-04:00,17389.484375,17389.484375,17374.087890625,17374.087890625,23943000,0.0,0.0
2025-04-28 09:56:00-04:00,17371.87890625,17376.091796875,17364.951171875,17365.84375,21879000,0.0,0.0
2025-04-28 09:57:00-04:00,17362.7734375,17363.982421875,17344.328125,17344.328125,20421000,0.0,0.0
2025-04-28 09:58:00-04:00,17338.689453125,17338.689453125,17324.923828125,17324.923828125,22071000,0.0,0.0
2025-04-28 09:59:00-04:00,17322.08984375,17331.552734375,17321.79296875,17326.33203125,19668000,0.0,0.0
2025-04-28 10:00:00-04:00,17313.0546875,17313.0546875,17298.27734375,17301.404296875,24012000,0.0,0.0
2025-04-28 10:01:00-04:00,17303.234375,17310.259765625,17303.234375,17307.15625,21991000,0.0,0.0
2025-04-28 10:02:00-04:00,17311.419921875,17325.498046875,17308.740234375,17323.23046875,24625000,0.0,0.0
2025-04-28 10:03:00-04:00,17331.42578125,17341.23828125,17331.42578125,17341.23828125,26668000,0.0,0.0
2025-04-28 10:04:00-04:00,17342.48046875,17352.001953125,17342.48046875,17352.001953125,29178000,0.0,0.0
2025-04-28 10:05:00-04:00,17355.80859375,17362.490234375,17350.962890625,17356.927734375,25736000,0.0,0.0
2025-04-28 10:06:00-04:00,17364.591796875,17364.591796875,17342.6328125,17351.171875,28474000,0.0,0.0
2025-04-28 10:07:00-04:00,17358.951171875,17360.333984375,17342.90234375,17345.216796875,30451000,0.0,0.0
2025-04-28 10:08:00-04:00,17346.904296875,17360.560546875,17346.904296875,17359.52734375,25792000,0.0,0.0
2025-04-28 10:09:00-04:00,17361.53515625,17367.203125,17361.53515625,17366.896484375,31444000,0.0,0.0
2025-04-28 10:10:00-04:00,17367.3125,17371.8359375,17362.48828125,17371.8359375,29838000,0.0,0.0
2025-04-28 10:11:00-04:00,17371.66796875,17371.66796875,17351.35546875,17352.1171875,29123000,0.0,0.0
2025-04-28 10:12:00-04:00,17352.515625,17364.8203125,17347.072265625,17360.513671875,36640000,0.0,0.0
2025-04-28 10:13:00-04:00,17362.677734375,17362.677734375,17351.505859375,17357.1484375,32993000,0.0,0.0
2025-04-28 10:14:00-04:00,17359.78515625,17363.32421875,17355.5703125,17356.193359375,25910000,0.0,0.0
2025-04-28 10:15:00-04:00,17357.072265625,17363.681640625,17352.9765625,17362.044921875,27364000,0.0,0.0
2025-04-28 10:16:00-04:00,17358.2578125,17365.46484375,17352.986328125,17360.916015625,31493000,0.0,0.0
2025-04-28 10:17:00-04:00,17360.943359375,17367.818359375,17359.478515625,17364.216796875,23912000,0.0,0.0
2025-04-28 10:18:00-04:00,17362.662109375,17366.46875,17356.73046875,17358.12890625,23349000,0.0,0.0
2025-04-28 10:19:00-04:00,17360.14453125,17360.14453125,17354.158203125,17355.46875,35687000,0.0,0.0
2025-04-28 10:20:00-04:00,17353.96875,17359.609375,17353.96875,17359.609375,30858000,0.0,0.0
2025-04-28 10:21:00-04:00,17363.58984375,17367.5859375,17358.091796875,17365.22265625,27338000,0.0,0.0
2025-04-28 10:22:00-04:00,17364.9453125,17369.14453125,17357.916015625,17357.916015625,31635000,0.0,0.0
2025-04-28 10:23:00-04:00,17357.46875,17357.46875,17339.203125,17343.369140625,30855000,0.0,0.0
2025-04-28 10:24:00-04:00,17348.9140625,17379.48046875,17348.9140625,17379.48046875,27299000,0.0,0.0
2025-04-28 10:25:00-04:00,17381.01953125,17381.01953125,17373.220703125,17373.220703125,27971000,0.0,0.0
2025-04-28 10:26:00-04:00,17370.0234375,17370.0234375,17349.32421875,17355.919921875,26720000,0.0,0.0
2025-04-28 10:27:00-04:00,17350.40234375,17355.0625,17345.291015625,17355.0625,25706000,0.0,0.0
2025-04-28 10:28:00-04:00,17355.630859375,17355.630859375,17348.384765625,17349.859375,23756000,0.0,0.0
2025-04-28 10:29:00-04:00,17350.556640625,17353.6953125,17340.1640625,17340.1640625,21295000,0.0,0.0
2025-04-28 10:30:00-04:00,17344.318359375,17344.4296875,17334.3515625,17334.3515625,23934000,0.0,0.0
2025-04-28 10:31:00-04:00,17328.765625,17328.765625,17314.107421875,17318.03515625,28716000,0.0,0.0
2025-04-28 10:32:00-04:00,17319.5390625,17319.5390625,17311.21875,17317.736328125,28312000,0.0,0.0
2025-04-28 10:33:00-04:00,17321.896484375,17328.98046875,17321.896484375,17328.98046875,33616000,0.0,0.0
2025-04-28 10:34:00-04:00,17329.615234375,17342.1796875,17329.615234375,17340.3046875,36149000,0.0,0.0
2025-04-28 10:35:00-04:00,17343.884765625,17344.857421875,17340.185546875,17341.578125,44307000,0.0,0.0
2025-04-28 10:36:00-04:00,17337.49609375,17356.595703125,17337.49609375,17356.595703125,61847000,0.0,0.0
2025-04-28 10:37:00-04:00,17358.740234375,17365.76953125,17358.740234375,17365.505859375,57443000,0.0,0.0
2025-04-28 10:38:00-04:00,17364.5703125,17370.603515625,17360.55078125,17370.2109375,57684000,0.0,0.0
2025-04-28 10:39:00-04:00,17369.697265625,17371.3046875,17366.33984375,17366.33984375,46758000,0.0,0.0
2025-04-28 10:40:00-04:00,17367.28515625,17369.552734375,17363.13671875,17364.06640625,47005000,0.0,0.0
2025-04-28 10:41:00-04:00,17364.0078125,17364.0078125,17332.787109375,17334.388671875,55575000,0.0,0.0
2025-04-28 10:42:00-04:00,17335.046875,17360.39453125,17335.046875,17360.39453125,40422000,0.0,0.0
2025-04-28 10:43:00-04:00,17360.494140625,17364.755859375,17357.19921875,17364.22265625,38041000,0.0,0.0
2025-04-28 10:44:00-04:00,17365.0859375,17368.3203125,17363.943359375,17366.982421875,29968000,0.0,0.0
2025-04-28 10:45:00-04:00,17367.17578125,17376.701171875,17365.25390625,17376.181640625,34886000,0.0,0.0
2025-04-28 10:46:00-04:00,17375.759765625,17376.99609375,17370.3125,17376.396484375,34564000,0.0,0.0
2025-04-28 10:47:00-04:00,17376.814453125,17379.478515625,17374.919921875,17376.171875,27738000,0.0,0.0
2025-04-28 10:48:00-04:00,17374.55078125,17374.55078125,17370.9609375,17371.69140625,23150000,0.0,0.0
2025-04-28 10:49:00-04:00,17372.654296875,17374.576171875,17367.619140625,17372.685546875,26759000,0.0,0.0
2025-04-28 10:50:00-04:00,17373.216796875,17373.216796875,17357.37109375,17357.37109375,26318000,0.0,0.0
2025-04-28 10:51:00-04:00,17349.587890625,17362.26171875,17348.349609375,17362.26171875,33406000,0.0,0.0
2025-04-28 10:52:00-04:00,17365.197265625,17365.197265625,17344.669921875,17346.435546875,35444000,0.0,0.0
2025-04-28 10:53:00-04:00,17344.728515625,17346.685546875,17335.26953125,17335.26953125,31364000,0.0,0.0
2025-04-28 10:54:00-04:00,17335.84765625,17339.52734375,17335.798828125,17338.435546875,30546000,0.0,0.0
2025-04-28 10:55:00-04:00,17338.66796875,17342.724609375,17336.705078125,17340.9765625,29977000,0.0,0.0
2025-04-28 10:56:00-04:00,17339.787109375,17339.787109375,17326.021484375,17329.990234375,29309000,0.0,0.0
2025-04-28 10:57:00-04:00,17333.404296875,17333.404296875,17320.4609375,17327.111328125,28763000,0.0,0.0
2025-04-28 10:58:00-04:00,17329.9609375,17333.720703125,17317.470703125,17318.2578125,31046000,0.0,0.0
2025-04-28 10:59:00-04:00,17316.935546875,17326.12890625,17316.748046875,17320.166015625,29151000,0.0,0.0
2025-04-28 11:00:00-04:00,17323.748046875,17334.349609375,17323.21875,17327.423828125,42158000,0.0,0.0
2025-04-28 11:01:00-04:00,17327.615234375,17337.40234375,17326.740234375,17337.40234375,34725000,0.0,0.0
2025-04-28 11:02:00-04:00,17338.119140625,17338.119140625,17328.31640625,17332.078125,31593000,0.0,0.0
2025-04-28 11:03:00-04:00,17332.2578125,17332.626953125,17326.0859375,17326.408203125,29722000,0.0,0.0
2025-04-28 11:04:00-04:00,17326.953125,17332.724609375,17321.09375,17321.09375,21680000,0.0,0.0
2025-04-28 11:05:00-04:00,17320.3203125,17325.2890625,17318.064453125,17318.26953125,22265000,0.0,0.0
2025-04-28 11:06:00-04:00,17318.166015625,17318.166015625,17302.37890625,17302.607421875,23443000,0.0,0.0
2025-04-28 11:07:00-04:00,17303.29296875,17303.29296875,17296.6875,17297.31640625,24162000,0.0,0.0
2025-04-28 11:08:00-04:00,17295.91796875,17299.62109375,17287.681640625,17287.681640625,24594000,0.0,0.0
2025-04-28 11:09:00-04:00,17290.34765625,17290.34765625,17272.01171875,17275.884765625,28105000,0.0,0.0
2025-04-28 11:10:00-04:00,17279.759765625,17282.00390625,17265.75390625,17265.75390625,28868000,0.0,0.0
2025-04-28 11:11:00-04:00,17263.841796875,17283.60546875,17263.841796875,17283.60546875,36952000,0.0,0.0
2025-04-28 11:12:00-04:00,17281.830078125,17289.96484375,17281.830078125,17288.736328125,34819000,0.0,0.0
2025-04-28 11:13:00-04:00,17287.51953125,17297.068359375,17285.203125,17297.068359375,41538000,0.0,0.0
2025-04-28 11:14:00-04:00,17299.806640625,17302.673828125,17291.845703125,17292.412109375,35694000,0.0,0.0
2025-04-28 11:15:00-04:00,17291.556640625,17291.556640625,17276.53515625,17283.076171875,28328000,0.0,0.0
2025-04-28 11:16:00-04:00,17280.251953125,17280.251953125,17267.556640625,17267.556640625,33875000,0.0,0.0
2025-04-28 11:17:00-04:00,17267.892578125,17271.7421875,17259.74609375,17260.8046875,37820000,0.0,0.0
2025-04-28 11:18:00-04:00,17260.27734375,17260.27734375,17256.044921875,17259.66796875,31536000,0.0,0.0
2025-04-28 11:19:00-04:00,17258.67578125,17258.67578125,17254.697265625,17254.697265625,22883000,0.0,0.0
2025-04-28 11:20:00-04:00,17252.552734375,17253.064453125,17242.693359375,17249.177734375,29425000,0.0,0.0
2025-04-28 11:21:00-04:00,17249.3984375,17249.3984375,17223.048828125,17223.048828125,37727000,0.0,0.0
2025-04-28 11:22:00-04:00,17226.658203125,17226.658203125,17213.259765625,17213.259765625,33228000,0.0,0.0
2025-04-28 11:23:00-04:00,17213.658203125,17218.85546875,17207.75,17218.85546875,23030000,0.0,0.0
2025-04-28 11:24:00-04:00,17216.71875,17216.71875,17204.9765625,17207.154296875,25628000,0.0,0.0
2025-04-28 11:25:00-04:00,17202.337890625,17204.248046875,17190.4140625,17190.4140625,37547000,0.0,0.0
2025-04-28 11:26:00-04:00,17190.798828125,17199.7265625,17185.056640625,17187.169921875,29967000,0.0,0.0
2025-04-28 11:27:00-04:00,17185.892578125,17189.419921875,17180.791015625,17180.791015625,29941000,0.0,0.0
2025-04-28 11:28:00-04:00,17177.072265625,17188.041015625,17171.5625,17171.5625,30039000,0.0,0.0
2025-04-28 11:29:00-04:00,17175.09375,17176.33984375,17169.888671875,17171.37890625,24806000,0.0,0.0
2025-04-28 11:30:00-04:00,17172.17578125,17184.37109375,17172.17578125,17184.37109375,22687000,0.0,0.0
2025-04-28 11:31:00-04:00,17187.033203125,17197.431640625,17182.998046875,17194.189453125,27541000,0.0,0.0
2025-04-28 11:32:00-04:00,17196.158203125,17201.6796875,17194.431640625,17201.234375,28758000,0.0,0.0
2025-04-28 11:33:00-04:00,17199.3828125,17205.98046875,17197.212890625,17204.541015625,30491000,0.0,0.0
2025-04-28 11:34:00-04:00,17204.396484375,17205.119140625,17191.953125,17195.916015625,34455000,0.0,0.0
2025-04-28 11:35:00-04:00,17194.986328125,17194.986328125,17183.802734375,17192.625,34718000,0.0,0.0
2025-04-28 11:36:00-04:00,17194.6484375,17212.087890625,17193.548828125,17212.087890625,31479000,0.0,0.0
2025-04-28 11:37:00-04:00,17211.552734375,17221.083984375,17211.552734375,17217.5703125,37284000,0.0,0.0
2025-04-28 11:38:00-04:00,17217.560546875,17218.6875,17211.29296875,17215.076171875,26115000,0.0,0.0
2025-04-28 11:39:00-04:00,17214.537109375,17220.75390625,17211.40625,17220.701171875,23234000,0.0,0.0
2025-04-28 11:40:00-04:00,17223.326171875,17228.505859375,17221.822265625,17227.01953125,22039000,0.0,0.0
2025-04-28 11:41:00-04:00,17227.302734375,17231.81640625,17224.443359375,17228.640625,21417000,0.0,0.0
2025-04-28 11:42:00-04:00,17227.619140625,17234.5859375,17226.791015625,17232.45703125,25510000,0.0,0.0
2025-04-28 11:43:00-04:00,17231.712890625,17233.1328125,17224.05859375,17224.05859375,19633000,0.0,0.0
2025-04-28 11:44:00-04:00,17224.75,17225.244140625,17208.16796875,17208.603515625,23480000,0.0,0.0
2025-04-28 11:45:00-04:00,17211.890625,17213.240234375,17203.509765625,17206.568359375,24971000,0.0,0.0
2025-04-28 11:46:00-04:00,17205.451171875,17211.833984375,17201.96875,17211.09765625,21222000,0.0,0.0
2025-04-28 11:47:00-04:00,17207.287109375,17207.287109375,17201.359375,17203.599609375,25507000,0.0,0.0
2025-04-28 11:48:00-04:00,17205.43359375,17209.23828125,17197.00390625,17197.08203125,24334000,0.0,0.0
2025-04-28 11:49:00-04:00,17198.017578125,17201.453125,17197.263671875,17198.869140625,24233000,0.0,0.0
2025-04-28 11:50:00-04:00,17196.587890625,17199.439453125,17190.62890625,17198.236328125,24486000,0.0,0.0
2025-04-28 11:51:00-04:00,17195.49609375,17197.552734375,17194.66796875,17197.552734375,18384000,0.0,0.0
2025-04-28 11:52:00-04:00,17203.087890625,17220.978515625,17201.810546875,17220.978515625,16907000,0.0,0.0
2025-04-28 11:53:00-04:00,17220.271484375,17229.10546875,17219.90234375,17228.8125,18536000,0.0,0.0
2025-04-28 11:54:00-04:00,17225.310546875,17225.310546875,17210.333984375,17210.333984375,22136000,0.0,0.0
2025-04-28 11:55:00-04:00,17210.349609375,17220.2265625,17207.451171875,17215.173828125,17660000,0.0,0.0
2025-04-28 11:56:00-04:00,17214.23046875,17214.23046875,17201.681640625,17201.681640625,22362000,0.0,0.0
2025-04-28 11:57:00-04:00,17202.47265625,17202.47265625,17195.912109375,17197.564453125,25272000,0.0,0.0
2025-04-28 11:58:00-04:00,17197.9609375,17208.765625,17196.673828125,17207.640625,19140000,0.0,0.0
2025-04-28 11:59:00-04:00,17205.25390625,17205.828125,17202.404296875,17203.71875,17550000,0.0,0.0
2025-04-28 12:00:00-04:00,17203.583984375,17206.201171875,17195.39453125,17195.998046875,26626000,0.0,0.0
2025-04-28 12:01:00-04:00,17198.052734375,17202.314453125,17179.4140625,17179.4140625,9234000,0.0,0.0
2025-04-28 12:02:00-04:00,17181.4375,17187.50390625,17178.603515625,17178.603515625,16222000,0.0,0.0
2025-04-28 12:03:00-04:00,17177.173828125,17181.57421875,17176.05078125,17181.57421875,18230000,0.0,0.0
2025-04-28 12:04:00-04:00,17181.828125,17183.54296875,17177.185546875,17178.623046875,13445000,0.0,0.0
2025-04-28 12:05:00-04:00,17178.33984375,17178.33984375,17169.4296875,17174.533203125,18337000,0.0,0.0
2025-04-28 12:06:00-04:00,17177.22265625,17177.22265625,17167.103515625,17171.14453125,23995000,0.0,0.0
2025-04-28 12:07:00-04:00,17170.37890625,17170.37890625,17157.94921875,17158.744140625,12954000,0.0,0.0
2025-04-28 12:08:00-04:00,17158.177734375,17163.962890625,17158.177734375,17161.98828125,22621000,0.0,0.0
2025-04-28 12:09:00-04:00,17162.50390625,17164.84765625,17160.533203125,17161.2578125,35322000,0.0,0.0
2025-04-28 12:10:00-04:00,17162.03515625,17162.03515625,17154.623046875,17157.154296875,8404000,0.0,0.0
2025-04-28 12:11:00-04:00,17157.22265625,17157.22265625,17148.654296875,17155.189453125,17793000,0.0,0.0
2025-04-28 12:12:00-04:00,17153.150390625,17154.1875,17152.330078125,17152.330078125,28743000,0.0,0.0
2025-04-28 12:13:00-04:00,17147.37109375,17154.447265625,17146.677734375,17151.513671875,9084000,0.0,0.0
2025-04-28 12:14:00-04:00,17151.033203125,17154.048828125,17149.0,17152.736328125,16869000,0.0,0.0
2025-04-28 12:15:00-04:00,17152.974609375,17169.939453125,17152.974609375,17169.939453125,18242000,0.0,0.0
2025-04-28 12:16:00-04:00,17170.017578125,17171.046875,17167.64453125,17171.046875,19150000,0.0,0.0
2025-04-28 12:17:00-04:00,17171.978515625,17180.431640625,17171.978515625,17176.068359375,16661000,0.0,0.0
2025-04-28 12:18:00-04:00,17177.078125,17177.078125,17171.849609375,17173.154296875,17517000,0.0,0.0
2025-04-28 12:19:00-04:00,17173.23828125,17175.94921875,17170.708984375,17174.068359375,21159000,0.0,0.0
2025-04-28 12:20:00-04:00,17173.673828125,17174.400390625,17171.275390625,17171.275390625,25043000,0.0,0.0
2025-04-28 12:21:00-04:00,17170.052734375,17170.662109375,17159.748046875,17159.748046875,28746000,0.0,0.0
2025-04-28 12:22:00-04:00,17157.2109375,17157.66015625,17150.22265625,17151.763671875,33093000,0.0,0.0
2025-04-28 12:23:00-04:00,17150.1796875,17161.4609375,17150.1796875,17161.4609375,28883000,0.0,0.0
2025-04-28 12:24:00-04:00,17162.103515625,17168.26953125,17162.103515625,17162.8671875,23472000,0.0,0.0
2025-04-28 12:25:00-04:00,17163.05859375,17163.337890625,17156.4375,17157.98828125,34411000,0.0,0.0
2025-04-28 12:26:00-04:00,17156.748046875,17156.748046875,17147.744140625,17147.744140625,16728000,0.0,0.0
2025-04-28 12:27:00-04:00,17146.515625,17146.515625,17136.982421875,17138.443359375,25351000,0.0,0.0
2025-04-28 12:28:00-04:00,17137.888671875,17142.4296875,17133.28515625,17142.4296875,20906000,0.0,0.0
2025-04-28 12:29:00-04:00,17144.1953125,17146.21484375,17141.517578125,17141.732421875,40944000,0.0,0.0
2025-04-28 12:30:00-04:00,17145.044921875,17161.15234375,17143.662109375,17161.15234375,11501000,0.0,0.0
2025-04-28 12:31:00-04:00,17163.115234375,17166.484375,17160.59765625,17166.484375,64961000,0.0,0.0
2025-04-28 12:32:00-04:00,17167.974609375,17169.11328125,17164.939453125,17165.2734375,20765000,0.0,0.0
2025-04-28 12:33:00-04:00,17164.51171875,17165.61328125,17160.53125,17162.13671875,37709000,0.0,0.0
2025-04-28 12:34:00-04:00,17161.96875,17165.3828125,17156.998046875,17159.666015625,39569000,0.0,0.0
2025-04-28 12:35:00-04:00,17163.720703125,17176.85546875,17162.255859375,17176.85546875,24058000,0.0,0.0
2025-04-28 12:36:00-04:00,17176.830078125,17181.400390625,17175.73046875,17177.2265625,41218000,0.0,0.0
2025-04-28 12:37:00-04:00,17176.89453125,17177.291015625,17162.0625,17162.0625,18050000,0.0,0.0
2025-04-28 12:38:00-04:00,17158.2109375,17168.341796875,17158.2109375,17167.974609375,32435000,0.0,0.0
2025-04-28 12:39:00-04:00,17168.982421875,17175.373046875,17166.806640625,17174.041015625,9530000,0.0,0.0
2025-04-28 12:40:00-04:00,17174.158203125,17176.98046875,17169.8984375,17176.98046875,25659000,0.0,0.0
2025-04-28 12:41:00-04:00,17177.11328125,17183.203125,17177.11328125,17181.18359375,30514000,0.0,0.0
2025-04-28 12:42:00-04:00,17181.703125,17182.41015625,17176.36328125,17176.36328125,31416000,0.0,0.0
2025-04-28 12:43:00-04:00,17175.998046875,17187.453125,17173.78125,17187.453125,22650000,0.0,0.0
2025-04-28 12:44:00-04:00,17187.23828125,17187.23828125,17184.873046875,17185.763671875,18576000,0.0,0.0
2025-04-28 12:45:00-04:00,17184.970703125,17187.03515625,17183.361328125,17186.359375,32159000,0.0,0.0
2025-04-28 12:46:00-04:00,17185.796875,17193.880859375,17185.796875,17193.880859375,24992000,0.0,0.0
2025-04-28 12:47:00-04:00,17193.294921875,17204.259765625,17193.294921875,17202.802734375,16120000,0.0,0.0
2025-04-28 12:48:00-04:00,17202.078125,17207.98046875,17202.078125,17207.478515625,23417000,0.0,0.0
2025-04-28 12:49:00-04:00,17207.0703125,17207.0703125,17203.962890625,17206.154296875,8829000,0.0,0.0
2025-04-28 12:50:00-04:00,17205.955078125,17205.955078125,17196.845703125,17196.845703125,18961000,0.0,0.0
2025-04-28 12:51:00-04:00,17196.65234375,17196.65234375,17183.14453125,17183.14453125,7900000,0.0,0.0
2025-04-28 12:52:00-04:00,17182.615234375,17182.615234375,17177.912109375,17179.837890625,16634000,0.0,0.0
2025-04-28 12:53:00-04:00,17180.3046875,17180.3046875,17173.578125,17173.578125,19042000,0.0,0.0
2025-04-28 12:54:00-04:00,17174.1875,17182.115234375,17173.490234375,17179.908203125,8316000,0.0,0.0
2025-04-28 12:55:00-04:00,17176.474609375,17176.474609375,17166.916015625,17166.916015625,15298000,0.0,0.0
2025-04-28 12:56:00-04:00,17166.044921875,17166.044921875,17157.751953125,17161.900390625,14930000,0.0,0.0
2025-04-28 12:57:00-04:00,17162.67578125,17167.2421875,17158.416015625,17167.2421875,11829000,0.0,0.0
2025-04-28 12:58:00-04:00,17167.23046875,17170.375,17164.89453125,17170.375,12794000,0.0,0.0
2025-04-28 12:59:00-04:00,17170.5390625,17173.083984375,17170.22265625,17173.083984375,9407000,0.0,0.0
2025-04-28 13:00:00-04:00,17172.330078125,17179.2109375,17172.330078125,17179.2109375,15576000,0.0,0.0
2025-04-28 13:01:00-04:00,17178.880859375,17183.587890625,17178.20703125,17183.587890625,5066000,0.0,0.0
2025-04-28 13:02:00-04:00,17183.384765625,17183.384765625,17168.416015625,17170.84765625,15890000,0.0,0.0
2025-04-28 13:03:00-04:00,17170.078125,17178.021484375,17170.078125,17178.021484375,5037000,0.0,0.0
2025-04-28 13:04:00-04:00,17178.412109375,17184.37890625,17175.330078125,17175.330078125,11319000,0.0,0.0
2025-04-28 13:05:00-04:00,17175.12890625,17175.12890625,17169.482421875,17171.828125,15193000,0.0,0.0
2025-04-28 13:06:00-04:00,17171.916015625,17183.267578125,17171.916015625,17177.099609375,14986000,0.0,0.0
2025-04-28 13:07:00-04:00,17176.044921875,17176.044921875,17163.251953125,17163.251953125,36976000,0.0,0.0
2025-04-28 13:08:00-04:00,17161.896484375,17165.470703125,17160.005859375,17164.708984375,14968000,0.0,0.0
2025-04-28 13:09:00-04:00,17165.43359375,17165.43359375,17157.177734375,17157.48828125,23603000,0.0,0.0
2025-04-28 13:10:00-04:00,17157.068359375,17157.068359375,17143.822265625,17149.640625,26785000,0.0,0.0
2025-04-28 13:11:00-04:00,17149.26171875,17150.01171875,17146.025390625,17149.978515625,9376000,0.0,0.0
2025-04-28 13:12:00-04:00,17150.55859375,17151.265625,17147.41015625,17150.796875,18469000,0.0,0.0
2025-04-28 13:13:00-04:00,17150.07421875,17156.939453125,17148.802734375,17151.041015625,8448000,0.0,0.0
2025-04-28 13:14:00-04:00,17150.91796875,17150.91796875,17139.931640625,17139.931640625,13493000,0.0,0.0
2025-04-28 13:15:00-04:00,17139.75,17146.716796875,17129.154296875,17146.4375,27824000,0.0,0.0
2025-04-28 13:16:00-04:00,17146.6640625,17158.189453125,17146.6640625,17153.08203125,13097000,0.0,0.0
2025-04-28 13:17:00-04:00,17152.876953125,17157.50390625,17151.61328125,17153.60546875,17635000,0.0,0.0
2025-04-28 13:18:00-04:00,17152.84375,17164.162109375,17151.990234375,17164.072265625,6471000,0.0,0.0
2025-04-28 13:19:00-04:00,17163.689453125,17166.666015625,17162.8359375,17165.328125,20508000,0.0,0.0
2025-04-28 13:20:00-04:00,17165.041015625,17166.4375,17154.125,17158.400390625,18930000,0.0,0.0
2025-04-28 13:21:00-04:00,17158.2109375,17158.2109375,17150.556640625,17155.0625,21608000,0.0,0.0
2025-04-28 13:22:00-04:00,17155.396484375,17155.396484375,17150.802734375,17150.98046875,30594000,0.0,0.0
2025-04-28 13:23:00-04:00,17151.607421875,17152.08203125,17148.005859375,17151.677734375,9326000,0.0,0.0
2025-04-28 13:24:00-04:00,17153.623046875,17156.17578125,17152.673828125,17155.6484375,24798000,0.0,0.0
2025-04-28 13:25:00-04:00,17155.228515625,17159.001953125,17153.751953125,17154.369140625,10033000,0.0,0.0
2025-04-28 13:26:00-04:00,17154.330078125,17166.68359375,17154.21875,17166.384765625,16243000,0.0,0.0
2025-04-28 13:27:00-04:00,17168.931640625,17170.8984375,17167.375,17168.048828125,23651000,0.0,0.0
2025-04-28 13:28:00-04:00,17168.607421875,17168.607421875,17152.11328125,17152.83203125,11015000,0.0,0.0
2025-04-28 13:29:00-04:00,17152.94921875,17152.94921875,17140.3984375,17140.8515625,16481000,0.0,0.0
2025-04-28 13:30:00-04:00,17141.1796875,17143.15234375,17138.341796875,17138.75390625,14522000,0.0,0.0
2025-04-28 13:31:00-04:00,17139.966796875,17144.857421875,17136.662109375,17139.087890625,11966000,0.0,0.0
2025-04-28 13:32:00-04:00,17135.51171875,17139.45703125,17135.51171875,17139.099609375,14001000,0.0,0.0
2025-04-28 13:33:00-04:00,17140.634765625,17142.103515625,17139.525390625,17140.521484375,12264000,0.0,0.0
2025-04-28 13:34:00-04:00,17140.125,17148.19140625,17136.205078125,17148.19140625,14709000,0.0,0.0
2025-04-28 13:35:00-04:00,17149.24609375,17149.412109375,17143.2265625,17145.623046875,5217000,0.0,0.0
2025-04-28 13:36:00-04:00,17144.712890625,17150.947265625,17140.44140625,17150.947265625,16074000,0.0,0.0
2025-04-28 13:37:00-04:00,17151.21875,17151.21875,17144.54296875,17149.794921875,5400000,0.0,0.0
2025-04-28 13:38:00-04:00,17151.025390625,17158.0625,17151.025390625,17157.87109375,10602000,0.0,0.0
2025-04-28 13:39:00-04:00,17158.59765625,17165.4921875,17158.421875,17165.4921875,10924000,0.0,0.0
2025-04-28 13:40:00-04:00,17165.455078125,17171.244140625,17165.357421875,17170.947265625,17059000,0.0,0.0
2025-04-28 13:41:00-04:00,17172.970703125,17176.837890625,17172.970703125,17175.64453125,20909000,0.0,0.0
2025-04-28 13:42:00-04:00,17176.513671875,17176.896484375,17164.365234375,17164.365234375,8679000,0.0,0.0
2025-04-28 13:43:00-04:00,17163.32421875,17175.404296875,17161.28125,17175.01953125,25225000,0.0,0.0
2025-04-28 13:44:00-04:00,17175.51171875,17181.525390625,17175.51171875,17181.525390625,7077000,0.0,0.0
2025-04-28 13:45:00-04:00,17181.693359375,17186.814453125,17180.09765625,17186.814453125,10373000,0.0,0.0
2025-04-28 13:46:00-04:00,17187.294921875,17192.494140625,17187.294921875,17191.595703125,15015000,0.0,0.0
2025-04-28 13:47:00-04:00,17191.267578125,17198.578125,17190.447265625,17195.296875,17739000,0.0,0.0
2025-04-28 13:48:00-04:00,17195.5625,17200.2421875,17195.5625,17199.98828125,13408000,0.0,0.0
2025-04-28 13:49:00-04:00,17200.150390625,17200.150390625,17192.595703125,17193.912109375,14641000,0.0,0.0
2025-04-28 13:50:00-04:00,17194.6640625,17200.203125,17194.4609375,17199.763671875,11828000,0.0,0.0
2025-04-28 13:51:00-04:00,17199.703125,17202.072265625,17198.6328125,17198.6328125,15306000,0.0,0.0
2025-04-28 13:52:00-04:00,17198.279296875,17204.861328125,17198.25,17203.81640625,14003000,0.0,0.0
2025-04-28 13:53:00-04:00,17203.390625,17211.931640625,17203.390625,17207.841796875,19745000,0.0,0.0
2025-04-28 13:54:00-04:00,17208.91015625,17211.1484375,17208.056640625,17209.224609375,4901000,0.0,0.0
2025-04-28 13:55:00-04:00,17208.998046875,17210.841796875,17207.6953125,17207.6953125,15186000,0.0,0.0
2025-04-28 13:56:00-04:00,17208.751953125,17211.78125,17207.474609375,17211.357421875,6155000,0.0,0.0
2025-04-28 13:57:00-04:00,17211.830078125,17215.35546875,17210.158203125,17215.35546875,10062000,0.0,0.0
2025-04-28 13:58:00-04:00,17215.51953125,17227.013671875,17215.357421875,17227.013671875,11486000,0.0,0.0
2025-04-28 13:59:00-04:00,17227.693359375,17230.923828125,17224.03125,17226.111328125,14794000,0.0,0.0
2025-04-28 14:00:00-04:00,17226.076171875,17232.08984375,17224.130859375,17229.484375,18019000,0.0,0.0
2025-04-28 14:01:00-04:00,17229.89453125,17230.79296875,17220.943359375,17225.806640625,11089000,0.0,0.0
2025-04-28 14:02:00-04:00,17227.28515625,17229.30859375,17221.4375,17221.755859375,5806000,0.0,0.0
2025-04-28 14:03:00-04:00,17222.017578125,17224.740234375,17220.640625,17223.599609375,16016000,0.0,0.0
2025-04-28 14:04:00-04:00,17224.390625,17229.283203125,17224.390625,17228.55859375,3802000,0.0,0.0
2025-04-28 14:05:00-04:00,17228.638671875,17232.275390625,17227.751953125,17230.03515625,11908000,0.0,0.0
2025-04-28 14:06:00-04:00,17227.767578125,17231.205078125,17227.673828125,17228.701171875,12209000,0.0,0.0
2025-04-28 14:07:00-04:00,17230.2109375,17230.390625,17228.640625,17228.78125,10435000,0.0,0.0
2025-04-28 14:08:00-04:00,17228.623046875,17238.078125,17228.623046875,17236.138671875,17447000,0.0,0.0
2025-04-28 14:09:00-04:00,17235.099609375,17235.099609375,17228.25390625,17229.76171875,5471000,0.0,0.0
2025-04-28 14:10:00-04:00,17230.119140625,17230.119140625,17217.26171875,17221.666015625,16835000,0.0,0.0
2025-04-28 14:11:00-04:00,17225.623046875,17227.548828125,17224.693359375,17227.548828125,5165000,0.0,0.0
2025-04-28 14:12:00-04:00,17229.1796875,17229.38671875,17222.978515625,17222.978515625,8852000,0.0,0.0
2025-04-28 14:13:00-04:00,17220.595703125,17228.205078125,17220.595703125,17228.205078125,9122000,0.0,0.0
2025-04-28 14:14:00-04:00,17227.85546875,17234.97265625,17226.755859375,17233.580078125,8508000,0.0,0.0
2025-04-28 14:15:00-04:00,17233.20703125,17239.953125,17233.20703125,17239.66796875,20208000,0.0,0.0
2025-04-28 14:16:00-04:00,17237.19921875,17237.19921875,17226.974609375,17226.974609375,6940000,0.0,0.0
2025-04-28 14:17:00-04:00,17226.232421875,17229.654296875,17224.740234375,17224.861328125,13563000,0.0,0.0
2025-04-28 14:18:00-04:00,17222.912109375,17230.873046875,17222.912109375,17230.822265625,6610000,0.0,0.0
2025-04-28 14:19:00-04:00,17230.732421875,17230.732421875,17228.044921875,17228.044921875,11411000,0.0,0.0
2025-04-28 14:20:00-04:00,17228.193359375,17234.62109375,17228.193359375,17230.263671875,10728000,0.0,0.0
2025-04-28 14:21:00-04:00,17229.2734375,17230.962890625,17225.22265625,17230.962890625,13027000,0.0,0.0
2025-04-28 14:22:00-04:00,17231.685546875,17233.35546875,17226.765625,17230.1015625,11079000,0.0,0.0
2025-04-28 14:23:00-04:00,17230.2421875,17239.509765625,17230.23828125,17239.509765625,13082000,0.0,0.0
2025-04-28 14:24:00-04:00,17240.33984375,17252.177734375,17240.33984375,17252.177734375,16464000,0.0,0.0
2025-04-28 14:25:00-04:00,17252.7890625,17252.7890625,17249.47265625,17251.310546875,4987000,0.0,0.0
2025-04-28 14:26:00-04:00,17251.51171875,17253.294921875,17247.859375,17250.44140625,15146000,0.0,0.0
2025-04-28 14:27:00-04:00,17252.5703125,17264.318359375,17252.5703125,17264.318359375,6224000,0.0,0.0
2025-04-28 14:28:00-04:00,17264.427734375,17265.087890625,17261.060546875,17262.580078125,14442000,0.0,0.0
2025-04-28 14:29:00-04:00,17262.13671875,17262.314453125,17253.392578125,17257.4375,8594000,0.0,0.0
2025-04-28 14:30:00-04:00,17257.53125,17260.484375,17257.45703125,17259.69140625,10592000,0.0,0.0
2025-04-28 14:31:00-04:00,17259.89453125,17261.90234375,17258.76953125,17261.5078125,17274000,0.0,0.0
2025-04-28 14:32:00-04:00,17260.599609375,17260.599609375,17256.29296875,17256.29296875,5213000,0.0,0.0
2025-04-28 14:33:00-04:00,17255.919921875,17258.826171875,17247.859375,17248.20703125,15490000,0.0,0.0
2025-04-28 14:34:00-04:00,17248.994140625,17248.994140625,17242.328125,17245.3828125,5867000,0.0,0.0
2025-04-28 14:35:00-04:00,17246.810546875,17251.201171875,17244.1875,17249.41796875,9721000,0.0,0.0
2025-04-28 14:36:00-04:00,17249.681640625,17259.109375,17249.681640625,17259.095703125,14280000,0.0,0.0
2025-04-28 14:37:00-04:00,17259.978515625,17263.041015625,17259.978515625,17260.9375,3850000,0.0,0.0
2025-04-28 14:38:00-04:00,17260.927734375,17263.048828125,17260.240234375,17262.078125,7568000,0.0,0.0
2025-04-28 14:39:00-04:00,17262.16015625,17265.61328125,17261.859375,17263.6875,7450000,0.0,0.0
2025-04-28 14:40:00-04:00,17264.65234375,17273.916015625,17264.447265625,17273.916015625,10442000,0.0,0.0
2025-04-28 14:41:00-04:00,17272.072265625,17273.0625,17266.6796875,17271.462890625,11138000,0.0,0.0
2025-04-28 14:42:00-04:00,17271.4609375,17271.4609375,17264.982421875,17268.517578125,7564000,0.0,0.0
2025-04-28 14:43:00-04:00,17271.318359375,17271.318359375,17267.728515625,17267.806640625,11892000,0.0,0.0
2025-04-28 14:44:00-04:00,17267.9140625,17268.673828125,17264.900390625,17268.45703125,3802000,0.0,0.0
2025-04-28 14:45:00-04:00,17268.89453125,17268.89453125,17260.197265625,17262.359375,13175000,0.0,0.0
2025-04-28 14:46:00-04:00,17264.2265625,17270.8359375,17263.857421875,17270.4921875,4361000,0.0,0.0
2025-04-28 14:47:00-04:00,17271.884765625,17271.884765625,17266.609375,17271.384765625,8088000,0.0,0.0
2025-04-28 14:48:00-04:00,17271.87109375,17274.888671875,17271.87109375,17272.017578125,9386000,0.0,0.0
2025-04-28 14:49:00-04:00,17272.611328125,17272.90234375,17266.1875,17267.865234375,7719000,0.0,0.0
2025-04-28 14:50:00-04:00,17267.7734375,17277.875,17267.7734375,17277.875,12207000,0.0,0.0
2025-04-28 14:51:00-04:00,17277.32421875,17278.041015625,17275.642578125,17277.955078125,4102000,0.0,0.0
2025-04-28 14:52:00-04:00,17277.96484375,17281.83203125,17275.701171875,17281.83203125,12181000,0.0,0.0
2025-04-28 14:53:00-04:00,17278.248046875,17278.951171875,17271.064453125,17271.357421875,3341000,0.0,0.0
2025-04-28 14:54:00-04:00,17272.701171875,17282.2734375,17272.701171875,17280.421875,8608000,0.0,0.0
2025-04-28 14:55:00-04:00,17280.23046875,17281.576171875,17272.92578125,17273.724609375,7792000,0.0,0.0
2025-04-28 14:56:00-04:00,17273.673828125,17277.9140625,17273.673828125,17274.791015625,9764000,0.0,0.0
2025-04-28 14:57:00-04:00,17274.455078125,17275.03125,17270.720703125,17273.68359375,13499000,0.0,0.0
2025-04-28 14:58:00-04:00,17273.662109375,17276.560546875,17273.3984375,17275.4375,5374000,0.0,0.0
2025-04-28 14:59:00-04:00,17275.439453125,17278.302734375,17274.689453125,17275.31640625,13387000,0.0,0.0
2025-04-28 15:00:00-04:00,17275.708984375,17281.107421875,17275.17578125,17275.6484375,6592000,0.0,0.0
2025-04-28 15:01:00-04:00,17274.263671875,17289.0546875,17274.263671875,17287.9921875,10615000,0.0,0.0
2025-04-28 15:02:00-04:00,17288.845703125,17300.560546875,17288.845703125,17298.50390625,11746000,0.0,0.0
2025-04-28 15:03:00-04:00,17298.630859375,17301.306640625,17296.427734375,17301.306640625,11228000,0.0,0.0
2025-04-28 15:04:00-04:00,17301.42578125,17302.931640625,17299.51171875,17299.640625,12132000,0.0,0.0
2025-04-28 15:05:00-04:00,17300.158203125,17301.98046875,17295.81640625,17301.98046875,12006000,0.0,0.0
2025-04-28 15:06:00-04:00,17301.845703125,17307.076171875,17301.845703125,17303.67578125,13764000,0.0,0.0
2025-04-28 15:07:00-04:00,17304.451171875,17310.107421875,17304.451171875,17306.939453125,4455000,0.0,0.0
2025-04-28 15:08:00-04:00,17305.533203125,17312.2265625,17305.533203125,17310.279296875,15149000,0.0,0.0
2025-04-28 15:09:00-04:00,17309.86328125,17315.486328125,17309.818359375,17314.779296875,5041000,0.0,0.0
2025-04-28 15:10:00-04:00,17314.189453125,17316.03125,17311.267578125,17311.763671875,14381000,0.0,0.0
2025-04-28 15:11:00-04:00,17311.3203125,17316.478515625,17311.12109375,17311.12109375,15821000,0.0,0.0
2025-04-28 15:12:00-04:00,17313.16796875,17314.626953125,17302.0625,17302.380859375,7619000,0.0,0.0
2025-04-28 15:13:00-04:00,17301.6171875,17301.6171875,17297.255859375,17297.255859375,11501000,0.0,0.0
2025-04-28 15:14:00-04:00,17298.240234375,17311.958984375,17297.36328125,17311.958984375,10020000,0.0,0.0
2025-04-28 15:15:00-04:00,17312.791015625,17317.23046875,17311.279296875,17315.435546875,11872000,0.0,0.0
2025-04-28 15:16:00-04:00,17315.025390625,17317.466796875,17313.537109375,17317.466796875,11633000,0.0,0.0
2025-04-28 15:17:00-04:00,17316.994140625,17319.638671875,17316.748046875,17318.822265625,10680000,0.0,0.0
2025-04-28 15:18:00-04:00,17319.525390625,17324.625,17317.876953125,17324.625,12574000,0.0,0.0
2025-04-28 15:19:00-04:00,17324.82421875,17327.515625,17324.796875,17327.041015625,15346000,0.0,0.0
2025-04-28 15:20:00-04:00,17327.404296875,17331.275390625,17324.044921875,17327.94921875,15452000,0.0,0.0
2025-04-28 15:21:00-04:00,17328.603515625,17336.455078125,17328.603515625,17335.955078125,23651000,0.0,0.0
2025-04-28 15:22:00-04:00,17335.96484375,17345.1953125,17335.96484375,17343.37109375,7085000,0.0,0.0
2025-04-28 15:23:00-04:00,17344.638671875,17348.171875,17342.119140625,17348.126953125,21474000,0.0,0.0
2025-04-28 15:24:00-04:00,17347.8984375,17347.8984375,17337.9140625,17344.720703125,7038000,0.0,0.0
2025-04-28 15:25:00-04:00,17343.40625,17343.40625,17335.7890625,17339.482421875,14397000,0.0,0.0
2025-04-28 15:26:00-04:00,17341.857421875,17345.2578125,17341.857421875,17343.396484375,13171000,0.0,0.0
2025-04-28 15:27:00-04:00,17344.349609375,17346.158203125,17343.66015625,17345.171875,15176000,0.0,0.0
2025-04-28 15:28:00-04:00,17345.5234375,17347.0546875,17341.203125,17345.41015625,19523000,0.0,0.0
2025-04-28 15:29:00-04:00,17344.759765625,17345.767578125,17339.263671875,17341.916015625,7824000,0.0,0.0
2025-04-28 15:30:00-04:00,17338.880859375,17342.888671875,17337.400390625,17341.51171875,20706000,0.0,0.0
2025-04-28 15:31:00-04:00,17342.447265625,17348.716796875,17339.158203125,17342.5390625,8768000,0.0,0.0
2025-04-28 15:32:00-04:00,17343.0078125,17345.6171875,17339.466796875,17345.408203125,12542000,0.0,0.0
2025-04-28 15:33:00-04:00,17344.80859375,17351.701171875,17344.80859375,17351.701171875,14340000,0.0,0.0
2025-04-28 15:34:00-04:00,17351.21875,17353.56640625,17349.82421875,17352.79296875,11241000,0.0,0.0
2025-04-28 15:35:00-04:00,17351.767578125,17356.017578125,17340.630859375,17356.017578125,22839000,0.0,0.0
2025-04-28 15:36:00-04:00,17354.828125,17354.828125,17344.1171875,17344.462890625,13052000,0.0,0.0
2025-04-28 15:37:00-04:00,17344.3046875,17345.203125,17332.75,17341.4921875,20091000,0.0,0.0
2025-04-28 15:38:00-04:00,17343.224609375,17344.365234375,17340.814453125,17344.365234375,6085000,0.0,0.0
2025-04-28 15:39:00-04:00,17344.0390625,17344.328125,17340.1640625,17344.328125,11883000,0.0,0.0
2025-04-28 15:40:00-04:00,17344.13671875,17350.658203125,17338.669921875,17349.111328125,12656000,0.0,0.0
2025-04-28 15:41:00-04:00,17348.740234375,17355.529296875,17348.740234375,17355.080078125,14637000,0.0,0.0
2025-04-28 15:42:00-04:00,17354.302734375,17354.302734375,17350.037109375,17352.03125,15105000,0.0,0.0
2025-04-28 15:43:00-04:00,17351.6796875,17353.478515625,17350.181640625,17350.181640625,14082000,0.0,0.0
2025-04-28 15:44:00-04:00,17351.328125,17351.462890625,17347.625,17350.017578125,20231000,0.0,0.0
2025-04-28 15:45:00-04:00,17349.875,17359.236328125,17349.875,17358.876953125,7730000,0.0,0.0
2025-04-28 15:46:00-04:00,17358.41015625,17364.837890625,17356.80859375,17362.7421875,19544000,0.0,0.0
2025-04-28 15:47:00-04:00,17362.466796875,17362.466796875,17357.50390625,17359.31640625,28506000,0.0,0.0
2025-04-28 15:48:00-04:00,17359.279296875,17359.279296875,17352.896484375,17353.259765625,14946000,0.0,0.0
2025-04-28 15:49:00-04:00,17353.265625,17359.3984375,17353.265625,17359.3984375,33819000,0.0,0.0
2025-04-28 15:50:00-04:00,17377.052734375,17393.1484375,17375.71484375,17391.787109375,17799000,0.0,0.0
2025-04-28 15:51:00-04:00,17395.435546875,17395.435546875,17386.494140625,17387.234375,31577000,0.0,0.0
2025-04-28 15:52:00-04:00,17387.900390625,17405.7578125,17387.900390625,17404.916015625,26480000,0.0,0.0
2025-04-28 15:53:00-04:00,17405.859375,17406.447265625,17399.41015625,17401.0390625,28259000,0.0,0.0
2025-04-28 15:54:00-04:00,17401.232421875,17402.548828125,17391.759765625,17394.083984375,31167000,0.0,0.0
2025-04-28 15:55:00-04:00,17385.70703125,17390.45703125,17379.357421875,17390.45703125,36971000,0.0,0.0
2025-04-28 15:56:00-04:00,17388.8515625,17388.8515625,17382.724609375,17383.791015625,54084000,0.0,0.0
2025-04-28 15:57:00-04:00,17387.0,17390.10546875,17384.806640625,17388.361328125,20501000,0.0,0.0
2025-04-28 15:58:00-04:00,17387.955078125,17387.955078125,17380.28125,17380.28125,37206000,0.0,0.0
2025-04-28 15:59:00-04:00,17380.4609375,17380.4609375,17363.544921875,17365.591796875,39600000,0.0,0.0
2025-04-29 09:30:00-04:00,17271.830078125,17287.994140625,17270.275390625,17284.6875,0,0.0,0.0
2025-04-29 09:31:00-04:00,17282.37890625,17309.25,17282.37890625,17309.25,97711000,0.0,0.0
2025-04-29 09:32:00-04:00,17311.244140625,17324.861328125,17299.728515625,17324.861328125,93713000,0.0,0.0
2025-04-29 09:33:00-04:00,17327.353515625,17327.353515625,17303.6796875,17305.4453125,79157000,0.0,0.0
2025-04-29 09:34:00-04:00,17304.998046875,17308.765625,17293.857421875,17299.8828125,73890000,0.0,0.0
2025-04-29 09:35:00-04:00,17298.240234375,17298.240234375,17273.25390625,17277.25390625,69288000,0.0,0.0
2025-04-29 09:36:00-04:00,17285.068359375,17291.24609375,17275.763671875,17289.029296875,49706000,0.0,0.0
2025-04-29 09:37:00-04:00,17285.923828125,17289.71875,17265.771484375,17265.771484375,41699000,0.0,0.0
2025-04-29 09:38:00-04:00,17268.80078125,17277.20703125,17261.474609375,17262.2265625,50112000,0.0,0.0
2025-04-29 09:39:00-04:00,17257.328125,17270.728515625,17256.798828125,17264.8125,51193000,0.0,0.0
2025-04-29 09:40:00-04:00,17265.908203125,17299.091796875,17265.908203125,17294.6640625,44722000,0.0,0.0
2025-04-29 09:41:00-04:00,17296.15625,17296.517578125,17280.708984375,17296.517578125,47894000,0.0,0.0
2025-04-29 09:42:00-04:00,17301.666015625,17304.556640625,17290.607421875,17291.939453125,50115000,0.0,0.0
2025-04-29 09:43:00-04:00,17287.220703125,17307.939453125,17283.552734375,17307.939453125,75804000,0.0,0.0
2025-04-29 09:44:00-04:00,17308.474609375,17317.091796875,17308.474609375,17315.033203125,103453000,0.0,0.0
2025-04-29 09:45:00-04:00,17317.05859375,17326.783203125,17313.013671875,17326.783203125,119888000,0.0,0.0
2025-04-29 09:46:00-04:00,17334.17578125,17335.685546875,17328.615234375,17331.623046875,98220000,0.0,0.0
2025-04-29 09:47:00-04:00,17327.60546875,17350.228515625,17326.802734375,17350.228515625,73411000,0.0,0.0
2025-04-29 09:48:00-04:00,17344.123046875,17350.41015625,17340.8046875,17350.41015625,76606000,0.0,0.0
2025-04-29 09:49:00-04:00,17354.177734375,17354.177734375,17344.83984375,17345.8203125,72203000,0.0,0.0
2025-04-29 09:50:00-04:00,17347.669921875,17359.6953125,17347.669921875,17352.564453125,64885000,0.0,0.0
2025-04-29 09:51:00-04:00,17354.416015625,17359.494140625,17350.765625,17350.765625,48166000,0.0,0.0
2025-04-29 09:52:00-04:00,17349.765625,17351.056640625,17333.833984375,17337.162109375,56861000,0.0,0.0
2025-04-29 09:53:00-04:00,17342.78515625,17355.4140625,17342.78515625,17350.361328125,64367000,0.0,0.0
2025-04-29 09:54:00-04:00,17351.533203125,17351.533203125,17344.095703125,17346.25,59470000,0.0,0.0
2025-04-29 09:55:00-04:00,17347.37109375,17347.37109375,17331.537109375,17336.298828125,46961000,0.0,0.0
2025-04-29 09:56:00-04:00,17340.3515625,17357.3125,17340.3515625,17355.53515625,45592000,0.0,0.0
2025-04-29 09:57:00-04:00,17356.220703125,17358.033203125,17348.068359375,17349.7265625,61104000,0.0,0.0
2025-04-29 09:58:00-04:00,17352.8046875,17356.052734375,17339.98828125,17339.98828125,47694000,0.0,0.0
2025-04-29 09:59:00-04:00,17339.419921875,17339.419921875,17333.484375,17335.701171875,55421000,0.0,0.0
2025-04-29 10:00:00-04:00,17322.734375,17332.40234375,17320.48828125,17324.328125,52152000,0.0,0.0
2025-04-29 10:01:00-04:00,17325.921875,17357.9453125,17325.921875,17357.9453125,48978000,0.0,0.0
2025-04-29 10:02:00-04:00,17361.77734375,17366.556640625,17351.958984375,17366.556640625,52305000,0.0,0.0
2025-04-29 10:03:00-04:00,17364.876953125,17368.71484375,17363.767578125,17368.71484375,33984000,0.0,0.0
2025-04-29 10:04:00-04:00,17375.486328125,17375.86328125,17367.560546875,17373.623046875,37008000,0.0,0.0
2025-04-29 10:05:00-04:00,17371.310546875,17405.0390625,17371.310546875,17399.822265625,62407000,0.0,0.0
2025-04-29 10:06:00-04:00,17398.66015625,17422.421875,17398.66015625,17420.8828125,108609000,0.0,0.0
2025-04-29 10:07:00-04:00,17420.7265625,17420.7265625,17409.677734375,17418.982421875,90836000,0.0,0.0
2025-04-29 10:08:00-04:00,17418.16796875,17418.16796875,17412.197265625,17414.6796875,54053000,0.0,0.0
2025-04-29 10:09:00-04:00,17414.966796875,17414.966796875,17401.541015625,17401.541015625,58437000,0.0,0.0
2025-04-29 10:10:00-04:00,17403.857421875,17403.857421875,17398.58984375,17402.515625,55402000,0.0,0.0
2025-04-29 10:11:00-04:00,17398.689453125,17398.689453125,17386.84765625,17386.84765625,81225000,0.0,0.0
2025-04-29 10:12:00-04:00,17387.55078125,17387.55078125,17378.466796875,17378.466796875,66016000,0.0,0.0
2025-04-29 10:13:00-04:00,17378.15234375,17394.390625,17378.15234375,17394.390625,52433000,0.0,0.0
2025-04-29 10:14:00-04:00,17400.08984375,17401.853515625,17395.208984375,17399.37109375,49165000,0.0,0.0
2025-04-29 10:15:00-04:00,17400.203125,17400.203125,17387.275390625,17387.275390625,52736000,0.0,0.0
2025-04-29 10:16:00-04:00,17388.9140625,17390.123046875,17372.2578125,17372.2578125,44998000,0.0,0.0
2025-04-29 10:17:00-04:00,17380.712890625,17386.185546875,17377.357421875,17383.12890625,41978000,0.0,0.0
2025-04-29 10:18:00-04:00,17386.837890625,17394.560546875,17385.552734375,17386.279296875,33601000,0.0,0.0
2025-04-29 10:19:00-04:00,17378.822265625,17378.822265625,17367.4765625,17369.7578125,39385000,0.0,0.0
2025-04-29 10:20:00-04:00,17370.939453125,17376.546875,17363.853515625,17363.853515625,30650000,0.0,0.0
2025-04-29 10:21:00-04:00,17363.998046875,17363.998046875,17337.5,17338.970703125,36047000,0.0,0.0
2025-04-29 10:22:00-04:00,17338.546875,17352.26953125,17335.33984375,17349.162109375,38971000,0.0,0.0
2025-04-29 10:23:00-04:00,17347.015625,17347.10546875,17339.046875,17345.708984375,44096000,0.0,0.0
2025-04-29 10:24:00-04:00,17344.283203125,17345.5625,17336.97265625,17338.40234375,33767000,0.0,0.0
2025-04-29 10:25:00-04:00,17339.015625,17339.015625,17327.91015625,17335.53515625,42858000,0.0,0.0
2025-04-29 10:26:00-04:00,17334.19140625,17334.19140625,17327.302734375,17327.302734375,45144000,0.0,0.0
2025-04-29 10:27:00-04:00,17324.509765625,17324.509765625,17315.4921875,17318.078125,34524000,0.0,0.0
2025-04-29 10:28:00-04:00,17316.646484375,17321.921875,17313.01171875,17321.8125,30279000,0.0,0.0
2025-04-29 10:29:00-04:00,17322.07421875,17328.46875,17317.015625,17328.46875,29983000,0.0,0.0
2025-04-29 10:30:00-04:00,17327.306640625,17344.955078125,17327.306640625,17342.083984375,29336000,0.0,0.0
2025-04-29 10:31:00-04:00,17339.455078125,17343.521484375,17330.29296875,17334.36328125,28305000,0.0,0.0
2025-04-29 10:32:00-04:00,17336.353515625,17346.033203125,17334.884765625,17346.033203125,54881000,0.0,0.0
2025-04-29 10:33:00-04:00,17346.08984375,17358.2890625,17344.8984375,17357.380859375,44790000,0.0,0.0
2025-04-29 10:34:00-04:00,17357.18359375,17358.435546875,17353.3359375,17358.435546875,31622000,0.0,0.0
2025-04-29 10:35:00-04:00,17359.6640625,17376.193359375,17357.541015625,17376.193359375,34015000,0.0,0.0
2025-04-29 10:36:00-04:00,17375.291015625,17382.55859375,17373.615234375,17380.140625,31526000,0.0,0.0
2025-04-29 10:37:00-04:00,17387.134765625,17391.18359375,17387.134765625,17388.150390625,39741000,0.0,0.0
2025-04-29 10:38:00-04:00,17388.2265625,17395.345703125,17388.2265625,17395.208984375,32535000,0.0,0.0
2025-04-29 10:39:00-04:00,17395.712890625,17396.37890625,17390.880859375,17393.548828125,26465000,0.0,0.0
2025-04-29 10:40:00-04:00,17393.53515625,17396.974609375,17393.306640625,17393.76953125,40901000,0.0,0.0
2025-04-29 10:41:00-04:00,17394.09375,17394.09375,17383.728515625,17387.23828125,33873000,0.0,0.0
2025-04-29 10:42:00-04:00,17385.2890625,17385.2890625,17374.146484375,17377.37890625,36831000,0.0,0.0
2025-04-29 10:43:00-04:00,17377.578125,17377.578125,17367.296875,17368.951171875,34626000,0.0,0.0
2025-04-29 10:44:00-04:00,17367.677734375,17376.392578125,17367.677734375,17371.40234375,34748000,0.0,0.0
2025-04-29 10:45:00-04:00,17372.42578125,17381.759765625,17364.30859375,17381.759765625,28053000,0.0,0.0
2025-04-29 10:46:00-04:00,17383.244140625,17391.796875,17382.41796875,17389.03515625,29336000,0.0,0.0
2025-04-29 10:47:00-04:00,17390.193359375,17390.193359375,17382.076171875,17385.322265625,25896000,0.0,0.0
2025-04-29 10:48:00-04:00,17384.515625,17384.787109375,17380.158203125,17380.158203125,22364000,0.0,0.0
2025-04-29 10:49:00-04:00,17381.01171875,17383.591796875,17378.986328125,17380.861328125,21959000,0.0,0.0
2025-04-29 10:50:00-04:00,17382.2109375,17382.2109375,17367.177734375,17373.36328125,30949000,0.0,0.0
2025-04-29 10:51:00-04:00,17373.7578125,17376.10546875,17367.421875,17368.728515625,32013000,0.0,0.0
2025-04-29 10:52:00-04:00,17369.322265625,17373.994140625,17368.337890625,17372.92578125,36398000,0.0,0.0
2025-04-29 10:53:00-04:00,17372.458984375,17377.982421875,17372.458984375,17377.982421875,34174000,0.0,0.0
2025-04-29 10:54:00-04:00,17377.84375,17390.271484375,17377.84375,17390.142578125,27952000,0.0,0.0
2025-04-29 10:55:00-04:00,17390.60546875,17409.224609375,17390.60546875,17409.224609375,31888000,0.0,0.0
2025-04-29 10:56:00-04:00,17407.787109375,17415.9765625,17407.716796875,17411.560546875,27391000,0.0,0.0
2025-04-29 10:57:00-04:00,17413.689453125,17414.74609375,17406.4375,17407.982421875,31900000,0.0,0.0
2025-04-29 10:58:00-04:00,17406.978515625,17408.029296875,17400.29296875,17403.81640625,28300000,0.0,0.0
2025-04-29 10:59:00-04:00,17403.251953125,17409.662109375,17403.251953125,17409.662109375,42086000,0.0,0.0
2025-04-29 11:00:00-04:00,17409.29296875,17419.435546875,17409.29296875,17417.923828125,39653000,0.0,0.0
2025-04-29 11:01:00-04:00,17416.85546875,17420.93359375,17410.140625,17410.140625,29143000,0.0,0.0
2025-04-29 11:02:00-04:00,17411.201171875,17418.029296875,17411.09375,17414.453125,25487000,0.0,0.0
2025-04-29 11:03:00-04:00,17415.8359375,17416.494140625,17399.037109375,17399.037109375,19440000,0.0,0.0
2025-04-29 11:04:00-04:00,17394.216796875,17395.541015625,17389.884765625,17395.541015625,43284000,0.0,0.0
2025-04-29 11:05:00-04:00,17394.98828125,17400.013671875,17389.21484375,17389.21484375,49498000,0.0,0.0
2025-04-29 11:06:00-04:00,17391.568359375,17401.46875,17391.568359375,17401.05078125,37169000,0.0,0.0
2025-04-29 11:07:00-04:00,17399.267578125,17400.654296875,17395.771484375,17399.74609375,38893000,0.0,0.0
2025-04-29 11:08:00-04:00,17399.76953125,17407.486328125,17397.939453125,17403.025390625,36684000,0.0,0.0
2025-04-29 11:09:00-04:00,17404.337890625,17405.81640625,17397.00390625,17397.00390625,29477000,0.0,0.0
2025-04-29 11:10:00-04:00,17401.1953125,17401.1953125,17393.66015625,17393.66015625,31338000,0.0,0.0
2025-04-29 11:11:00-04:00,17392.451171875,17394.380859375,17376.072265625,17376.072265625,28199000,0.0,0.0
2025-04-29 11:12:00-04:00,17377.0546875,17381.509765625,17372.62890625,17381.509765625,28390000,0.0,0.0
2025-04-29 11:13:00-04:00,17382.6328125,17382.6328125,17368.89453125,17368.89453125,25672000,0.0,0.0
2025-04-29 11:14:00-04:00,17369.74609375,17378.466796875,17368.701171875,17378.466796875,21463000,0.0,0.0
2025-04-29 11:15:00-04:00,17378.1171875,17382.84375,17378.1171875,17381.033203125,25638000,0.0,0.0
2025-04-29 11:16:00-04:00,17379.353515625,17384.330078125,17379.18359375,17379.18359375,20282000,0.0,0.0
2025-04-29 11:17:00-04:00,17376.71875,17376.71875,17369.24609375,17370.28515625,21552000,0.0,0.0
2025-04-29 11:18:00-04:00,17368.3515625,17368.72265625,17357.1484375,17357.76171875,28194000,0.0,0.0
2025-04-29 11:19:00-04:00,17359.185546875,17360.2265625,17354.3125,17354.3125,24089000,0.0,0.0
2025-04-29 11:20:00-04:00,17354.26953125,17363.234375,17354.26953125,17363.234375,23622000,0.0,0.0
2025-04-29 11:21:00-04:00,17364.4921875,17368.498046875,17356.509765625,17356.509765625,15848000,0.0,0.0
2025-04-29 11:22:00-04:00,17358.498046875,17360.37890625,17347.443359375,17347.443359375,22361000,0.0,0.0
2025-04-29 11:23:00-04:00,17347.890625,17359.5390625,17346.15625,17358.693359375,19311000,0.0,0.0
2025-04-29 11:24:00-04:00,17360.119140625,17360.119140625,17351.185546875,17351.84765625,16499000,0.0,0.0
2025-04-29 11:25:00-04:00,17351.666015625,17355.861328125,17349.07421875,17355.861328125,14936000,0.0,0.0
2025-04-29 11:26:00-04:00,17356.576171875,17365.51171875,17356.576171875,17365.51171875,16732000,0.0,0.0
2025-04-29 11:27:00-04:00,17369.06640625,17376.109375,17369.06640625,17373.11328125,31131000,0.0,0.0
2025-04-29 11:28:00-04:00,17373.427734375,17382.7421875,17373.427734375,17382.7421875,29542000,0.0,0.0
2025-04-29 11:29:00-04:00,17384.73828125,17385.970703125,17378.3125,17378.3125,24722000,0.0,0.0
2025-04-29 11:30:00-04:00,17378.359375,17379.138671875,17359.345703125,17364.923828125,20808000,0.0,0.0
2025-04-29 11:31:00-04:00,17363.7109375,17363.7109375,17357.06640625,17359.634765625,21878000,0.0,0.0
2025-04-29 11:32:00-04:00,17360.0859375,17362.169921875,17355.662109375,17356.017578125,20545000,0.0,0.0
2025-04-29 11:33:00-04:00,17357.8359375,17357.8359375,17347.712890625,17348.16796875,21488000,0.0,0.0
2025-04-29 11:34:00-04:00,17344.6328125,17349.619140625,17344.6328125,17349.619140625,16396000,0.0,0.0
2025-04-29 11:35:00-04:00,17350.421875,17350.421875,17339.357421875,17341.80859375,21720000,0.0,0.0
2025-04-29 11:36:00-04:00,17341.203125,17358.875,17341.203125,17358.875,16781000,0.0,0.0
2025-04-29 11:37:00-04:00,17361.130859375,17373.26171875,17361.130859375,17366.04296875,18940000,0.0,0.0
2025-04-29 11:38:00-04:00,17367.185546875,17371.4453125,17366.328125,17371.4453125,19388000,0.0,0.0
2025-04-29 11:39:00-04:00,17371.896484375,17375.671875,17370.2890625,17375.671875,20857000,0.0,0.0
2025-04-29 11:40:00-04:00,17374.86328125,17374.86328125,17370.8984375,17374.314453125,18414000,0.0,0.0
2025-04-29 11:41:00-04:00,17377.076171875,17386.9296875,17377.076171875,17383.255859375,18699000,0.0,0.0
2025-04-29 11:42:00-04:00,17382.080078125,17394.181640625,17382.080078125,17394.181640625,16044000,0.0,0.0
2025-04-29 11:43:00-04:00,17394.732421875,17398.185546875,17392.708984375,17394.44921875,15547000,0.0,0.0
2025-04-29 11:44:00-04:00,17393.68359375,17400.69921875,17393.68359375,17400.69921875,16667000,0.0,0.0
2025-04-29 11:45:00-04:00,17401.982421875,17403.001953125,17393.87890625,17393.87890625,18752000,0.0,0.0
2025-04-29 11:46:00-04:00,17395.876953125,17400.236328125,17395.876953125,17398.798828125,16154000,0.0,0.0
2025-04-29 11:47:00-04:00,17398.3203125,17398.3203125,17395.951171875,17397.962890625,20390000,0.0,0.0
2025-04-29 11:48:00-04:00,17398.146484375,17398.146484375,17385.541015625,17385.8203125,14631000,0.0,0.0
2025-04-29 11:49:00-04:00,17385.197265625,17392.166015625,17382.521484375,17390.107421875,14243000,0.0,0.0
2025-04-29 11:50:00-04:00,17389.75390625,17391.650390625,17389.6796875,17390.650390625,14558000,0.0,0.0
2025-04-29 11:51:00-04:00,17393.29296875,17399.255859375,17393.29296875,17398.041015625,10709000,0.0,0.0
2025-04-29 11:52:00-04:00,17399.75390625,17400.97265625,17392.45703125,17392.45703125,12541000,0.0,0.0
2025-04-29 11:53:00-04:00,17390.916015625,17390.916015625,17379.07421875,17383.302734375,14966000,0.0,0.0
2025-04-29 11:54:00-04:00,17379.96484375,17389.197265625,17379.646484375,17389.197265625,13936000,0.0,0.0
2025-04-29 11:55:00-04:00,17388.875,17389.248046875,17385.365234375,17389.248046875,14210000,0.0,0.0
2025-04-29 11:56:00-04:00,17389.7578125,17389.7578125,17381.89453125,17382.859375,13914000,0.0,0.0
2025-04-29 11:57:00-04:00,17382.783203125,17382.783203125,17366.599609375,17369.2265625,20384000,0.0,0.0
2025-04-29 11:58:00-04:00,17369.796875,17373.3046875,17369.685546875,17372.990234375,35549000,0.0,0.0
2025-04-29 11:59:00-04:00,17374.556640625,17374.556640625,17370.68359375,17371.48046875,24657000,0.0,0.0
2025-04-29 12:00:00-04:00,17377.142578125,17377.142578125,17371.02734375,17371.818359375,26416000,0.0,0.0
2025-04-29 12:01:00-04:00,17373.919921875,17382.408203125,17371.791015625,17382.408203125,6475000,0.0,0.0
2025-04-29 12:02:00-04:00,17381.16796875,17389.91015625,17378.3828125,17389.46875,13865000,0.0,0.0
2025-04-29 12:03:00-04:00,17389.521484375,17400.17578125,17389.521484375,17400.17578125,16873000,0.0,0.0
2025-04-29 12:04:00-04:00,17400.296875,17403.201171875,17399.3984375,17400.763671875,16601000,0.0,0.0
2025-04-29 12:05:00-04:00,17401.423828125,17406.501953125,17400.662109375,17403.4296875,13766000,0.0,0.0
2025-04-29 12:06:00-04:00,17403.62109375,17412.955078125,17403.62109375,17412.955078125,14149000,0.0,0.0
2025-04-29 12:07:00-04:00,17413.5390625,17414.203125,17411.791015625,17412.3125,23743000,0.0,0.0
2025-04-29 12:08:00-04:00,17411.78515625,17418.54296875,17411.78515625,17418.54296875,4967000,0.0,0.0
2025-04-29 12:09:00-04:00,17419.79296875,17425.169921875,17419.79296875,17424.228515625,8904000,0.0,0.0
2025-04-29 12:10:00-04:00,17423.759765625,17423.759765625,17416.494140625,17421.650390625,19033000,0.0,0.0
2025-04-29 12:11:00-04:00,17421.3359375,17421.396484375,17415.63671875,17417.880859375,6828000,0.0,0.0
2025-04-29 12:12:00-04:00,17417.5546875,17422.498046875,17416.181640625,17422.498046875,20341000,0.0,0.0
2025-04-29 12:13:00-04:00,17422.626953125,17423.1796875,17418.1328125,17418.1328125,5253000,0.0,0.0
2025-04-29 12:14:00-04:00,17416.416015625,17418.228515625,17413.505859375,17413.505859375,10778000,0.0,0.0
2025-04-29 12:15:00-04:00,17414.1171875,17414.1171875,17405.509765625,17405.509765625,19039000,0.0,0.0
2025-04-29 12:16:00-04:00,17402.13671875,17407.96875,17402.13671875,17407.96875,7576000,0.0,0.0
2025-04-29 12:17:00-04:00,17408.619140625,17412.68359375,17404.1171875,17404.1171875,14608000,0.0,0.0
2025-04-29 12:18:00-04:00,17403.900390625,17403.900390625,17390.150390625,17396.78515625,12622000,0.0,0.0
2025-04-29 12:19:00-04:00,17396.482421875,17397.53515625,17386.775390625,17389.7421875,12642000,0.0,0.0
2025-04-29 12:20:00-04:00,17389.11328125,17394.837890625,17384.98828125,17393.220703125,16924000,0.0,0.0
2025-04-29 12:21:00-04:00,17392.525390625,17392.9375,17387.427734375,17391.306640625,15716000,0.0,0.0
2025-04-29 12:22:00-04:00,17391.583984375,17397.927734375,17391.583984375,17395.744140625,18364000,0.0,0.0
2025-04-29 12:23:00-04:00,17395.5859375,17395.951171875,17389.798828125,17395.951171875,6375000,0.0,0.0
2025-04-29 12:24:00-04:00,17396.390625,17397.99609375,17394.736328125,17395.24609375,23770000,0.0,0.0
2025-04-29 12:25:00-04:00,17395.177734375,17395.330078125,17386.89453125,17388.765625,12916000,0.0,0.0
2025-04-29 12:26:00-04:00,17389.81640625,17396.775390625,17388.591796875,17388.591796875,15873000,0.0,0.0
2025-04-29 12:27:00-04:00,17389.140625,17393.21875,17387.50390625,17392.94921875,19338000,0.0,0.0
2025-04-29 12:28:00-04:00,17393.0625,17394.384765625,17389.6328125,17394.26171875,10309000,0.0,0.0
2025-04-29 12:29:00-04:00,17394.33984375,17397.568359375,17394.33984375,17397.078125,18298000,0.0,0.0
2025-04-29 12:30:00-04:00,17398.150390625,17398.150390625,17387.8828125,17387.8828125,7175000,0.0,0.0
2025-04-29 12:31:00-04:00,17388.564453125,17393.115234375,17387.103515625,17389.67578125,20177000,0.0,0.0
2025-04-29 12:32:00-04:00,17389.740234375,17394.197265625,17388.65625,17394.197265625,6785000,0.0,0.0
2025-04-29 12:33:00-04:00,17394.259765625,17398.328125,17394.259765625,17398.328125,15012000,0.0,0.0
2025-04-29 12:34:00-04:00,17397.791015625,17406.755859375,17397.791015625,17406.529296875,16075000,0.0,0.0
2025-04-29 12:35:00-04:00,17407.66796875,17409.662109375,17407.466796875,17408.08984375,12333000,0.0,0.0
2025-04-29 12:36:00-04:00,17406.912109375,17412.46875,17406.912109375,17412.318359375,13629000,0.0,0.0
2025-04-29 12:37:00-04:00,17412.197265625,17412.197265625,17401.765625,17401.765625,13861000,0.0,0.0
2025-04-29 12:38:00-04:00,17401.25,17401.25,17384.599609375,17384.599609375,14290000,0.0,0.0
2025-04-29 12:39:00-04:00,17384.88671875,17387.517578125,17383.84765625,17386.8203125,13611000,0.0,0.0
2025-04-29 12:40:00-04:00,17387.8984375,17393.65625,17387.587890625,17393.65625,12458000,0.0,0.0
2025-04-29 12:41:00-04:00,17395.931640625,17404.958984375,17395.208984375,17404.958984375,17844000,0.0,0.0
2025-04-29 12:42:00-04:00,17405.853515625,17412.849609375,17405.853515625,17408.0078125,7422000,0.0,0.0
2025-04-29 12:43:00-04:00,17407.64453125,17411.08984375,17407.64453125,17411.08984375,16910000,0.0,0.0
2025-04-29 12:44:00-04:00,17411.255859375,17411.255859375,17408.046875,17408.982421875,5177000,0.0,0.0
2025-04-29 12:45:00-04:00,17408.18359375,17408.18359375,17393.6171875,17393.6171875,8208000,0.0,0.0
2025-04-29 12:46:00-04:00,17395.23046875,17395.23046875,17382.880859375,17383.68359375,11271000,0.0,0.0
2025-04-29 12:47:00-04:00,17383.578125,17384.5234375,17371.533203125,17371.533203125,9138000,0.0,0.0
2025-04-29 12:48:00-04:00,17372.271484375,17374.767578125,17355.416015625,17355.416015625,26967000,0.0,0.0
2025-04-29 12:49:00-04:00,17354.337890625,17356.84765625,17345.1953125,17351.388671875,6985000,0.0,0.0
2025-04-29 12:50:00-04:00,17353.1484375,17362.109375,17347.1953125,17360.935546875,14981000,0.0,0.0
2025-04-29 12:51:00-04:00,17360.9140625,17360.9140625,17350.599609375,17355.775390625,16333000,0.0,0.0
2025-04-29 12:52:00-04:00,17357.296875,17361.6328125,17355.48046875,17360.17578125,12258000,0.0,0.0
2025-04-29 12:53:00-04:00,17359.662109375,17360.498046875,17356.51171875,17358.203125,24147000,0.0,0.0
2025-04-29 12:54:00-04:00,17358.90234375,17362.205078125,17358.90234375,17359.09765625,6130000,0.0,0.0
2025-04-29 12:55:00-04:00,17358.814453125,17358.814453125,17339.125,17339.1484375,23238000,0.0,0.0
2025-04-29 12:56:00-04:00,17338.021484375,17338.021484375,17321.974609375,17325.728515625,11539000,0.0,0.0
2025-04-29 12:57:00-04:00,17324.091796875,17326.001953125,17320.14453125,17321.30078125,18079000,0.0,0.0
2025-04-29 12:58:00-04:00,17324.140625,17335.6484375,17322.45703125,17335.6484375,18693000,0.0,0.0
2025-04-29 12:59:00-04:00,17336.291015625,17341.4140625,17336.291015625,17337.287109375,23997000,0.0,0.0
2025-04-29 13:00:00-04:00,17337.2890625,17340.03515625,17331.39453125,17331.39453125,40632000,0.0,0.0
2025-04-29 13:01:00-04:00,17328.154296875,17340.37890625,17328.154296875,17339.994140625,13757000,0.0,0.0
2025-04-29 13:02:00-04:00,17340.599609375,17342.01171875,17335.84765625,17337.14453125,43439000,0.0,0.0
2025-04-29 13:03:00-04:00,17338.34765625,17343.146484375,17338.34765625,17342.7109375,10297000,0.0,0.0
2025-04-29 13:04:00-04:00,17344.14453125,17349.560546875,17342.609375,17349.560546875,35923000,0.0,0.0
2025-04-29 13:05:00-04:00,17350.037109375,17351.3671875,17342.67578125,17342.67578125,27627000,0.0,0.0
2025-04-29 13:06:00-04:00,17343.8125,17350.623046875,17343.8125,17350.4453125,19893000,0.0,0.0
2025-04-29 13:07:00-04:00,17350.453125,17354.466796875,17350.453125,17352.697265625,35242000,0.0,0.0
2025-04-29 13:08:00-04:00,17352.9453125,17353.240234375,17348.75,17349.486328125,8028000,0.0,0.0
2025-04-29 13:09:00-04:00,17349.119140625,17349.568359375,17346.28125,17346.28125,31314000,0.0,0.0
2025-04-29 13:10:00-04:00,17346.27734375,17346.27734375,17338.60546875,17338.98828125,11282000,0.0,0.0
2025-04-29 13:11:00-04:00,17339.068359375,17346.35546875,17337.31640625,17337.31640625,14418000,0.0,0.0
2025-04-29 13:12:00-04:00,17337.435546875,17338.32421875,17330.79296875,17333.630859375,10967000,0.0,0.0
2025-04-29 13:13:00-04:00,17334.87890625,17347.875,17334.87890625,17347.068359375,13348000,0.0,0.0
2025-04-29 13:14:00-04:00,17348.6328125,17351.578125,17346.876953125,17351.578125,19146000,0.0,0.0
2025-04-29 13:15:00-04:00,17352.126953125,17354.072265625,17349.79296875,17350.11328125,19138000,0.0,0.0
2025-04-29 13:16:00-04:00,17350.375,17352.427734375,17350.26953125,17351.0625,21521000,0.0,0.0
2025-04-29 13:17:00-04:00,17353.0546875,17374.2734375,17353.0546875,17372.6796875,9814000,0.0,0.0
2025-04-29 13:18:00-04:00,17373.33984375,17378.990234375,17373.2421875,17376.212890625,26605000,0.0,0.0
2025-04-29 13:19:00-04:00,17375.921875,17389.7890625,17375.921875,17389.669921875,7727000,0.0,0.0
2025-04-29 13:20:00-04:00,17389.671875,17389.671875,17385.91015625,17389.185546875,16890000,0.0,0.0
2025-04-29 13:21:00-04:00,17389.880859375,17397.275390625,17389.880859375,17397.166015625,14011000,0.0,0.0
2025-04-29 13:22:00-04:00,17397.634765625,17399.2421875,17392.845703125,17392.845703125,13643000,0.0,0.0
2025-04-29 13:23:00-04:00,17392.083984375,17392.814453125,17387.982421875,17391.484375,19160000,0.0,0.0
2025-04-29 13:24:00-04:00,17391.486328125,17396.796875,17390.07421875,17396.58203125,4935000,0.0,0.0
2025-04-29 13:25:00-04:00,17396.650390625,17396.865234375,17392.775390625,17395.638671875,12646000,0.0,0.0
2025-04-29 13:26:00-04:00,17395.53125,17401.67578125,17395.490234375,17396.27734375,17356000,0.0,0.0
2025-04-29 13:27:00-04:00,17395.765625,17396.966796875,17389.0,17389.0,6727000,0.0,0.0
2025-04-29 13:28:00-04:00,17387.8203125,17390.791015625,17379.580078125,17388.931640625,19310000,0.0,0.0
2025-04-29 13:29:00-04:00,17388.822265625,17390.990234375,17388.822265625,17388.9375,6247000,0.0,0.0
2025-04-29 13:30:00-04:00,17388.197265625,17393.330078125,17388.197265625,17392.30859375,13605000,0.0,0.0
2025-04-29 13:31:00-04:00,17392.505859375,17394.705078125,17388.498046875,17389.65234375,13065000,0.0,0.0
2025-04-29 13:32:00-04:00,17391.078125,17391.708984375,17387.302734375,17391.708984375,15809000,0.0,0.0
2025-04-29 13:33:00-04:00,17392.41796875,17394.111328125,17391.037109375,17392.140625,18021000,0.0,0.0
2025-04-29 13:34:00-04:00,17392.65234375,17393.953125,17389.494140625,17393.603515625,23579000,0.0,0.0
2025-04-29 13:35:00-04:00,17392.677734375,17400.880859375,17390.279296875,17400.880859375,21296000,0.0,0.0
2025-04-29 13:36:00-04:00,17401.1484375,17403.833984375,17401.1484375,17402.708984375,8369000,0.0,0.0
2025-04-29 13:37:00-04:00,17402.755859375,17404.658203125,17402.755859375,17403.095703125,17226000,0.0,0.0
2025-04-29 13:38:00-04:00,17403.73828125,17405.22265625,17403.52734375,17404.90234375,6584000,0.0,0.0
2025-04-29 13:39:00-04:00,17405.966796875,17409.59375,17405.19921875,17409.59375,11631000,0.0,0.0
2025-04-29 13:40:00-04:00,17410.4765625,17423.830078125,17410.4765625,17422.052734375,13006000,0.0,0.0
2025-04-29 13:41:00-04:00,17421.748046875,17424.572265625,17420.130859375,17421.1875,13771000,0.0,0.0
2025-04-29 13:42:00-04:00,17421.005859375,17424.271484375,17421.005859375,17423.54296875,14396000,0.0,0.0
2025-04-29 13:43:00-04:00,17423.86328125,17424.8828125,17423.625,17424.17578125,16242000,0.0,0.0
2025-04-29 13:44:00-04:00,17424.044921875,17427.828125,17423.9609375,17427.158203125,29836000,0.0,0.0
2025-04-29 13:45:00-04:00,17426.76171875,17426.76171875,17421.21875,17426.666015625,13482000,0.0,0.0
2025-04-29 13:46:00-04:00,17427.103515625,17430.919921875,17427.103515625,17430.435546875,16524000,0.0,0.0
2025-04-29 13:47:00-04:00,17430.859375,17454.615234375,17430.3046875,17452.794921875,17311000,0.0,0.0
2025-04-29 13:48:00-04:00,17453.185546875,17465.748046875,17453.185546875,17464.634765625,32029000,0.0,0.0
2025-04-29 13:49:00-04:00,17464.9765625,17471.169921875,17464.9765625,17470.46484375,40110000,0.0,0.0
2025-04-29 13:50:00-04:00,17467.919921875,17473.66796875,17463.673828125,17463.673828125,13382000,0.0,0.0
2025-04-29 13:51:00-04:00,17460.59375,17461.087890625,17454.197265625,17457.95703125,42889000,0.0,0.0
2025-04-29 13:52:00-04:00,17458.505859375,17463.955078125,17457.20703125,17462.123046875,12361000,0.0,0.0
2025-04-29 13:53:00-04:00,17462.708984375,17463.095703125,17459.267578125,17462.525390625,30928000,0.0,0.0
2025-04-29 13:54:00-04:00,17463.009765625,17469.05859375,17463.009765625,17465.494140625,29685000,0.0,0.0
2025-04-29 13:55:00-04:00,17465.548828125,17476.673828125,17463.958984375,17476.64453125,21708000,0.0,0.0
2025-04-29 13:56:00-04:00,17477.015625,17478.048828125,17474.87109375,17475.298828125,31739000,0.0,0.0
2025-04-29 13:57:00-04:00,17475.533203125,17475.806640625,17473.9375,17475.154296875,9209000,0.0,0.0
2025-04-29 13:58:00-04:00,17475.439453125,17477.19921875,17474.54296875,17475.056640625,22543000,0.0,0.0
2025-04-29 13:59:00-04:00,17475.765625,17476.919921875,17466.921875,17468.38671875,29264000,0.0,0.0
2025-04-29 14:00:00-04:00,17470.056640625,17470.166015625,17467.248046875,17470.166015625,10475000,0.0,0.0
2025-04-29 14:01:00-04:00,17469.736328125,17476.01953125,17469.46484375,17471.109375,19918000,0.0,0.0
2025-04-29 14:02:00-04:00,17471.626953125,17479.421875,17471.626953125,17479.421875,8617000,0.0,0.0
2025-04-29 14:03:00-04:00,17479.53125,17481.185546875,17478.494140625,17481.185546875,9641000,0.0,0.0
2025-04-29 14:04:00-04:00,17481.62890625,17489.8125,17481.62890625,17489.8125,12226000,0.0,0.0
2025-04-29 14:05:00-04:00,17489.89453125,17494.76171875,17487.99609375,17494.001953125,16626000,0.0,0.0
2025-04-29 14:06:00-04:00,17493.705078125,17495.986328125,17491.84375,17492.80859375,8284000,0.0,0.0
2025-04-29 14:07:00-04:00,17492.4140625,17493.287109375,17479.63671875,17479.63671875,12558000,0.0,0.0
2025-04-29 14:08:00-04:00,17476.89453125,17483.779296875,17472.033203125,17483.779296875,13757000,0.0,0.0
2025-04-29 14:09:00-04:00,17484.080078125,17485.783203125,17474.82421875,17478.763671875,18749000,0.0,0.0
2025-04-29 14:10:00-04:00,17477.263671875,17479.369140625,17471.658203125,17471.658203125,7021000,0.0,0.0
2025-04-29 14:11:00-04:00,17471.7265625,17477.123046875,17468.140625,17470.265625,14916000,0.0,0.0
2025-04-29 14:12:00-04:00,17471.0078125,17475.17578125,17470.7578125,17474.119140625,5190000,0.0,0.0
2025-04-29 14:13:00-04:00,17472.8671875,17478.2578125,17472.8671875,17477.404296875,8237000,0.0,0.0
2025-04-29 14:14:00-04:00,17477.4140625,17479.4765625,17475.365234375,17478.97265625,10207000,0.0,0.0
2025-04-29 14:15:00-04:00,17479.3203125,17483.84765625,17479.3203125,17483.18359375,7989000,0.0,0.0
2025-04-29 14:16:00-04:00,17482.466796875,17494.06640625,17482.466796875,17494.06640625,17407000,0.0,0.0
2025-04-29 14:17:00-04:00,17494.17578125,17494.77734375,17491.46484375,17494.66796875,5598000,0.0,0.0
2025-04-29 14:18:00-04:00,17494.30859375,17494.30859375,17486.03125,17489.701171875,13194000,0.0,0.0
2025-04-29 14:19:00-04:00,17490.78515625,17490.78515625,17480.53515625,17480.6484375,4324000,0.0,0.0
2025-04-29 14:20:00-04:00,17481.048828125,17485.26953125,17471.44140625,17473.50390625,11808000,0.0,0.0
2025-04-29 14:21:00-04:00,17473.26953125,17476.505859375,17463.369140625,17464.041015625,11353000,0.0,0.0
2025-04-29 14:22:00-04:00,17464.28125,17467.998046875,17464.28125,17466.5,10476000,0.0,0.0
2025-04-29 14:23:00-04:00,17466.34765625,17481.439453125,17466.34765625,17481.439453125,15473000,0.0,0.0
2025-04-29 14:24:00-04:00,17481.224609375,17481.697265625,17478.48828125,17478.755859375,4020000,0.0,0.0
2025-04-29 14:25:00-04:00,17477.75390625,17484.705078125,17473.73046875,17482.763671875,11951000,0.0,0.0
2025-04-29 14:26:00-04:00,17482.40625,17482.921875,17475.37109375,17475.552734375,3643000,0.0,0.0
2025-04-29 14:27:00-04:00,17475.4453125,17485.24609375,17475.4453125,17484.69140625,7378000,0.0,0.0
2025-04-29 14:28:00-04:00,17484.623046875,17497.20703125,17482.798828125,17491.294921875,15583000,0.0,0.0
2025-04-29 14:29:00-04:00,17492.00390625,17492.32421875,17489.248046875,17489.93359375,4117000,0.0,0.0
2025-04-29 14:30:00-04:00,17490.607421875,17494.787109375,17488.84375,17494.787109375,13341000,0.0,0.0
2025-04-29 14:31:00-04:00,17494.77734375,17494.77734375,17484.8125,17484.8125,5413000,0.0,0.0
2025-04-29 14:32:00-04:00,17484.587890625,17484.587890625,17471.521484375,17474.146484375,11587000,0.0,0.0
2025-04-29 14:33:00-04:00,17474.11328125,17485.6484375,17474.11328125,17485.6484375,14814000,0.0,0.0
2025-04-29 14:34:00-04:00,17485.234375,17485.923828125,17484.400390625,17484.40625,3285000,0.0,0.0
2025-04-29 14:35:00-04:00,17484.81640625,17488.09375,17482.544921875,17488.09375,8820000,0.0,0.0
2025-04-29 14:36:00-04:00,17488.263671875,17493.599609375,17488.263671875,17493.599609375,9042000,0.0,0.0
2025-04-29 14:37:00-04:00,17494.244140625,17496.060546875,17493.54296875,17494.021484375,10745000,0.0,0.0
2025-04-29 14:38:00-04:00,17494.216796875,17497.65234375,17493.4765625,17497.533203125,9662000,0.0,0.0
2025-04-29 14:39:00-04:00,17497.59765625,17499.119140625,17496.2578125,17497.7421875,8212000,0.0,0.0
2025-04-29 14:40:00-04:00,17497.634765625,17499.6875,17497.177734375,17498.34375,10427000,0.0,0.0
2025-04-29 14:41:00-04:00,17498.267578125,17500.341796875,17495.732421875,17496.875,5895000,0.0,0.0
2025-04-29 14:42:00-04:00,17495.01171875,17495.84375,17493.71875,17494.029296875,15778000,0.0,0.0
2025-04-29 14:43:00-04:00,17493.9453125,17494.974609375,17485.48046875,17489.845703125,5777000,0.0,0.0
2025-04-29 14:44:00-04:00,17490.12109375,17493.564453125,17490.12109375,17493.564453125,8426000,0.0,0.0
2025-04-29 14:45:00-04:00,17493.51171875,17493.51171875,17479.626953125,17479.888671875,8394000,0.0,0.0
2025-04-29 14:46:00-04:00,17479.494140625,17487.044921875,17479.025390625,17485.11328125,8378000,0.0,0.0
2025-04-29 14:47:00-04:00,17485.642578125,17487.001953125,17484.671875,17486.236328125,11687000,0.0,0.0
2025-04-29 14:48:00-04:00,17484.171875,17484.171875,17481.025390625,17482.041015625,4305000,0.0,0.0
2025-04-29 14:49:00-04:00,17482.111328125,17483.732421875,17480.654296875,17481.640625,14174000,0.0,0.0
2025-04-29 14:50:00-04:00,17482.251953125,17482.251953125,17471.892578125,17472.345703125,3979000,0.0,0.0
2025-04-29 14:51:00-04:00,17471.85546875,17477.69140625,17466.0625,17477.59375,11892000,0.0,0.0
2025-04-29 14:52:00-04:00,17477.232421875,17478.755859375,17468.908203125,17476.775390625,11454000,0.0,0.0
2025-04-29 14:53:00-04:00,17476.369140625,17481.650390625,17476.01953125,17481.650390625,8426000,0.0,0.0
2025-04-29 14:54:00-04:00,17481.484375,17483.009765625,17478.822265625,17478.861328125,11194000,0.0,0.0
2025-04-29 14:55:00-04:00,17478.919921875,17483.126953125,17477.08203125,17482.20703125,4782000,0.0,0.0
2025-04-29 14:56:00-04:00,17481.837890625,17482.5390625,17472.791015625,17474.072265625,15549000,0.0,0.0
2025-04-29 14:57:00-04:00,17473.5,17475.03515625,17471.7890625,17474.375,4654000,0.0,0.0
2025-04-29 14:58:00-04:00,17474.041015625,17474.666015625,17464.775390625,17464.775390625,9317000,0.0,0.0
2025-04-29 14:59:00-04:00,17464.08203125,17465.40234375,17463.873046875,17464.43359375,11359000,0.0,0.0
2025-04-29 15:00:00-04:00,17463.22265625,17469.931640625,17462.19140625,17469.931640625,11576000,0.0,0.0
2025-04-29 15:01:00-04:00,17471.91796875,17478.0703125,17471.91796875,17474.421875,9389000,0.0,0.0
2025-04-29 15:02:00-04:00,17476.9453125,17479.099609375,17472.912109375,17472.912109375,10490000,0.0,0.0
2025-04-29 15:03:00-04:00,17471.98828125,17474.80859375,17467.470703125,17472.009765625,13728000,0.0,0.0
2025-04-29 15:04:00-04:00,17472.48828125,17472.48828125,17465.857421875,17465.857421875,4612000,0.0,0.0
2025-04-29 15:05:00-04:00,17464.953125,17464.953125,17458.91015625,17459.685546875,8772000,0.0,0.0
2025-04-29 15:06:00-04:00,17460.029296875,17465.357421875,17460.029296875,17465.357421875,8109000,0.0,0.0
2025-04-29 15:07:00-04:00,17464.689453125,17482.3125,17462.955078125,17481.47265625,8732000,0.0,0.0
2025-04-29 15:08:00-04:00,17481.51171875,17485.416015625,17473.083984375,17473.935546875,19236000,0.0,0.0
2025-04-29 15:09:00-04:00,17474.037109375,17476.435546875,17472.720703125,17475.181640625,4629000,0.0,0.0
2025-04-29 15:10:00-04:00,17478.923828125,17482.408203125,17478.662109375,17480.22265625,8594000,0.0,0.0
2025-04-29 15:11:00-04:00,17479.6015625,17485.474609375,17478.310546875,17485.474609375,9168000,0.0,0.0
2025-04-29 15:12:00-04:00,17485.27734375,17485.708984375,17479.138671875,17479.53515625,8890000,0.0,0.0
2025-04-29 15:13:00-04:00,17479.689453125,17481.302734375,17476.576171875,17478.8125,13553000,0.0,0.0
2025-04-29 15:14:00-04:00,17479.47265625,17479.47265625,17466.994140625,17479.427734375,4639000,0.0,0.0
2025-04-29 15:15:00-04:00,17477.5703125,17477.685546875,17460.59375,17460.59375,20848000,0.0,0.0
2025-04-29 15:16:00-04:00,17462.18359375,17467.197265625,17460.513671875,17463.478515625,5584000,0.0,0.0
2025-04-29 15:17:00-04:00,17462.50390625,17464.90625,17454.90625,17456.396484375,11115000,0.0,0.0
2025-04-29 15:18:00-04:00,17456.91796875,17462.890625,17456.662109375,17462.16015625,12970000,0.0,0.0
2025-04-29 15:19:00-04:00,17462.759765625,17462.759765625,17456.279296875,17460.44140625,18654000,0.0,0.0
2025-04-29 15:20:00-04:00,17459.685546875,17464.751953125,17454.97265625,17464.751953125,14753000,0.0,0.0
2025-04-29 15:21:00-04:00,17467.34765625,17467.34765625,17464.515625,17464.515625,15035000,0.0,0.0
2025-04-29 15:22:00-04:00,17466.470703125,17469.7109375,17465.701171875,17467.50390625,16983000,0.0,0.0
2025-04-29 15:23:00-04:00,17467.55078125,17470.1796875,17463.86328125,17466.896484375,4858000,0.0,0.0
2025-04-29 15:24:00-04:00,17466.89453125,17472.46484375,17466.029296875,17472.46484375,16171000,0.0,0.0
2025-04-29 15:25:00-04:00,17471.974609375,17476.72265625,17453.96484375,17460.298828125,9299000,0.0,0.0
2025-04-29 15:26:00-04:00,17459.564453125,17459.564453125,17457.212890625,17459.08984375,11805000,0.0,0.0
2025-04-29 15:27:00-04:00,17459.669921875,17460.986328125,17457.400390625,17460.53125,11934000,0.0,0.0
2025-04-29 15:28:00-04:00,17460.6640625,17462.35546875,17458.142578125,17459.705078125,12138000,0.0,0.0
2025-04-29 15:29:00-04:00,17460.755859375,17462.705078125,17459.45703125,17462.29296875,19769000,0.0,0.0
2025-04-29 15:30:00-04:00,17465.455078125,17470.703125,17465.455078125,17468.48828125,7683000,0.0,0.0
2025-04-29 15:31:00-04:00,17468.689453125,17470.45703125,17466.9296875,17469.498046875,17677000,0.0,0.0
2025-04-29 15:32:00-04:00,17467.810546875,17468.416015625,17461.71484375,17468.416015625,6480000,0.0,0.0
2025-04-29 15:33:00-04:00,17467.673828125,17470.6953125,17464.16796875,17470.6953125,10955000,0.0,0.0
2025-04-29 15:34:00-04:00,17471.029296875,17471.443359375,17468.3984375,17468.3984375,10151000,0.0,0.0
2025-04-29 15:35:00-04:00,17467.494140625,17469.62890625,17463.373046875,17468.435546875,13283000,0.0,0.0
2025-04-29 15:36:00-04:00,17468.744140625,17468.744140625,17457.0390625,17458.25,20592000,0.0,0.0
2025-04-29 15:37:00-04:00,17459.88671875,17459.88671875,17453.443359375,17453.443359375,6438000,0.0,0.0
2025-04-29 15:38:00-04:00,17452.8671875,17452.8671875,17446.19921875,17451.857421875,21943000,0.0,0.0
2025-04-29 15:39:00-04:00,17451.232421875,17458.09375,17451.232421875,17455.244140625,7579000,0.0,0.0
2025-04-29 15:40:00-04:00,17455.25390625,17456.220703125,17448.71875,17449.296875,12411000,0.0,0.0
2025-04-29 15:41:00-04:00,17450.3203125,17456.390625,17447.08203125,17447.08203125,15945000,0.0,0.0
2025-04-29 15:42:00-04:00,17447.3984375,17449.72265625,17437.451171875,17449.72265625,17440000,0.0,0.0
2025-04-29 15:43:00-04:00,17449.97265625,17452.51171875,17445.365234375,17446.5234375,22485000,0.0,0.0
2025-04-29 15:44:00-04:00,17446.46875,17448.6015625,17442.943359375,17447.54296875,7770000,0.0,0.0
2025-04-29 15:45:00-04:00,17447.09765625,17448.69140625,17438.68359375,17441.521484375,18161000,0.0,0.0
2025-04-29 15:46:00-04:00,17443.2109375,17456.4765625,17443.2109375,17454.935546875,21014000,0.0,0.0
2025-04-29 15:47:00-04:00,17456.03125,17459.232421875,17455.16796875,17455.16796875,16604000,0.0,0.0
2025-04-29 15:48:00-04:00,17454.72265625,17463.5625,17453.626953125,17463.24609375,22707000,0.0,0.0
2025-04-29 15:49:00-04:00,17463.41796875,17473.14453125,17463.1484375,17472.392578125,10587000,0.0,0.0
2025-04-29 15:50:00-04:00,17479.11328125,17483.216796875,17478.10546875,17480.6328125,36695000,0.0,0.0
2025-04-29 15:51:00-04:00,17480.958984375,17486.048828125,17478.173828125,17482.7109375,10675000,0.0,0.0
2025-04-29 15:52:00-04:00,17484.126953125,17484.25,17475.34765625,17479.833984375,21976000,0.0,0.0
2025-04-29 15:53:00-04:00,17478.43359375,17481.994140625,17477.25390625,17479.021484375,22986000,0.0,0.0
2025-04-29 15:54:00-04:00,17480.2890625,17484.80078125,17470.603515625,17477.671875,26486000,0.0,0.0
2025-04-29 15:55:00-04:00,17478.828125,17478.828125,17456.01953125,17456.01953125,45544000,0.0,0.0
2025-04-29 15:56:00-04:00,17457.880859375,17469.28515625,17457.880859375,17469.28515625,16011000,0.0,0.0
2025-04-29 15:57:00-04:00,17468.935546875,17469.49609375,17465.587890625,17467.490234375,53816000,0.0,0.0
2025-04-29 15:58:00-04:00,17466.451171875,17466.451171875,17461.41796875,17463.92578125,14174000,0.0,0.0
2025-04-29 15:59:00-04:00,17463.52734375,17471.294921875,17451.966796875,17459.732421875,32698000,0.0,0.0
