Datetime,Open,High,Low,Close,Volume,Dividends,Stock Splits
2025-05-05 02:15:00-05:00,24.25,24.34000015258789,24.25,24.34000015258789,0,0.0,0.0
2025-05-05 02:16:00-05:00,24.329999923706055,24.350000381469727,24.329999923706055,24.350000381469727,0,0.0,0.0
2025-05-05 02:17:00-05:00,24.34000015258789,24.34000015258789,24.31999969482422,24.31999969482422,0,0.0,0.0
2025-05-05 02:18:00-05:00,24.329999923706055,24.350000381469727,24.329999923706055,24.350000381469727,0,0.0,0.0
2025-05-05 02:19:00-05:00,24.350000381469727,24.350000381469727,24.31999969482422,24.31999969482422,0,0.0,0.0
2025-05-05 02:20:00-05:00,24.299999237060547,24.299999237060547,24.280000686645508,24.280000686645508,0,0.0,0.0
2025-05-05 02:21:00-05:00,24.270000457763672,24.270000457763672,24.25,24.260000228881836,0,0.0,0.0
2025-05-05 02:22:00-05:00,24.260000228881836,24.260000228881836,24.25,24.25,0,0.0,0.0
2025-05-05 02:23:00-05:00,24.25,24.25,24.209999084472656,24.209999084472656,0,0.0,0.0
2025-05-05 02:24:00-05:00,24.209999084472656,24.209999084472656,24.209999084472656,24.209999084472656,0,0.0,0.0
2025-05-05 02:25:00-05:00,24.209999084472656,24.209999084472656,24.200000762939453,24.209999084472656,0,0.0,0.0
2025-05-05 02:26:00-05:00,24.219999313354492,24.25,24.219999313354492,24.239999771118164,0,0.0,0.0
2025-05-05 02:27:00-05:00,24.25,24.25,24.219999313354492,24.219999313354492,0,0.0,0.0
2025-05-05 02:28:00-05:00,24.229999542236328,24.239999771118164,24.219999313354492,24.239999771118164,0,0.0,0.0
2025-05-05 02:29:00-05:00,24.25,24.25,24.229999542236328,24.229999542236328,0,0.0,0.0
2025-05-05 02:30:00-05:00,24.229999542236328,24.229999542236328,24.209999084472656,24.209999084472656,0,0.0,0.0
2025-05-05 02:31:00-05:00,24.200000762939453,24.209999084472656,24.200000762939453,24.209999084472656,0,0.0,0.0
2025-05-05 02:32:00-05:00,24.200000762939453,24.209999084472656,24.200000762939453,24.200000762939453,0,0.0,0.0
2025-05-05 02:33:00-05:00,24.190000534057617,24.190000534057617,24.15999984741211,24.15999984741211,0,0.0,0.0
2025-05-05 02:34:00-05:00,24.15999984741211,24.170000076293945,24.15999984741211,24.170000076293945,0,0.0,0.0
2025-05-05 02:35:00-05:00,24.170000076293945,24.18000030517578,24.170000076293945,24.18000030517578,0,0.0,0.0
2025-05-05 02:36:00-05:00,24.18000030517578,24.18000030517578,24.15999984741211,24.18000030517578,0,0.0,0.0
2025-05-05 02:37:00-05:00,24.270000457763672,24.270000457763672,24.229999542236328,24.229999542236328,0,0.0,0.0
2025-05-05 02:38:00-05:00,24.219999313354492,24.229999542236328,24.219999313354492,24.229999542236328,0,0.0,0.0
2025-05-05 02:39:00-05:00,24.229999542236328,24.239999771118164,24.229999542236328,24.239999771118164,0,0.0,0.0
2025-05-05 02:40:00-05:00,24.239999771118164,24.239999771118164,24.229999542236328,24.229999542236328,0,0.0,0.0
2025-05-05 02:41:00-05:00,24.229999542236328,24.229999542236328,24.219999313354492,24.229999542236328,0,0.0,0.0
2025-05-05 02:42:00-05:00,24.239999771118164,24.239999771118164,24.209999084472656,24.209999084472656,0,0.0,0.0
2025-05-05 02:43:00-05:00,24.200000762939453,24.200000762939453,24.190000534057617,24.200000762939453,0,0.0,0.0
2025-05-05 02:44:00-05:00,24.209999084472656,24.229999542236328,24.209999084472656,24.229999542236328,0,0.0,0.0
2025-05-05 02:45:00-05:00,24.239999771118164,24.239999771118164,24.190000534057617,24.190000534057617,0,0.0,0.0
2025-05-05 02:46:00-05:00,24.190000534057617,24.200000762939453,24.190000534057617,24.190000534057617,0,0.0,0.0
2025-05-05 02:47:00-05:00,24.219999313354492,24.25,24.219999313354492,24.229999542236328,0,0.0,0.0
2025-05-05 02:48:00-05:00,24.229999542236328,24.229999542236328,24.219999313354492,24.219999313354492,0,0.0,0.0
2025-05-05 02:49:00-05:00,24.219999313354492,24.219999313354492,24.190000534057617,24.200000762939453,0,0.0,0.0
2025-05-05 02:50:00-05:00,24.209999084472656,24.270000457763672,24.209999084472656,24.270000457763672,0,0.0,0.0
2025-05-05 02:51:00-05:00,24.280000686645508,24.280000686645508,24.25,24.25,0,0.0,0.0
2025-05-05 02:52:00-05:00,24.25,24.25,24.209999084472656,24.219999313354492,0,0.0,0.0
2025-05-05 02:53:00-05:00,24.219999313354492,24.219999313354492,24.209999084472656,24.209999084472656,0,0.0,0.0
2025-05-05 02:54:00-05:00,24.209999084472656,24.209999084472656,24.209999084472656,24.209999084472656,0,0.0,0.0
2025-05-05 02:55:00-05:00,24.209999084472656,24.209999084472656,24.190000534057617,24.190000534057617,0,0.0,0.0
2025-05-05 02:56:00-05:00,24.209999084472656,24.229999542236328,24.209999084472656,24.229999542236328,0,0.0,0.0
2025-05-05 02:57:00-05:00,24.239999771118164,24.239999771118164,24.229999542236328,24.229999542236328,0,0.0,0.0
2025-05-05 02:58:00-05:00,24.219999313354492,24.219999313354492,24.200000762939453,24.209999084472656,0,0.0,0.0
2025-05-05 02:59:00-05:00,24.219999313354492,24.219999313354492,24.219999313354492,24.219999313354492,0,0.0,0.0
2025-05-05 03:00:00-05:00,24.219999313354492,24.219999313354492,24.190000534057617,24.190000534057617,0,0.0,0.0
2025-05-05 03:01:00-05:00,24.18000030517578,24.18000030517578,24.15999984741211,24.15999984741211,0,0.0,0.0
2025-05-05 03:02:00-05:00,24.149999618530273,24.170000076293945,24.149999618530273,24.15999984741211,0,0.0,0.0
2025-05-05 03:03:00-05:00,24.15999984741211,24.15999984741211,24.1200008392334,24.1200008392334,0,0.0,0.0
2025-05-05 03:04:00-05:00,24.1200008392334,24.1200008392334,24.1200008392334,24.1200008392334,0,0.0,0.0
2025-05-05 03:05:00-05:00,24.1200008392334,24.200000762939453,24.1200008392334,24.200000762939453,0,0.0,0.0
2025-05-05 03:06:00-05:00,24.190000534057617,24.190000534057617,24.170000076293945,24.18000030517578,0,0.0,0.0
2025-05-05 03:07:00-05:00,24.190000534057617,24.209999084472656,24.190000534057617,24.209999084472656,0,0.0,0.0
2025-05-05 03:08:00-05:00,24.200000762939453,24.200000762939453,24.190000534057617,24.190000534057617,0,0.0,0.0
2025-05-05 03:09:00-05:00,24.18000030517578,24.209999084472656,24.18000030517578,24.200000762939453,0,0.0,0.0
2025-05-05 03:10:00-05:00,24.190000534057617,24.190000534057617,24.170000076293945,24.170000076293945,0,0.0,0.0
2025-05-05 03:11:00-05:00,24.18000030517578,24.18000030517578,24.149999618530273,24.15999984741211,0,0.0,0.0
2025-05-05 03:12:00-05:00,24.15999984741211,24.18000030517578,24.15999984741211,24.18000030517578,0,0.0,0.0
2025-05-05 03:13:00-05:00,24.18000030517578,24.18000030517578,24.15999984741211,24.15999984741211,0,0.0,0.0
2025-05-05 03:14:00-05:00,24.149999618530273,24.200000762939453,24.149999618530273,24.200000762939453,0,0.0,0.0
2025-05-05 03:15:00-05:00,24.200000762939453,24.219999313354492,24.200000762939453,24.200000762939453,0,0.0,0.0
2025-05-05 03:16:00-05:00,24.18000030517578,24.18000030517578,24.170000076293945,24.170000076293945,0,0.0,0.0
2025-05-05 03:17:00-05:00,24.15999984741211,24.170000076293945,24.15999984741211,24.15999984741211,0,0.0,0.0
2025-05-05 03:18:00-05:00,24.149999618530273,24.170000076293945,24.139999389648438,24.170000076293945,0,0.0,0.0
2025-05-05 03:19:00-05:00,24.170000076293945,24.170000076293945,24.15999984741211,24.15999984741211,0,0.0,0.0
2025-05-05 03:20:00-05:00,24.149999618530273,24.149999618530273,24.1200008392334,24.1299991607666,0,0.0,0.0
2025-05-05 03:21:00-05:00,24.15999984741211,24.170000076293945,24.149999618530273,24.149999618530273,0,0.0,0.0
2025-05-05 03:22:00-05:00,24.139999389648438,24.139999389648438,24.1299991607666,24.1299991607666,0,0.0,0.0
2025-05-05 03:23:00-05:00,24.1299991607666,24.1299991607666,24.1299991607666,24.1299991607666,0,0.0,0.0
2025-05-05 03:24:00-05:00,24.1299991607666,24.1299991607666,24.1200008392334,24.1299991607666,0,0.0,0.0
2025-05-05 03:25:00-05:00,24.1299991607666,24.15999984741211,24.1299991607666,24.1299991607666,0,0.0,0.0
2025-05-05 03:26:00-05:00,24.1200008392334,24.139999389648438,24.1200008392334,24.1299991607666,0,0.0,0.0
2025-05-05 03:27:00-05:00,24.1299991607666,24.1299991607666,24.1200008392334,24.1200008392334,0,0.0,0.0
2025-05-05 03:28:00-05:00,24.1200008392334,24.1299991607666,24.1200008392334,24.1200008392334,0,0.0,0.0
2025-05-05 03:29:00-05:00,24.1200008392334,24.190000534057617,24.1200008392334,24.190000534057617,0,0.0,0.0
2025-05-05 03:30:00-05:00,24.18000030517578,24.229999542236328,24.18000030517578,24.229999542236328,0,0.0,0.0
2025-05-05 03:31:00-05:00,24.219999313354492,24.229999542236328,24.219999313354492,24.229999542236328,0,0.0,0.0
2025-05-05 03:32:00-05:00,24.260000228881836,24.299999237060547,24.25,24.25,0,0.0,0.0
2025-05-05 03:33:00-05:00,24.239999771118164,24.239999771118164,24.229999542236328,24.239999771118164,0,0.0,0.0
2025-05-05 03:34:00-05:00,24.229999542236328,24.239999771118164,24.229999542236328,24.239999771118164,0,0.0,0.0
2025-05-05 03:35:00-05:00,24.239999771118164,24.270000457763672,24.239999771118164,24.260000228881836,0,0.0,0.0
2025-05-05 03:36:00-05:00,24.270000457763672,24.270000457763672,24.260000228881836,24.260000228881836,0,0.0,0.0
2025-05-05 03:37:00-05:00,24.260000228881836,24.329999923706055,24.25,24.329999923706055,0,0.0,0.0
2025-05-05 03:38:00-05:00,24.309999465942383,24.31999969482422,24.309999465942383,24.31999969482422,0,0.0,0.0
2025-05-05 03:39:00-05:00,24.31999969482422,24.31999969482422,24.299999237060547,24.309999465942383,0,0.0,0.0
2025-05-05 03:40:00-05:00,24.309999465942383,24.3700008392334,24.309999465942383,24.3700008392334,0,0.0,0.0
2025-05-05 03:41:00-05:00,24.360000610351562,24.389999389648438,24.360000610351562,24.3700008392334,0,0.0,0.0
2025-05-05 03:42:00-05:00,24.360000610351562,24.3799991607666,24.350000381469727,24.3700008392334,0,0.0,0.0
2025-05-05 03:43:00-05:00,24.3700008392334,24.3700008392334,24.34000015258789,24.34000015258789,0,0.0,0.0
2025-05-05 03:44:00-05:00,24.34000015258789,24.350000381469727,24.329999923706055,24.350000381469727,0,0.0,0.0
2025-05-05 03:45:00-05:00,24.34000015258789,24.3700008392334,24.34000015258789,24.3700008392334,0,0.0,0.0
2025-05-05 03:46:00-05:00,24.360000610351562,24.3700008392334,24.360000610351562,24.3700008392334,0,0.0,0.0
2025-05-05 03:47:00-05:00,24.3700008392334,24.3799991607666,24.360000610351562,24.3799991607666,0,0.0,0.0
2025-05-05 03:48:00-05:00,24.3799991607666,24.3799991607666,24.3799991607666,24.3799991607666,0,0.0,0.0
2025-05-05 03:49:00-05:00,24.389999389648438,24.40999984741211,24.389999389648438,24.40999984741211,0,0.0,0.0
2025-05-05 03:50:00-05:00,24.420000076293945,24.450000762939453,24.420000076293945,24.450000762939453,0,0.0,0.0
2025-05-05 03:51:00-05:00,24.440000534057617,24.459999084472656,24.440000534057617,24.450000762939453,0,0.0,0.0
2025-05-05 03:52:00-05:00,24.450000762939453,24.5,24.450000762939453,24.5,0,0.0,0.0
2025-05-05 03:53:00-05:00,24.530000686645508,24.540000915527344,24.520000457763672,24.540000915527344,0,0.0,0.0
2025-05-05 03:54:00-05:00,24.549999237060547,24.579999923706055,24.549999237060547,24.559999465942383,0,0.0,0.0
2025-05-05 03:55:00-05:00,24.59000015258789,24.59000015258789,24.56999969482422,24.56999969482422,0,0.0,0.0
2025-05-05 03:56:00-05:00,24.520000457763672,24.520000457763672,24.489999771118164,24.489999771118164,0,0.0,0.0
2025-05-05 03:57:00-05:00,24.489999771118164,24.510000228881836,24.479999542236328,24.479999542236328,0,0.0,0.0
2025-05-05 03:58:00-05:00,24.479999542236328,24.489999771118164,24.479999542236328,24.479999542236328,0,0.0,0.0
2025-05-05 03:59:00-05:00,24.479999542236328,24.510000228881836,24.479999542236328,24.510000228881836,0,0.0,0.0
2025-05-05 04:00:00-05:00,24.520000457763672,24.520000457763672,24.520000457763672,24.520000457763672,0,0.0,0.0
2025-05-05 04:01:00-05:00,24.5,24.530000686645508,24.5,24.520000457763672,0,0.0,0.0
2025-05-05 04:02:00-05:00,24.530000686645508,24.530000686645508,24.510000228881836,24.510000228881836,0,0.0,0.0
2025-05-05 04:03:00-05:00,24.520000457763672,24.520000457763672,24.5,24.5,0,0.0,0.0
2025-05-05 04:04:00-05:00,24.5,24.520000457763672,24.5,24.520000457763672,0,0.0,0.0
2025-05-05 04:05:00-05:00,24.510000228881836,24.540000915527344,24.510000228881836,24.540000915527344,0,0.0,0.0
2025-05-05 04:06:00-05:00,24.540000915527344,24.559999465942383,24.540000915527344,24.559999465942383,0,0.0,0.0
2025-05-05 04:07:00-05:00,24.56999969482422,24.56999969482422,24.559999465942383,24.559999465942383,0,0.0,0.0
2025-05-05 04:08:00-05:00,24.559999465942383,24.59000015258789,24.559999465942383,24.59000015258789,0,0.0,0.0
2025-05-05 04:09:00-05:00,24.610000610351562,24.6200008392334,24.600000381469727,24.6200008392334,0,0.0,0.0
2025-05-05 04:10:00-05:00,24.610000610351562,24.6200008392334,24.600000381469727,24.600000381469727,0,0.0,0.0
2025-05-05 04:11:00-05:00,24.59000015258789,24.6200008392334,24.59000015258789,24.610000610351562,0,0.0,0.0
2025-05-05 04:12:00-05:00,24.579999923706055,24.579999923706055,24.56999969482422,24.579999923706055,0,0.0,0.0
2025-05-05 04:13:00-05:00,24.59000015258789,24.6299991607666,24.59000015258789,24.6299991607666,0,0.0,0.0
2025-05-05 04:14:00-05:00,24.610000610351562,24.610000610351562,24.600000381469727,24.610000610351562,0,0.0,0.0
2025-05-05 04:15:00-05:00,24.59000015258789,24.610000610351562,24.559999465942383,24.559999465942383,0,0.0,0.0
2025-05-05 04:16:00-05:00,24.579999923706055,24.579999923706055,24.559999465942383,24.559999465942383,0,0.0,0.0
2025-05-05 04:17:00-05:00,24.549999237060547,24.549999237060547,24.540000915527344,24.540000915527344,0,0.0,0.0
2025-05-05 04:18:00-05:00,24.540000915527344,24.540000915527344,24.520000457763672,24.520000457763672,0,0.0,0.0
2025-05-05 04:19:00-05:00,24.520000457763672,24.530000686645508,24.520000457763672,24.520000457763672,0,0.0,0.0
2025-05-05 04:20:00-05:00,24.520000457763672,24.520000457763672,24.5,24.5,0,0.0,0.0
2025-05-05 04:21:00-05:00,24.479999542236328,24.479999542236328,24.440000534057617,24.440000534057617,0,0.0,0.0
2025-05-05 04:22:00-05:00,24.440000534057617,24.440000534057617,24.420000076293945,24.420000076293945,0,0.0,0.0
2025-05-05 04:23:00-05:00,24.420000076293945,24.420000076293945,24.399999618530273,24.40999984741211,0,0.0,0.0
2025-05-05 04:24:00-05:00,24.399999618530273,24.399999618530273,24.3799991607666,24.3799991607666,0,0.0,0.0
2025-05-05 04:25:00-05:00,24.3700008392334,24.389999389648438,24.3700008392334,24.389999389648438,0,0.0,0.0
2025-05-05 04:26:00-05:00,24.40999984741211,24.40999984741211,24.399999618530273,24.40999984741211,0,0.0,0.0
2025-05-05 04:27:00-05:00,24.40999984741211,24.40999984741211,24.399999618530273,24.40999984741211,0,0.0,0.0
2025-05-05 04:28:00-05:00,24.40999984741211,24.420000076293945,24.40999984741211,24.40999984741211,0,0.0,0.0
2025-05-05 04:29:00-05:00,24.399999618530273,24.399999618530273,24.389999389648438,24.389999389648438,0,0.0,0.0
2025-05-05 04:30:00-05:00,24.389999389648438,24.389999389648438,24.389999389648438,24.389999389648438,0,0.0,0.0
2025-05-05 04:31:00-05:00,24.389999389648438,24.389999389648438,24.34000015258789,24.34000015258789,0,0.0,0.0
2025-05-05 04:32:00-05:00,24.31999969482422,24.31999969482422,24.31999969482422,24.31999969482422,0,0.0,0.0
2025-05-05 04:33:00-05:00,24.360000610351562,24.360000610351562,24.34000015258789,24.360000610351562,0,0.0,0.0
2025-05-05 04:34:00-05:00,24.360000610351562,24.360000610351562,24.360000610351562,24.360000610351562,0,0.0,0.0
2025-05-05 04:35:00-05:00,24.360000610351562,24.3799991607666,24.360000610351562,24.3700008392334,0,0.0,0.0
2025-05-05 04:36:00-05:00,24.3700008392334,24.3799991607666,24.350000381469727,24.3799991607666,0,0.0,0.0
2025-05-05 04:37:00-05:00,24.389999389648438,24.389999389648438,24.3700008392334,24.389999389648438,0,0.0,0.0
2025-05-05 04:38:00-05:00,24.389999389648438,24.399999618530273,24.3799991607666,24.3799991607666,0,0.0,0.0
2025-05-05 04:39:00-05:00,24.3700008392334,24.3700008392334,24.360000610351562,24.360000610351562,0,0.0,0.0
2025-05-05 04:40:00-05:00,24.360000610351562,24.389999389648438,24.360000610351562,24.389999389648438,0,0.0,0.0
2025-05-05 04:41:00-05:00,24.40999984741211,24.40999984741211,24.389999389648438,24.389999389648438,0,0.0,0.0
2025-05-05 04:42:00-05:00,24.399999618530273,24.40999984741211,24.389999389648438,24.389999389648438,0,0.0,0.0
2025-05-05 04:43:00-05:00,24.389999389648438,24.389999389648438,24.3799991607666,24.3799991607666,0,0.0,0.0
2025-05-05 04:44:00-05:00,24.389999389648438,24.389999389648438,24.3700008392334,24.3700008392334,0,0.0,0.0
2025-05-05 04:45:00-05:00,24.3700008392334,24.3700008392334,24.360000610351562,24.360000610351562,0,0.0,0.0
2025-05-05 04:46:00-05:00,24.3700008392334,24.389999389648438,24.360000610351562,24.389999389648438,0,0.0,0.0
2025-05-05 04:47:00-05:00,24.3799991607666,24.3799991607666,24.3799991607666,24.3799991607666,0,0.0,0.0
2025-05-05 04:48:00-05:00,24.3700008392334,24.3700008392334,24.31999969482422,24.31999969482422,0,0.0,0.0
2025-05-05 04:49:00-05:00,24.31999969482422,24.31999969482422,24.31999969482422,24.31999969482422,0,0.0,0.0
2025-05-05 04:50:00-05:00,24.31999969482422,24.31999969482422,24.309999465942383,24.309999465942383,0,0.0,0.0
2025-05-05 04:51:00-05:00,24.31999969482422,24.31999969482422,24.280000686645508,24.309999465942383,0,0.0,0.0
2025-05-05 04:52:00-05:00,24.309999465942383,24.34000015258789,24.309999465942383,24.309999465942383,0,0.0,0.0
2025-05-05 04:53:00-05:00,24.31999969482422,24.329999923706055,24.309999465942383,24.309999465942383,0,0.0,0.0
2025-05-05 04:54:00-05:00,24.31999969482422,24.31999969482422,24.309999465942383,24.31999969482422,0,0.0,0.0
2025-05-05 04:55:00-05:00,24.329999923706055,24.360000610351562,24.329999923706055,24.350000381469727,0,0.0,0.0
2025-05-05 04:56:00-05:00,24.329999923706055,24.34000015258789,24.31999969482422,24.329999923706055,0,0.0,0.0
2025-05-05 04:57:00-05:00,24.34000015258789,24.350000381469727,24.34000015258789,24.34000015258789,0,0.0,0.0
2025-05-05 04:58:00-05:00,24.34000015258789,24.360000610351562,24.34000015258789,24.360000610351562,0,0.0,0.0
2025-05-05 04:59:00-05:00,24.350000381469727,24.360000610351562,24.350000381469727,24.360000610351562,0,0.0,0.0
2025-05-05 05:00:00-05:00,24.360000610351562,24.3700008392334,24.360000610351562,24.360000610351562,0,0.0,0.0
2025-05-05 05:01:00-05:00,24.360000610351562,24.3700008392334,24.360000610351562,24.3700008392334,0,0.0,0.0
2025-05-05 05:02:00-05:00,24.360000610351562,24.360000610351562,24.34000015258789,24.34000015258789,0,0.0,0.0
2025-05-05 05:03:00-05:00,24.31999969482422,24.360000610351562,24.31999969482422,24.360000610351562,0,0.0,0.0
2025-05-05 05:04:00-05:00,24.3799991607666,24.40999984741211,24.3799991607666,24.40999984741211,0,0.0,0.0
2025-05-05 05:05:00-05:00,24.420000076293945,24.440000534057617,24.40999984741211,24.43000030517578,0,0.0,0.0
2025-05-05 05:06:00-05:00,24.40999984741211,24.40999984741211,24.40999984741211,24.40999984741211,0,0.0,0.0
2025-05-05 05:07:00-05:00,24.399999618530273,24.399999618530273,24.389999389648438,24.389999389648438,0,0.0,0.0
2025-05-05 05:08:00-05:00,24.389999389648438,24.399999618530273,24.389999389648438,24.399999618530273,0,0.0,0.0
2025-05-05 05:09:00-05:00,24.389999389648438,24.389999389648438,24.3799991607666,24.389999389648438,0,0.0,0.0
2025-05-05 05:10:00-05:00,24.389999389648438,24.389999389648438,24.360000610351562,24.360000610351562,0,0.0,0.0
2025-05-05 05:11:00-05:00,24.360000610351562,24.3700008392334,24.329999923706055,24.3700008392334,0,0.0,0.0
2025-05-05 05:12:00-05:00,24.3700008392334,24.3700008392334,24.360000610351562,24.360000610351562,0,0.0,0.0
2025-05-05 05:13:00-05:00,24.360000610351562,24.3799991607666,24.360000610351562,24.3799991607666,0,0.0,0.0
2025-05-05 05:14:00-05:00,24.3799991607666,24.3799991607666,24.3799991607666,24.3799991607666,0,0.0,0.0
2025-05-05 05:15:00-05:00,24.350000381469727,24.350000381469727,24.350000381469727,24.350000381469727,0,0.0,0.0
2025-05-05 05:16:00-05:00,24.350000381469727,24.360000610351562,24.350000381469727,24.360000610351562,0,0.0,0.0
2025-05-05 05:17:00-05:00,24.360000610351562,24.3700008392334,24.360000610351562,24.3700008392334,0,0.0,0.0
2025-05-05 05:18:00-05:00,24.3700008392334,24.3799991607666,24.360000610351562,24.3700008392334,0,0.0,0.0
2025-05-05 05:19:00-05:00,24.360000610351562,24.399999618530273,24.360000610351562,24.399999618530273,0,0.0,0.0
2025-05-05 05:20:00-05:00,24.40999984741211,24.40999984741211,24.40999984741211,24.40999984741211,0,0.0,0.0
2025-05-05 05:21:00-05:00,24.399999618530273,24.40999984741211,24.399999618530273,24.399999618530273,0,0.0,0.0
2025-05-05 05:22:00-05:00,24.399999618530273,24.399999618530273,24.399999618530273,24.399999618530273,0,0.0,0.0
2025-05-05 05:23:00-05:00,24.40999984741211,24.40999984741211,24.389999389648438,24.389999389648438,0,0.0,0.0
2025-05-05 05:24:00-05:00,24.389999389648438,24.389999389648438,24.360000610351562,24.360000610351562,0,0.0,0.0
2025-05-05 05:25:00-05:00,24.360000610351562,24.399999618530273,24.350000381469727,24.399999618530273,0,0.0,0.0
2025-05-05 05:26:00-05:00,24.399999618530273,24.40999984741211,24.399999618530273,24.40999984741211,0,0.0,0.0
2025-05-05 05:27:00-05:00,24.420000076293945,24.420000076293945,24.40999984741211,24.40999984741211,0,0.0,0.0
2025-05-05 05:28:00-05:00,24.40999984741211,24.420000076293945,24.40999984741211,24.40999984741211,0,0.0,0.0
2025-05-05 05:29:00-05:00,24.40999984741211,24.40999984741211,24.399999618530273,24.399999618530273,0,0.0,0.0
2025-05-05 05:30:00-05:00,24.399999618530273,24.40999984741211,24.399999618530273,24.399999618530273,0,0.0,0.0
2025-05-05 05:31:00-05:00,24.40999984741211,24.43000030517578,24.40999984741211,24.43000030517578,0,0.0,0.0
2025-05-05 05:32:00-05:00,24.459999084472656,24.469999313354492,24.459999084472656,24.469999313354492,0,0.0,0.0
2025-05-05 05:33:00-05:00,24.459999084472656,24.459999084472656,24.440000534057617,24.440000534057617,0,0.0,0.0
2025-05-05 05:34:00-05:00,24.440000534057617,24.440000534057617,24.420000076293945,24.420000076293945,0,0.0,0.0
2025-05-05 05:35:00-05:00,24.420000076293945,24.420000076293945,24.399999618530273,24.399999618530273,0,0.0,0.0
2025-05-05 05:36:00-05:00,24.40999984741211,24.40999984741211,24.399999618530273,24.40999984741211,0,0.0,0.0
2025-05-05 05:37:00-05:00,24.40999984741211,24.420000076293945,24.40999984741211,24.40999984741211,0,0.0,0.0
2025-05-05 05:38:00-05:00,24.420000076293945,24.420000076293945,24.40999984741211,24.420000076293945,0,0.0,0.0
2025-05-05 05:39:00-05:00,24.420000076293945,24.450000762939453,24.420000076293945,24.450000762939453,0,0.0,0.0
2025-05-05 05:40:00-05:00,24.450000762939453,24.459999084472656,24.43000030517578,24.43000030517578,0,0.0,0.0
2025-05-05 05:41:00-05:00,24.440000534057617,24.459999084472656,24.440000534057617,24.459999084472656,0,0.0,0.0
2025-05-05 05:42:00-05:00,24.459999084472656,24.469999313354492,24.459999084472656,24.469999313354492,0,0.0,0.0
2025-05-05 05:43:00-05:00,24.479999542236328,24.479999542236328,24.459999084472656,24.469999313354492,0,0.0,0.0
2025-05-05 05:44:00-05:00,24.459999084472656,24.479999542236328,24.459999084472656,24.479999542236328,0,0.0,0.0
2025-05-05 05:45:00-05:00,24.479999542236328,24.5,24.479999542236328,24.5,0,0.0,0.0
2025-05-05 05:46:00-05:00,24.489999771118164,24.489999771118164,24.459999084472656,24.459999084472656,0,0.0,0.0
2025-05-05 05:47:00-05:00,24.440000534057617,24.440000534057617,24.420000076293945,24.420000076293945,0,0.0,0.0
2025-05-05 05:48:00-05:00,24.420000076293945,24.43000030517578,24.420000076293945,24.43000030517578,0,0.0,0.0
2025-05-05 05:49:00-05:00,24.43000030517578,24.440000534057617,24.43000030517578,24.440000534057617,0,0.0,0.0
2025-05-05 05:50:00-05:00,24.43000030517578,24.43000030517578,24.43000030517578,24.43000030517578,0,0.0,0.0
2025-05-05 05:51:00-05:00,24.40999984741211,24.40999984741211,24.3799991607666,24.389999389648438,0,0.0,0.0
2025-05-05 05:52:00-05:00,24.389999389648438,24.389999389648438,24.3700008392334,24.3700008392334,0,0.0,0.0
2025-05-05 05:53:00-05:00,24.3700008392334,24.3700008392334,24.3700008392334,24.3700008392334,0,0.0,0.0
2025-05-05 05:54:00-05:00,24.3700008392334,24.3700008392334,24.329999923706055,24.329999923706055,0,0.0,0.0
2025-05-05 05:55:00-05:00,24.34000015258789,24.360000610351562,24.34000015258789,24.360000610351562,0,0.0,0.0
2025-05-05 05:56:00-05:00,24.360000610351562,24.360000610351562,24.350000381469727,24.350000381469727,0,0.0,0.0
2025-05-05 05:57:00-05:00,24.350000381469727,24.360000610351562,24.34000015258789,24.360000610351562,0,0.0,0.0
2025-05-05 05:58:00-05:00,24.360000610351562,24.3700008392334,24.360000610351562,24.3700008392334,0,0.0,0.0
2025-05-05 05:59:00-05:00,24.360000610351562,24.360000610351562,24.350000381469727,24.360000610351562,0,0.0,0.0
2025-05-05 06:00:00-05:00,24.389999389648438,24.389999389648438,24.360000610351562,24.360000610351562,0,0.0,0.0
2025-05-05 06:01:00-05:00,24.34000015258789,24.34000015258789,24.34000015258789,24.34000015258789,0,0.0,0.0
2025-05-05 06:02:00-05:00,24.350000381469727,24.350000381469727,24.329999923706055,24.329999923706055,0,0.0,0.0
2025-05-05 06:03:00-05:00,24.34000015258789,24.360000610351562,24.34000015258789,24.360000610351562,0,0.0,0.0
2025-05-05 06:04:00-05:00,24.3700008392334,24.3700008392334,24.34000015258789,24.34000015258789,0,0.0,0.0
2025-05-05 06:05:00-05:00,24.34000015258789,24.350000381469727,24.34000015258789,24.350000381469727,0,0.0,0.0
2025-05-05 06:06:00-05:00,24.350000381469727,24.350000381469727,24.34000015258789,24.350000381469727,0,0.0,0.0
2025-05-05 06:07:00-05:00,24.350000381469727,24.350000381469727,24.34000015258789,24.34000015258789,0,0.0,0.0
2025-05-05 06:08:00-05:00,24.34000015258789,24.350000381469727,24.34000015258789,24.350000381469727,0,0.0,0.0
2025-05-05 06:09:00-05:00,24.350000381469727,24.350000381469727,24.34000015258789,24.34000015258789,0,0.0,0.0
2025-05-05 06:10:00-05:00,24.350000381469727,24.350000381469727,24.350000381469727,24.350000381469727,0,0.0,0.0
2025-05-05 06:11:00-05:00,24.34000015258789,24.350000381469727,24.34000015258789,24.34000015258789,0,0.0,0.0
2025-05-05 06:12:00-05:00,24.34000015258789,24.34000015258789,24.329999923706055,24.329999923706055,0,0.0,0.0
2025-05-05 06:13:00-05:00,24.34000015258789,24.350000381469727,24.34000015258789,24.34000015258789,0,0.0,0.0
2025-05-05 06:14:00-05:00,24.329999923706055,24.34000015258789,24.290000915527344,24.290000915527344,0,0.0,0.0
2025-05-05 06:15:00-05:00,24.290000915527344,24.31999969482422,24.290000915527344,24.31999969482422,0,0.0,0.0
2025-05-05 06:16:00-05:00,24.299999237060547,24.309999465942383,24.299999237060547,24.309999465942383,0,0.0,0.0
2025-05-05 06:17:00-05:00,24.329999923706055,24.329999923706055,24.309999465942383,24.309999465942383,0,0.0,0.0
2025-05-05 06:18:00-05:00,24.31999969482422,24.31999969482422,24.309999465942383,24.309999465942383,0,0.0,0.0
2025-05-05 06:19:00-05:00,24.309999465942383,24.309999465942383,24.299999237060547,24.299999237060547,0,0.0,0.0
2025-05-05 06:20:00-05:00,24.309999465942383,24.329999923706055,24.309999465942383,24.329999923706055,0,0.0,0.0
2025-05-05 06:21:00-05:00,24.34000015258789,24.34000015258789,24.329999923706055,24.329999923706055,0,0.0,0.0
2025-05-05 06:22:00-05:00,24.329999923706055,24.329999923706055,24.329999923706055,24.329999923706055,0,0.0,0.0
2025-05-05 06:23:00-05:00,24.31999969482422,24.329999923706055,24.31999969482422,24.329999923706055,0,0.0,0.0
2025-05-05 06:24:00-05:00,24.329999923706055,24.329999923706055,24.309999465942383,24.309999465942383,0,0.0,0.0
2025-05-05 06:25:00-05:00,24.299999237060547,24.34000015258789,24.299999237060547,24.329999923706055,0,0.0,0.0
2025-05-05 06:26:00-05:00,24.329999923706055,24.34000015258789,24.329999923706055,24.34000015258789,0,0.0,0.0
2025-05-05 06:27:00-05:00,24.34000015258789,24.360000610351562,24.34000015258789,24.360000610351562,0,0.0,0.0
2025-05-05 06:28:00-05:00,24.360000610351562,24.360000610351562,24.350000381469727,24.350000381469727,0,0.0,0.0
2025-05-05 06:29:00-05:00,24.350000381469727,24.360000610351562,24.34000015258789,24.360000610351562,0,0.0,0.0
2025-05-05 06:30:00-05:00,24.350000381469727,24.420000076293945,24.350000381469727,24.420000076293945,0,0.0,0.0
2025-05-05 06:31:00-05:00,24.420000076293945,24.420000076293945,24.389999389648438,24.389999389648438,0,0.0,0.0
2025-05-05 06:32:00-05:00,24.389999389648438,24.389999389648438,24.3700008392334,24.3700008392334,0,0.0,0.0
2025-05-05 06:33:00-05:00,24.34000015258789,24.34000015258789,24.299999237060547,24.299999237060547,0,0.0,0.0
2025-05-05 06:34:00-05:00,24.309999465942383,24.34000015258789,24.309999465942383,24.34000015258789,0,0.0,0.0
2025-05-05 06:35:00-05:00,24.34000015258789,24.350000381469727,24.329999923706055,24.350000381469727,0,0.0,0.0
2025-05-05 06:36:00-05:00,24.350000381469727,24.350000381469727,24.350000381469727,24.350000381469727,0,0.0,0.0
2025-05-05 06:37:00-05:00,24.350000381469727,24.399999618530273,24.350000381469727,24.399999618530273,0,0.0,0.0
2025-05-05 06:38:00-05:00,24.399999618530273,24.440000534057617,24.399999618530273,24.43000030517578,0,0.0,0.0
2025-05-05 06:39:00-05:00,24.43000030517578,24.489999771118164,24.43000030517578,24.489999771118164,0,0.0,0.0
2025-05-05 06:40:00-05:00,24.5,24.520000457763672,24.5,24.520000457763672,0,0.0,0.0
2025-05-05 06:41:00-05:00,24.540000915527344,24.540000915527344,24.540000915527344,24.540000915527344,0,0.0,0.0
2025-05-05 06:42:00-05:00,24.559999465942383,24.559999465942383,24.549999237060547,24.559999465942383,0,0.0,0.0
2025-05-05 06:43:00-05:00,24.549999237060547,24.549999237060547,24.540000915527344,24.549999237060547,0,0.0,0.0
2025-05-05 06:44:00-05:00,24.549999237060547,24.549999237060547,24.520000457763672,24.520000457763672,0,0.0,0.0
2025-05-05 06:45:00-05:00,24.530000686645508,24.530000686645508,24.5,24.5,0,0.0,0.0
2025-05-05 06:46:00-05:00,24.489999771118164,24.489999771118164,24.459999084472656,24.469999313354492,0,0.0,0.0
2025-05-05 06:47:00-05:00,24.469999313354492,24.469999313354492,24.459999084472656,24.459999084472656,0,0.0,0.0
2025-05-05 06:48:00-05:00,24.459999084472656,24.469999313354492,24.459999084472656,24.469999313354492,0,0.0,0.0
2025-05-05 06:49:00-05:00,24.479999542236328,24.5,24.479999542236328,24.5,0,0.0,0.0
2025-05-05 06:50:00-05:00,24.5,24.520000457763672,24.5,24.520000457763672,0,0.0,0.0
2025-05-05 06:51:00-05:00,24.510000228881836,24.520000457763672,24.510000228881836,24.520000457763672,0,0.0,0.0
2025-05-05 06:52:00-05:00,24.520000457763672,24.520000457763672,24.520000457763672,24.520000457763672,0,0.0,0.0
2025-05-05 06:53:00-05:00,24.510000228881836,24.510000228881836,24.5,24.5,0,0.0,0.0
2025-05-05 06:54:00-05:00,24.510000228881836,24.520000457763672,24.510000228881836,24.520000457763672,0,0.0,0.0
2025-05-05 06:55:00-05:00,24.520000457763672,24.530000686645508,24.520000457763672,24.530000686645508,0,0.0,0.0
2025-05-05 06:56:00-05:00,24.530000686645508,24.549999237060547,24.520000457763672,24.540000915527344,0,0.0,0.0
2025-05-05 06:57:00-05:00,24.540000915527344,24.549999237060547,24.540000915527344,24.549999237060547,0,0.0,0.0
2025-05-05 06:58:00-05:00,24.530000686645508,24.540000915527344,24.530000686645508,24.540000915527344,0,0.0,0.0
2025-05-05 06:59:00-05:00,24.530000686645508,24.530000686645508,24.520000457763672,24.520000457763672,0,0.0,0.0
2025-05-05 07:00:00-05:00,24.510000228881836,24.510000228881836,24.489999771118164,24.489999771118164,0,0.0,0.0
2025-05-05 07:01:00-05:00,24.5,24.5,24.5,24.5,0,0.0,0.0
2025-05-05 07:02:00-05:00,24.5,24.5,24.489999771118164,24.5,0,0.0,0.0
2025-05-05 07:03:00-05:00,24.510000228881836,24.510000228881836,24.5,24.510000228881836,0,0.0,0.0
2025-05-05 07:04:00-05:00,24.520000457763672,24.530000686645508,24.510000228881836,24.530000686645508,0,0.0,0.0
2025-05-05 07:05:00-05:00,24.540000915527344,24.600000381469727,24.520000457763672,24.520000457763672,0,0.0,0.0
2025-05-05 07:06:00-05:00,24.520000457763672,24.530000686645508,24.510000228881836,24.530000686645508,0,0.0,0.0
2025-05-05 07:07:00-05:00,24.5,24.5,24.469999313354492,24.469999313354492,0,0.0,0.0
2025-05-05 07:08:00-05:00,24.459999084472656,24.459999084472656,24.420000076293945,24.420000076293945,0,0.0,0.0
2025-05-05 07:09:00-05:00,24.43000030517578,24.43000030517578,24.40999984741211,24.40999984741211,0,0.0,0.0
2025-05-05 07:10:00-05:00,24.389999389648438,24.389999389648438,24.329999923706055,24.329999923706055,0,0.0,0.0
2025-05-05 07:11:00-05:00,24.31999969482422,24.31999969482422,24.309999465942383,24.31999969482422,0,0.0,0.0
2025-05-05 07:12:00-05:00,24.31999969482422,24.31999969482422,24.31999969482422,24.31999969482422,0,0.0,0.0
2025-05-05 07:13:00-05:00,24.31999969482422,24.329999923706055,24.309999465942383,24.329999923706055,0,0.0,0.0
2025-05-05 07:14:00-05:00,24.309999465942383,24.31999969482422,24.309999465942383,24.31999969482422,0,0.0,0.0
2025-05-05 07:15:00-05:00,24.329999923706055,24.329999923706055,24.329999923706055,24.329999923706055,0,0.0,0.0
2025-05-05 07:16:00-05:00,24.329999923706055,24.329999923706055,24.309999465942383,24.309999465942383,0,0.0,0.0
2025-05-05 07:17:00-05:00,24.309999465942383,24.309999465942383,24.290000915527344,24.309999465942383,0,0.0,0.0
2025-05-05 07:18:00-05:00,24.329999923706055,24.329999923706055,24.329999923706055,24.329999923706055,0,0.0,0.0
2025-05-05 07:19:00-05:00,24.31999969482422,24.350000381469727,24.31999969482422,24.31999969482422,0,0.0,0.0
2025-05-05 07:20:00-05:00,24.31999969482422,24.31999969482422,24.31999969482422,24.31999969482422,0,0.0,0.0
2025-05-05 07:21:00-05:00,24.309999465942383,24.309999465942383,24.299999237060547,24.309999465942383,0,0.0,0.0
2025-05-05 07:22:00-05:00,24.329999923706055,24.329999923706055,24.299999237060547,24.299999237060547,0,0.0,0.0
2025-05-05 07:23:00-05:00,24.309999465942383,24.309999465942383,24.309999465942383,24.309999465942383,0,0.0,0.0
2025-05-05 07:24:00-05:00,24.309999465942383,24.31999969482422,24.309999465942383,24.31999969482422,0,0.0,0.0
2025-05-05 07:25:00-05:00,24.31999969482422,24.329999923706055,24.31999969482422,24.329999923706055,0,0.0,0.0
2025-05-05 07:26:00-05:00,24.350000381469727,24.350000381469727,24.34000015258789,24.34000015258789,0,0.0,0.0
2025-05-05 07:27:00-05:00,24.34000015258789,24.34000015258789,24.31999969482422,24.34000015258789,0,0.0,0.0
2025-05-05 07:28:00-05:00,24.34000015258789,24.34000015258789,24.31999969482422,24.31999969482422,0,0.0,0.0
2025-05-05 07:29:00-05:00,24.31999969482422,24.31999969482422,24.290000915527344,24.290000915527344,0,0.0,0.0
2025-05-05 07:30:00-05:00,24.290000915527344,24.290000915527344,24.290000915527344,24.290000915527344,0,0.0,0.0
2025-05-05 07:31:00-05:00,24.299999237060547,24.299999237060547,24.270000457763672,24.270000457763672,0,0.0,0.0
2025-05-05 07:32:00-05:00,24.270000457763672,24.280000686645508,24.270000457763672,24.280000686645508,0,0.0,0.0
2025-05-05 07:33:00-05:00,24.270000457763672,24.280000686645508,24.270000457763672,24.280000686645508,0,0.0,0.0
2025-05-05 07:34:00-05:00,24.309999465942383,24.31999969482422,24.290000915527344,24.31999969482422,0,0.0,0.0
2025-05-05 07:35:00-05:00,24.309999465942383,24.31999969482422,24.299999237060547,24.299999237060547,0,0.0,0.0
2025-05-05 07:36:00-05:00,24.290000915527344,24.309999465942383,24.290000915527344,24.299999237060547,0,0.0,0.0
2025-05-05 07:37:00-05:00,24.309999465942383,24.31999969482422,24.309999465942383,24.309999465942383,0,0.0,0.0
2025-05-05 07:38:00-05:00,24.309999465942383,24.31999969482422,24.309999465942383,24.31999969482422,0,0.0,0.0
2025-05-05 07:39:00-05:00,24.309999465942383,24.31999969482422,24.309999465942383,24.31999969482422,0,0.0,0.0
2025-05-05 07:40:00-05:00,24.280000686645508,24.280000686645508,24.229999542236328,24.229999542236328,0,0.0,0.0
2025-05-05 07:41:00-05:00,24.229999542236328,24.260000228881836,24.229999542236328,24.239999771118164,0,0.0,0.0
2025-05-05 07:42:00-05:00,24.229999542236328,24.280000686645508,24.229999542236328,24.280000686645508,0,0.0,0.0
2025-05-05 07:43:00-05:00,24.290000915527344,24.290000915527344,24.290000915527344,24.290000915527344,0,0.0,0.0
2025-05-05 07:44:00-05:00,24.290000915527344,24.290000915527344,24.290000915527344,24.290000915527344,0,0.0,0.0
2025-05-05 07:45:00-05:00,24.290000915527344,24.299999237060547,24.280000686645508,24.299999237060547,0,0.0,0.0
2025-05-05 07:46:00-05:00,24.280000686645508,24.280000686645508,24.270000457763672,24.280000686645508,0,0.0,0.0
2025-05-05 07:47:00-05:00,24.280000686645508,24.309999465942383,24.280000686645508,24.299999237060547,0,0.0,0.0
2025-05-05 07:48:00-05:00,24.31999969482422,24.31999969482422,24.309999465942383,24.309999465942383,0,0.0,0.0
2025-05-05 07:49:00-05:00,24.31999969482422,24.31999969482422,24.299999237060547,24.299999237060547,0,0.0,0.0
2025-05-05 07:50:00-05:00,24.309999465942383,24.31999969482422,24.309999465942383,24.309999465942383,0,0.0,0.0
2025-05-05 07:51:00-05:00,24.299999237060547,24.299999237060547,24.270000457763672,24.270000457763672,0,0.0,0.0
2025-05-05 07:52:00-05:00,24.270000457763672,24.270000457763672,24.229999542236328,24.229999542236328,0,0.0,0.0
2025-05-05 07:53:00-05:00,24.219999313354492,24.219999313354492,24.209999084472656,24.209999084472656,0,0.0,0.0
2025-05-05 07:54:00-05:00,24.209999084472656,24.209999084472656,24.200000762939453,24.200000762939453,0,0.0,0.0
2025-05-05 07:55:00-05:00,24.209999084472656,24.209999084472656,24.190000534057617,24.190000534057617,0,0.0,0.0
2025-05-05 07:56:00-05:00,24.200000762939453,24.200000762939453,24.190000534057617,24.190000534057617,0,0.0,0.0
2025-05-05 07:57:00-05:00,24.190000534057617,24.209999084472656,24.190000534057617,24.209999084472656,0,0.0,0.0
2025-05-05 07:58:00-05:00,24.209999084472656,24.209999084472656,24.200000762939453,24.200000762939453,0,0.0,0.0
2025-05-05 07:59:00-05:00,24.209999084472656,24.209999084472656,24.190000534057617,24.190000534057617,0,0.0,0.0
2025-05-05 08:00:00-05:00,24.190000534057617,24.219999313354492,24.190000534057617,24.190000534057617,0,0.0,0.0
2025-05-05 08:01:00-05:00,24.190000534057617,24.190000534057617,24.139999389648438,24.139999389648438,0,0.0,0.0
2025-05-05 08:02:00-05:00,24.1299991607666,24.1299991607666,24.100000381469727,24.100000381469727,0,0.0,0.0
2025-05-05 08:03:00-05:00,24.100000381469727,24.110000610351562,24.09000015258789,24.100000381469727,0,0.0,0.0
2025-05-05 08:04:00-05:00,24.110000610351562,24.149999618530273,24.110000610351562,24.149999618530273,0,0.0,0.0
2025-05-05 08:05:00-05:00,24.149999618530273,24.18000030517578,24.149999618530273,24.170000076293945,0,0.0,0.0
2025-05-05 08:06:00-05:00,24.170000076293945,24.170000076293945,24.149999618530273,24.15999984741211,0,0.0,0.0
2025-05-05 08:07:00-05:00,24.170000076293945,24.190000534057617,24.170000076293945,24.190000534057617,0,0.0,0.0
2025-05-05 08:08:00-05:00,24.190000534057617,24.209999084472656,24.190000534057617,24.209999084472656,0,0.0,0.0
2025-05-05 08:09:00-05:00,24.219999313354492,24.239999771118164,24.209999084472656,24.219999313354492,0,0.0,0.0
2025-05-05 08:10:00-05:00,24.209999084472656,24.209999084472656,24.15999984741211,24.15999984741211,0,0.0,0.0
2025-05-05 08:11:00-05:00,24.139999389648438,24.139999389648438,24.1299991607666,24.139999389648438,0,0.0,0.0
2025-05-05 08:12:00-05:00,24.139999389648438,24.15999984741211,24.139999389648438,24.15999984741211,0,0.0,0.0
2025-05-05 08:13:00-05:00,24.18000030517578,24.209999084472656,24.18000030517578,24.200000762939453,0,0.0,0.0
2025-05-05 08:14:00-05:00,24.200000762939453,24.200000762939453,24.200000762939453,24.200000762939453,0,0.0,0.0
2025-05-05 08:15:00-05:00,24.200000762939453,24.209999084472656,24.190000534057617,24.209999084472656,0,0.0,0.0
2025-05-05 08:16:00-05:00,24.229999542236328,24.229999542236328,24.200000762939453,24.200000762939453,0,0.0,0.0
2025-05-05 08:20:00-05:00,24.209999084472656,24.209999084472656,24.209999084472656,24.209999084472656,0,0.0,0.0
2025-05-05 08:21:00-05:00,24.190000534057617,24.190000534057617,24.190000534057617,24.190000534057617,0,0.0,0.0
2025-05-05 08:22:00-05:00,24.190000534057617,24.200000762939453,24.18000030517578,24.18000030517578,0,0.0,0.0
2025-05-05 08:23:00-05:00,24.190000534057617,24.190000534057617,24.18000030517578,24.18000030517578,0,0.0,0.0
2025-05-05 08:24:00-05:00,24.18000030517578,24.200000762939453,24.18000030517578,24.200000762939453,0,0.0,0.0
2025-05-05 08:25:00-05:00,24.190000534057617,24.190000534057617,24.190000534057617,24.190000534057617,0,0.0,0.0
2025-05-05 08:31:00-05:00,24.1200008392334,24.15999984741211,24.1200008392334,24.139999389648438,0,0.0,0.0
2025-05-05 08:32:00-05:00,24.09000015258789,24.15999984741211,24.079999923706055,24.15999984741211,0,0.0,0.0
2025-05-05 08:33:00-05:00,24.1200008392334,24.1200008392334,24.049999237060547,24.049999237060547,0,0.0,0.0
2025-05-05 08:34:00-05:00,24.040000915527344,24.040000915527344,23.979999542236328,24.010000228881836,0,0.0,0.0
2025-05-05 08:35:00-05:00,23.989999771118164,23.989999771118164,23.920000076293945,23.920000076293945,0,0.0,0.0
2025-05-05 08:36:00-05:00,23.93000030517578,23.969999313354492,23.93000030517578,23.969999313354492,0,0.0,0.0
2025-05-05 08:37:00-05:00,23.969999313354492,23.979999542236328,23.959999084472656,23.979999542236328,0,0.0,0.0
2025-05-05 08:38:00-05:00,23.979999542236328,24.010000228881836,23.920000076293945,24.010000228881836,0,0.0,0.0
2025-05-05 08:39:00-05:00,23.950000762939453,24.030000686645508,23.950000762939453,24.030000686645508,0,0.0,0.0
2025-05-05 08:40:00-05:00,24.049999237060547,24.219999313354492,24.049999237060547,24.219999313354492,0,0.0,0.0
2025-05-05 08:41:00-05:00,24.229999542236328,24.229999542236328,24.219999313354492,24.219999313354492,0,0.0,0.0
2025-05-05 08:42:00-05:00,24.260000228881836,24.290000915527344,24.260000228881836,24.260000228881836,0,0.0,0.0
2025-05-05 08:43:00-05:00,24.229999542236328,24.229999542236328,24.149999618530273,24.149999618530273,0,0.0,0.0
2025-05-05 08:44:00-05:00,24.1299991607666,24.15999984741211,24.079999923706055,24.15999984741211,0,0.0,0.0
2025-05-05 08:45:00-05:00,24.1299991607666,24.18000030517578,24.1299991607666,24.149999618530273,0,0.0,0.0
2025-05-05 08:46:00-05:00,24.170000076293945,24.190000534057617,24.170000076293945,24.18000030517578,0,0.0,0.0
2025-05-05 08:47:00-05:00,24.190000534057617,24.190000534057617,24.170000076293945,24.18000030517578,0,0.0,0.0
2025-05-05 08:48:00-05:00,24.190000534057617,24.209999084472656,24.1299991607666,24.1299991607666,0,0.0,0.0
2025-05-05 08:49:00-05:00,24.15999984741211,24.15999984741211,24.09000015258789,24.1299991607666,0,0.0,0.0
2025-05-05 08:50:00-05:00,24.139999389648438,24.239999771118164,24.139999389648438,24.219999313354492,0,0.0,0.0
2025-05-05 08:51:00-05:00,24.229999542236328,24.260000228881836,24.229999542236328,24.260000228881836,0,0.0,0.0
2025-05-05 08:52:00-05:00,24.31999969482422,24.329999923706055,24.299999237060547,24.329999923706055,0,0.0,0.0
2025-05-05 08:53:00-05:00,24.290000915527344,24.34000015258789,24.290000915527344,24.309999465942383,0,0.0,0.0
2025-05-05 08:54:00-05:00,24.350000381469727,24.360000610351562,24.260000228881836,24.260000228881836,0,0.0,0.0
2025-05-05 08:55:00-05:00,24.25,24.270000457763672,24.200000762939453,24.200000762939453,0,0.0,0.0
2025-05-05 08:56:00-05:00,24.18000030517578,24.18000030517578,24.1200008392334,24.1200008392334,0,0.0,0.0
2025-05-05 08:57:00-05:00,24.079999923706055,24.079999923706055,24.020000457763672,24.020000457763672,0,0.0,0.0
2025-05-05 08:58:00-05:00,24.030000686645508,24.049999237060547,24.030000686645508,24.040000915527344,0,0.0,0.0
2025-05-05 08:59:00-05:00,24.06999969482422,24.06999969482422,24.030000686645508,24.030000686645508,0,0.0,0.0
2025-05-05 09:00:00-05:00,24.139999389648438,24.139999389648438,23.780000686645508,23.81999969482422,0,0.0,0.0
2025-05-05 09:01:00-05:00,23.809999465942383,23.809999465942383,23.700000762939453,23.75,0,0.0,0.0
2025-05-05 09:02:00-05:00,23.700000762939453,23.799999237060547,23.700000762939453,23.799999237060547,0,0.0,0.0
2025-05-05 09:03:00-05:00,23.760000228881836,23.850000381469727,23.760000228881836,23.850000381469727,0,0.0,0.0
2025-05-05 09:04:00-05:00,23.850000381469727,23.989999771118164,23.850000381469727,23.989999771118164,0,0.0,0.0
2025-05-05 09:05:00-05:00,23.950000762939453,23.950000762939453,23.920000076293945,23.950000762939453,0,0.0,0.0
2025-05-05 09:06:00-05:00,23.940000534057617,24.0,23.940000534057617,23.959999084472656,0,0.0,0.0
2025-05-05 09:07:00-05:00,24.079999923706055,24.079999923706055,23.950000762939453,23.950000762939453,0,0.0,0.0
2025-05-05 09:08:00-05:00,23.940000534057617,23.940000534057617,23.799999237060547,23.799999237060547,0,0.0,0.0
2025-05-05 09:09:00-05:00,23.68000030517578,23.760000228881836,23.68000030517578,23.729999542236328,0,0.0,0.0
2025-05-05 09:10:00-05:00,23.670000076293945,23.719999313354492,23.670000076293945,23.670000076293945,0,0.0,0.0
2025-05-05 09:11:00-05:00,23.670000076293945,23.700000762939453,23.639999389648438,23.670000076293945,0,0.0,0.0
2025-05-05 09:12:00-05:00,23.639999389648438,23.670000076293945,23.6200008392334,23.670000076293945,0,0.0,0.0
2025-05-05 09:13:00-05:00,23.700000762939453,23.770000457763672,23.690000534057617,23.770000457763672,0,0.0,0.0
2025-05-05 09:14:00-05:00,23.780000686645508,23.780000686645508,23.690000534057617,23.75,0,0.0,0.0
2025-05-05 09:15:00-05:00,23.770000457763672,23.780000686645508,23.700000762939453,23.700000762939453,0,0.0,0.0
2025-05-05 09:16:00-05:00,23.709999084472656,23.739999771118164,23.700000762939453,23.700000762939453,0,0.0,0.0
2025-05-05 09:17:00-05:00,23.700000762939453,23.700000762939453,23.65999984741211,23.65999984741211,0,0.0,0.0
2025-05-05 09:18:00-05:00,23.670000076293945,23.670000076293945,23.639999389648438,23.639999389648438,0,0.0,0.0
2025-05-05 09:19:00-05:00,23.610000610351562,23.610000610351562,23.579999923706055,23.600000381469727,0,0.0,0.0
2025-05-05 09:20:00-05:00,23.6200008392334,23.649999618530273,23.600000381469727,23.649999618530273,0,0.0,0.0
2025-05-05 09:21:00-05:00,23.670000076293945,23.700000762939453,23.649999618530273,23.649999618530273,0,0.0,0.0
2025-05-05 09:22:00-05:00,23.639999389648438,23.770000457763672,23.639999389648438,23.770000457763672,0,0.0,0.0
2025-05-05 09:23:00-05:00,23.760000228881836,23.760000228881836,23.739999771118164,23.760000228881836,0,0.0,0.0
2025-05-05 09:24:00-05:00,23.770000457763672,23.770000457763672,23.75,23.75,0,0.0,0.0
2025-05-05 09:25:00-05:00,23.75,23.75,23.700000762939453,23.709999084472656,0,0.0,0.0
2025-05-05 09:26:00-05:00,23.690000534057617,23.700000762939453,23.670000076293945,23.670000076293945,0,0.0,0.0
2025-05-05 09:27:00-05:00,23.68000030517578,23.68000030517578,23.639999389648438,23.639999389648438,0,0.0,0.0
2025-05-05 09:28:00-05:00,23.65999984741211,23.700000762939453,23.649999618530273,23.700000762939453,0,0.0,0.0
2025-05-05 09:29:00-05:00,23.700000762939453,23.700000762939453,23.6299991607666,23.6299991607666,0,0.0,0.0
2025-05-05 09:30:00-05:00,23.59000015258789,23.639999389648438,23.59000015258789,23.639999389648438,0,0.0,0.0
2025-05-05 09:31:00-05:00,23.6200008392334,23.639999389648438,23.579999923706055,23.610000610351562,0,0.0,0.0
2025-05-05 09:32:00-05:00,23.610000610351562,23.6200008392334,23.610000610351562,23.6200008392334,0,0.0,0.0
2025-05-05 09:33:00-05:00,23.639999389648438,23.700000762939453,23.6299991607666,23.700000762939453,0,0.0,0.0
2025-05-05 09:34:00-05:00,23.65999984741211,23.719999313354492,23.65999984741211,23.719999313354492,0,0.0,0.0
2025-05-05 09:35:00-05:00,23.729999542236328,23.729999542236328,23.65999984741211,23.690000534057617,0,0.0,0.0
2025-05-05 09:36:00-05:00,23.700000762939453,23.709999084472656,23.610000610351562,23.610000610351562,0,0.0,0.0
2025-05-05 09:37:00-05:00,23.65999984741211,23.65999984741211,23.540000915527344,23.540000915527344,0,0.0,0.0
2025-05-05 09:38:00-05:00,23.540000915527344,23.540000915527344,23.469999313354492,23.469999313354492,0,0.0,0.0
2025-05-05 09:39:00-05:00,23.459999084472656,23.459999084472656,23.3799991607666,23.389999389648438,0,0.0,0.0
2025-05-05 09:40:00-05:00,23.399999618530273,23.43000030517578,23.399999618530273,23.399999618530273,0,0.0,0.0
2025-05-05 09:41:00-05:00,23.3799991607666,23.3799991607666,23.309999465942383,23.350000381469727,0,0.0,0.0
2025-05-05 09:42:00-05:00,23.309999465942383,23.309999465942383,23.280000686645508,23.290000915527344,0,0.0,0.0
2025-05-05 09:43:00-05:00,23.360000610351562,23.360000610351562,23.31999969482422,23.31999969482422,0,0.0,0.0
2025-05-05 09:44:00-05:00,23.329999923706055,23.329999923706055,23.309999465942383,23.31999969482422,0,0.0,0.0
2025-05-05 09:45:00-05:00,23.329999923706055,23.329999923706055,23.290000915527344,23.290000915527344,0,0.0,0.0
2025-05-05 09:46:00-05:00,23.299999237060547,23.329999923706055,23.299999237060547,23.329999923706055,0,0.0,0.0
2025-05-05 09:47:00-05:00,23.34000015258789,23.34000015258789,23.25,23.260000228881836,0,0.0,0.0
2025-05-05 09:48:00-05:00,23.25,23.260000228881836,23.239999771118164,23.260000228881836,0,0.0,0.0
2025-05-05 09:49:00-05:00,23.260000228881836,23.260000228881836,23.229999542236328,23.25,0,0.0,0.0
2025-05-05 09:50:00-05:00,23.239999771118164,23.239999771118164,23.219999313354492,23.239999771118164,0,0.0,0.0
2025-05-05 09:51:00-05:00,23.219999313354492,23.229999542236328,23.209999084472656,23.219999313354492,0,0.0,0.0
2025-05-05 09:52:00-05:00,23.219999313354492,23.239999771118164,23.219999313354492,23.239999771118164,0,0.0,0.0
2025-05-05 09:53:00-05:00,23.239999771118164,23.260000228881836,23.219999313354492,23.229999542236328,0,0.0,0.0
2025-05-05 09:54:00-05:00,23.239999771118164,23.239999771118164,23.18000030517578,23.18000030517578,0,0.0,0.0
2025-05-05 09:55:00-05:00,23.110000610351562,23.110000610351562,23.06999969482422,23.09000015258789,0,0.0,0.0
2025-05-05 09:56:00-05:00,23.079999923706055,23.079999923706055,23.059999465942383,23.059999465942383,0,0.0,0.0
2025-05-05 09:59:00-05:00,23.030000686645508,23.030000686645508,23.020000457763672,23.030000686645508,0,0.0,0.0
2025-05-05 10:01:00-05:00,22.979999542236328,22.989999771118164,22.950000762939453,22.950000762939453,0,0.0,0.0
2025-05-05 10:02:00-05:00,22.950000762939453,22.969999313354492,22.940000534057617,22.940000534057617,0,0.0,0.0
2025-05-05 10:03:00-05:00,22.969999313354492,22.979999542236328,22.950000762939453,22.950000762939453,0,0.0,0.0
2025-05-05 10:04:00-05:00,22.959999084472656,22.959999084472656,22.950000762939453,22.950000762939453,0,0.0,0.0
2025-05-05 10:05:00-05:00,22.950000762939453,22.969999313354492,22.950000762939453,22.950000762939453,0,0.0,0.0
2025-05-05 10:06:00-05:00,22.969999313354492,23.020000457763672,22.950000762939453,23.0,0,0.0,0.0
2025-05-05 10:07:00-05:00,23.010000228881836,23.040000915527344,22.979999542236328,22.979999542236328,0,0.0,0.0
2025-05-05 10:08:00-05:00,22.989999771118164,23.020000457763672,22.979999542236328,22.989999771118164,0,0.0,0.0
2025-05-05 10:09:00-05:00,23.0,23.030000686645508,23.0,23.020000457763672,0,0.0,0.0
2025-05-05 10:10:00-05:00,23.040000915527344,23.059999465942383,23.030000686645508,23.030000686645508,0,0.0,0.0
2025-05-05 10:11:00-05:00,23.020000457763672,23.020000457763672,22.979999542236328,22.989999771118164,0,0.0,0.0
2025-05-05 10:12:00-05:00,22.950000762939453,22.950000762939453,22.899999618530273,22.93000030517578,0,0.0,0.0
2025-05-05 10:13:00-05:00,22.969999313354492,22.989999771118164,22.969999313354492,22.969999313354492,0,0.0,0.0
2025-05-05 10:14:00-05:00,22.989999771118164,23.020000457763672,22.979999542236328,22.979999542236328,0,0.0,0.0
2025-05-05 10:15:00-05:00,23.010000228881836,23.020000457763672,23.0,23.020000457763672,0,0.0,0.0
2025-05-05 10:16:00-05:00,23.0,23.040000915527344,23.0,23.040000915527344,0,0.0,0.0
2025-05-05 10:17:00-05:00,23.020000457763672,23.040000915527344,23.0,23.0,0,0.0,0.0
2025-05-05 10:18:00-05:00,23.0,23.020000457763672,22.989999771118164,22.989999771118164,0,0.0,0.0
2025-05-05 10:19:00-05:00,23.020000457763672,23.020000457763672,23.010000228881836,23.010000228881836,0,0.0,0.0
2025-05-05 10:20:00-05:00,22.979999542236328,23.0,22.979999542236328,22.979999542236328,0,0.0,0.0
2025-05-05 10:21:00-05:00,22.979999542236328,22.989999771118164,22.920000076293945,22.920000076293945,0,0.0,0.0
2025-05-05 10:22:00-05:00,22.950000762939453,23.010000228881836,22.950000762939453,22.989999771118164,0,0.0,0.0
2025-05-05 10:23:00-05:00,23.0,23.010000228881836,23.0,23.0,0,0.0,0.0
2025-05-05 10:24:00-05:00,23.010000228881836,23.020000457763672,23.010000228881836,23.020000457763672,0,0.0,0.0
2025-05-05 10:25:00-05:00,23.010000228881836,23.06999969482422,23.010000228881836,23.06999969482422,0,0.0,0.0
2025-05-05 10:26:00-05:00,23.079999923706055,23.110000610351562,23.06999969482422,23.110000610351562,0,0.0,0.0
2025-05-05 10:27:00-05:00,23.139999389648438,23.139999389648438,23.110000610351562,23.1299991607666,0,0.0,0.0
2025-05-05 10:28:00-05:00,23.1200008392334,23.1200008392334,23.09000015258789,23.09000015258789,0,0.0,0.0
2025-05-05 10:29:00-05:00,23.079999923706055,23.079999923706055,23.079999923706055,23.079999923706055,0,0.0,0.0
2025-05-05 10:30:00-05:00,23.079999923706055,23.09000015258789,23.040000915527344,23.040000915527344,0,0.0,0.0
2025-05-05 10:31:00-05:00,23.040000915527344,23.110000610351562,23.040000915527344,23.110000610351562,0,0.0,0.0
2025-05-05 10:32:00-05:00,23.110000610351562,23.15999984741211,23.110000610351562,23.15999984741211,0,0.0,0.0
2025-05-05 10:33:00-05:00,23.15999984741211,23.15999984741211,23.139999389648438,23.149999618530273,0,0.0,0.0
2025-05-05 10:34:00-05:00,23.149999618530273,23.170000076293945,23.139999389648438,23.170000076293945,0,0.0,0.0
2025-05-05 10:35:00-05:00,23.200000762939453,23.209999084472656,23.190000534057617,23.190000534057617,0,0.0,0.0
2025-05-05 10:36:00-05:00,23.18000030517578,23.200000762939453,23.18000030517578,23.200000762939453,0,0.0,0.0
2025-05-05 10:37:00-05:00,23.209999084472656,23.229999542236328,23.18000030517578,23.219999313354492,0,0.0,0.0
2025-05-05 10:38:00-05:00,23.229999542236328,23.270000457763672,23.229999542236328,23.270000457763672,0,0.0,0.0
2025-05-05 10:39:00-05:00,23.270000457763672,23.309999465942383,23.260000228881836,23.290000915527344,0,0.0,0.0
2025-05-05 10:40:00-05:00,23.299999237060547,23.299999237060547,23.18000030517578,23.18000030517578,0,0.0,0.0
2025-05-05 10:41:00-05:00,23.18000030517578,23.209999084472656,23.170000076293945,23.209999084472656,0,0.0,0.0
2025-05-05 10:42:00-05:00,23.209999084472656,23.270000457763672,23.209999084472656,23.209999084472656,0,0.0,0.0
2025-05-05 10:43:00-05:00,23.25,23.260000228881836,23.209999084472656,23.209999084472656,0,0.0,0.0
2025-05-05 10:44:00-05:00,23.219999313354492,23.260000228881836,23.219999313354492,23.25,0,0.0,0.0
2025-05-05 10:45:00-05:00,23.209999084472656,23.209999084472656,23.170000076293945,23.170000076293945,0,0.0,0.0
2025-05-05 10:46:00-05:00,23.15999984741211,23.15999984741211,23.1299991607666,23.1299991607666,0,0.0,0.0
2025-05-05 10:47:00-05:00,23.1299991607666,23.200000762939453,23.1299991607666,23.18000030517578,0,0.0,0.0
2025-05-05 10:48:00-05:00,23.200000762939453,23.209999084472656,23.18000030517578,23.190000534057617,0,0.0,0.0
2025-05-05 10:49:00-05:00,23.209999084472656,23.229999542236328,23.209999084472656,23.219999313354492,0,0.0,0.0
2025-05-05 10:50:00-05:00,23.239999771118164,23.239999771118164,23.1299991607666,23.139999389648438,0,0.0,0.0
2025-05-05 10:51:00-05:00,23.139999389648438,23.139999389648438,23.1200008392334,23.1299991607666,0,0.0,0.0
2025-05-05 10:52:00-05:00,23.1200008392334,23.1200008392334,23.079999923706055,23.079999923706055,0,0.0,0.0
2025-05-05 10:53:00-05:00,23.06999969482422,23.100000381469727,23.06999969482422,23.100000381469727,0,0.0,0.0
2025-05-05 10:54:00-05:00,23.09000015258789,23.110000610351562,23.079999923706055,23.079999923706055,0,0.0,0.0
2025-05-05 10:55:00-05:00,23.09000015258789,23.1200008392334,23.09000015258789,23.1200008392334,0,0.0,0.0
2025-05-05 10:56:00-05:00,23.1200008392334,23.1200008392334,23.100000381469727,23.1200008392334,0,0.0,0.0
2025-05-05 10:57:00-05:00,23.1200008392334,23.170000076293945,23.1200008392334,23.170000076293945,0,0.0,0.0
2025-05-05 10:58:00-05:00,23.170000076293945,23.170000076293945,23.1299991607666,23.139999389648438,0,0.0,0.0
2025-05-05 10:59:00-05:00,23.1299991607666,23.1299991607666,23.1299991607666,23.1299991607666,0,0.0,0.0
2025-05-05 11:00:00-05:00,23.1299991607666,23.149999618530273,23.1200008392334,23.1200008392334,0,0.0,0.0
2025-05-05 11:01:00-05:00,23.1200008392334,23.1200008392334,22.969999313354492,22.969999313354492,0,0.0,0.0
2025-05-05 11:02:00-05:00,23.010000228881836,23.010000228881836,22.979999542236328,23.010000228881836,0,0.0,0.0
2025-05-05 11:03:00-05:00,22.989999771118164,22.989999771118164,22.979999542236328,22.979999542236328,0,0.0,0.0
2025-05-05 11:04:00-05:00,23.030000686645508,23.030000686645508,23.0,23.010000228881836,0,0.0,0.0
2025-05-05 11:05:00-05:00,23.010000228881836,23.030000686645508,23.010000228881836,23.030000686645508,0,0.0,0.0
2025-05-05 11:06:00-05:00,23.010000228881836,23.010000228881836,22.979999542236328,22.979999542236328,0,0.0,0.0
2025-05-05 11:07:00-05:00,22.989999771118164,23.010000228881836,22.989999771118164,23.010000228881836,0,0.0,0.0
2025-05-05 11:08:00-05:00,23.010000228881836,23.030000686645508,23.010000228881836,23.020000457763672,0,0.0,0.0
2025-05-05 11:09:00-05:00,23.010000228881836,23.040000915527344,23.010000228881836,23.040000915527344,0,0.0,0.0
2025-05-05 11:10:00-05:00,23.030000686645508,23.030000686645508,23.0,23.0,0,0.0,0.0
2025-05-05 11:11:00-05:00,23.0,23.0,23.0,23.0,0,0.0,0.0
2025-05-05 11:12:00-05:00,23.0,23.0,22.959999084472656,22.969999313354492,0,0.0,0.0
2025-05-05 11:13:00-05:00,22.969999313354492,23.020000457763672,22.969999313354492,23.020000457763672,0,0.0,0.0
2025-05-05 11:14:00-05:00,23.030000686645508,23.030000686645508,23.020000457763672,23.020000457763672,0,0.0,0.0
2025-05-05 11:15:00-05:00,23.030000686645508,23.030000686645508,22.979999542236328,22.979999542236328,0,0.0,0.0
2025-05-05 11:16:00-05:00,22.969999313354492,22.969999313354492,22.969999313354492,22.969999313354492,0,0.0,0.0
2025-05-05 11:25:00-05:00,22.959999084472656,22.979999542236328,22.959999084472656,22.979999542236328,0,0.0,0.0
2025-05-05 11:26:00-05:00,22.989999771118164,22.989999771118164,22.979999542236328,22.979999542236328,0,0.0,0.0
2025-05-05 11:27:00-05:00,22.989999771118164,23.0,22.950000762939453,22.950000762939453,0,0.0,0.0
2025-05-05 11:28:00-05:00,22.940000534057617,22.940000534057617,22.889999389648438,22.889999389648438,0,0.0,0.0
2025-05-05 11:29:00-05:00,22.90999984741211,22.940000534057617,22.90999984741211,22.940000534057617,0,0.0,0.0
2025-05-05 11:30:00-05:00,22.93000030517578,22.959999084472656,22.93000030517578,22.959999084472656,0,0.0,0.0
2025-05-05 11:31:00-05:00,22.979999542236328,22.979999542236328,22.959999084472656,22.959999084472656,0,0.0,0.0
2025-05-05 11:32:00-05:00,23.020000457763672,23.020000457763672,22.979999542236328,23.010000228881836,0,0.0,0.0
2025-05-05 11:33:00-05:00,23.020000457763672,23.020000457763672,22.989999771118164,23.0,0,0.0,0.0
2025-05-05 11:34:00-05:00,22.989999771118164,23.020000457763672,22.989999771118164,22.989999771118164,0,0.0,0.0
2025-05-05 11:35:00-05:00,23.0,23.0,22.979999542236328,22.979999542236328,0,0.0,0.0
2025-05-05 11:36:00-05:00,22.959999084472656,23.0,22.959999084472656,22.989999771118164,0,0.0,0.0
2025-05-05 11:37:00-05:00,23.0,23.0,22.979999542236328,22.979999542236328,0,0.0,0.0
2025-05-05 11:38:00-05:00,22.979999542236328,22.989999771118164,22.979999542236328,22.989999771118164,0,0.0,0.0
2025-05-05 11:39:00-05:00,22.989999771118164,22.989999771118164,22.920000076293945,22.920000076293945,0,0.0,0.0
2025-05-05 11:40:00-05:00,22.90999984741211,22.90999984741211,22.8799991607666,22.8799991607666,0,0.0,0.0
2025-05-05 11:41:00-05:00,22.8799991607666,22.8799991607666,22.860000610351562,22.8700008392334,0,0.0,0.0
2025-05-05 11:42:00-05:00,22.84000015258789,22.8799991607666,22.84000015258789,22.8799991607666,0,0.0,0.0
2025-05-05 11:43:00-05:00,22.8799991607666,22.8799991607666,22.8799991607666,22.8799991607666,0,0.0,0.0
2025-05-05 11:44:00-05:00,22.860000610351562,22.8799991607666,22.860000610351562,22.8799991607666,0,0.0,0.0
2025-05-05 11:45:00-05:00,22.8799991607666,22.8799991607666,22.8799991607666,22.8799991607666,0,0.0,0.0
2025-05-05 11:46:00-05:00,22.889999389648438,22.899999618530273,22.889999389648438,22.889999389648438,0,0.0,0.0
2025-05-05 11:47:00-05:00,22.889999389648438,22.889999389648438,22.860000610351562,22.860000610351562,0,0.0,0.0
2025-05-05 11:48:00-05:00,22.8799991607666,22.8799991607666,22.860000610351562,22.860000610351562,0,0.0,0.0
2025-05-05 11:49:00-05:00,22.8799991607666,22.8799991607666,22.850000381469727,22.850000381469727,0,0.0,0.0
2025-05-05 11:50:00-05:00,22.84000015258789,22.84000015258789,22.809999465942383,22.81999969482422,0,0.0,0.0
2025-05-05 11:51:00-05:00,22.850000381469727,22.889999389648438,22.850000381469727,22.889999389648438,0,0.0,0.0
2025-05-05 11:52:00-05:00,22.860000610351562,22.860000610351562,22.84000015258789,22.84000015258789,0,0.0,0.0
2025-05-05 11:53:00-05:00,22.860000610351562,22.860000610351562,22.84000015258789,22.84000015258789,0,0.0,0.0
2025-05-05 11:54:00-05:00,22.8799991607666,22.8799991607666,22.860000610351562,22.8700008392334,0,0.0,0.0
2025-05-05 11:55:00-05:00,22.860000610351562,22.8799991607666,22.860000610351562,22.8799991607666,0,0.0,0.0
2025-05-05 11:56:00-05:00,22.889999389648438,22.899999618530273,22.889999389648438,22.899999618530273,0,0.0,0.0
2025-05-05 11:57:00-05:00,22.899999618530273,22.920000076293945,22.899999618530273,22.920000076293945,0,0.0,0.0
2025-05-05 11:58:00-05:00,22.920000076293945,22.920000076293945,22.920000076293945,22.920000076293945,0,0.0,0.0
2025-05-05 11:59:00-05:00,22.93000030517578,22.93000030517578,22.920000076293945,22.920000076293945,0,0.0,0.0
2025-05-05 12:00:00-05:00,22.920000076293945,22.979999542236328,22.920000076293945,22.979999542236328,0,0.0,0.0
2025-05-05 12:01:00-05:00,22.989999771118164,22.989999771118164,22.940000534057617,22.969999313354492,0,0.0,0.0
2025-05-05 12:02:00-05:00,23.020000457763672,23.020000457763672,23.010000228881836,23.020000457763672,0,0.0,0.0
2025-05-05 12:03:00-05:00,23.030000686645508,23.030000686645508,23.0,23.030000686645508,0,0.0,0.0
2025-05-05 12:04:00-05:00,23.040000915527344,23.040000915527344,23.020000457763672,23.030000686645508,0,0.0,0.0
2025-05-05 12:05:00-05:00,23.030000686645508,23.049999237060547,23.030000686645508,23.049999237060547,0,0.0,0.0
2025-05-05 12:06:00-05:00,23.049999237060547,23.049999237060547,23.030000686645508,23.040000915527344,0,0.0,0.0
2025-05-05 12:07:00-05:00,23.059999465942383,23.06999969482422,23.059999465942383,23.06999969482422,0,0.0,0.0
2025-05-05 12:08:00-05:00,23.079999923706055,23.079999923706055,23.049999237060547,23.059999465942383,0,0.0,0.0
2025-05-05 12:09:00-05:00,23.06999969482422,23.079999923706055,23.059999465942383,23.059999465942383,0,0.0,0.0
2025-05-05 12:10:00-05:00,23.059999465942383,23.059999465942383,23.010000228881836,23.020000457763672,0,0.0,0.0
2025-05-05 12:11:00-05:00,23.020000457763672,23.030000686645508,23.0,23.030000686645508,0,0.0,0.0
2025-05-05 12:12:00-05:00,23.020000457763672,23.06999969482422,23.020000457763672,23.059999465942383,0,0.0,0.0
2025-05-05 12:13:00-05:00,23.059999465942383,23.06999969482422,23.059999465942383,23.06999969482422,0,0.0,0.0
2025-05-05 12:14:00-05:00,23.079999923706055,23.100000381469727,23.079999923706055,23.100000381469727,0,0.0,0.0
2025-05-05 12:15:00-05:00,23.06999969482422,23.219999313354492,23.06999969482422,23.219999313354492,0,0.0,0.0
2025-05-05 12:16:00-05:00,23.190000534057617,23.200000762939453,23.15999984741211,23.15999984741211,0,0.0,0.0
2025-05-05 12:17:00-05:00,23.15999984741211,23.15999984741211,23.1299991607666,23.1299991607666,0,0.0,0.0
2025-05-05 12:18:00-05:00,23.1299991607666,23.18000030517578,23.1299991607666,23.15999984741211,0,0.0,0.0
2025-05-05 12:19:00-05:00,23.18000030517578,23.18000030517578,23.170000076293945,23.170000076293945,0,0.0,0.0
2025-05-05 12:20:00-05:00,23.170000076293945,23.18000030517578,23.170000076293945,23.170000076293945,0,0.0,0.0
2025-05-05 12:21:00-05:00,23.18000030517578,23.18000030517578,23.170000076293945,23.18000030517578,0,0.0,0.0
2025-05-05 12:22:00-05:00,23.190000534057617,23.200000762939453,23.190000534057617,23.190000534057617,0,0.0,0.0
2025-05-05 12:23:00-05:00,23.219999313354492,23.229999542236328,23.209999084472656,23.229999542236328,0,0.0,0.0
2025-05-05 12:24:00-05:00,23.219999313354492,23.229999542236328,23.219999313354492,23.229999542236328,0,0.0,0.0
2025-05-05 12:25:00-05:00,23.219999313354492,23.219999313354492,23.170000076293945,23.200000762939453,0,0.0,0.0
2025-05-05 12:26:00-05:00,23.209999084472656,23.229999542236328,23.209999084472656,23.229999542236328,0,0.0,0.0
2025-05-05 12:27:00-05:00,23.219999313354492,23.219999313354492,23.170000076293945,23.18000030517578,0,0.0,0.0
2025-05-05 12:28:00-05:00,23.190000534057617,23.190000534057617,23.15999984741211,23.15999984741211,0,0.0,0.0
2025-05-05 12:29:00-05:00,23.170000076293945,23.18000030517578,23.170000076293945,23.170000076293945,0,0.0,0.0
2025-05-05 12:30:00-05:00,23.170000076293945,23.190000534057617,23.139999389648438,23.139999389648438,0,0.0,0.0
2025-05-05 12:31:00-05:00,23.139999389648438,23.139999389648438,23.079999923706055,23.079999923706055,0,0.0,0.0
2025-05-05 12:32:00-05:00,23.06999969482422,23.06999969482422,23.020000457763672,23.020000457763672,0,0.0,0.0
2025-05-05 12:33:00-05:00,23.030000686645508,23.079999923706055,23.030000686645508,23.079999923706055,0,0.0,0.0
2025-05-05 12:34:00-05:00,23.06999969482422,23.06999969482422,23.059999465942383,23.06999969482422,0,0.0,0.0
2025-05-05 12:35:00-05:00,23.079999923706055,23.100000381469727,23.059999465942383,23.100000381469727,0,0.0,0.0
2025-05-05 12:36:00-05:00,23.09000015258789,23.100000381469727,23.059999465942383,23.059999465942383,0,0.0,0.0
2025-05-05 12:37:00-05:00,23.079999923706055,23.079999923706055,23.06999969482422,23.079999923706055,0,0.0,0.0
2025-05-05 12:38:00-05:00,23.09000015258789,23.1200008392334,23.09000015258789,23.110000610351562,0,0.0,0.0
2025-05-05 12:39:00-05:00,23.1200008392334,23.1200008392334,23.09000015258789,23.09000015258789,0,0.0,0.0
2025-05-05 12:40:00-05:00,23.09000015258789,23.09000015258789,23.09000015258789,23.09000015258789,0,0.0,0.0
2025-05-05 12:41:00-05:00,23.09000015258789,23.100000381469727,23.09000015258789,23.100000381469727,0,0.0,0.0
2025-05-05 12:42:00-05:00,23.09000015258789,23.1299991607666,23.09000015258789,23.1200008392334,0,0.0,0.0
2025-05-05 12:43:00-05:00,23.110000610351562,23.1200008392334,23.110000610351562,23.1200008392334,0,0.0,0.0
2025-05-05 12:44:00-05:00,23.1200008392334,23.1200008392334,23.1200008392334,23.1200008392334,0,0.0,0.0
2025-05-05 12:45:00-05:00,23.1200008392334,23.1200008392334,23.09000015258789,23.09000015258789,0,0.0,0.0
2025-05-05 12:46:00-05:00,23.06999969482422,23.06999969482422,23.049999237060547,23.049999237060547,0,0.0,0.0
2025-05-05 12:47:00-05:00,23.049999237060547,23.059999465942383,23.049999237060547,23.049999237060547,0,0.0,0.0
2025-05-05 12:48:00-05:00,23.049999237060547,23.049999237060547,23.020000457763672,23.020000457763672,0,0.0,0.0
2025-05-05 12:49:00-05:00,23.030000686645508,23.030000686645508,23.030000686645508,23.030000686645508,0,0.0,0.0
2025-05-05 12:50:00-05:00,23.040000915527344,23.049999237060547,23.020000457763672,23.020000457763672,0,0.0,0.0
2025-05-05 12:51:00-05:00,23.030000686645508,23.040000915527344,23.030000686645508,23.030000686645508,0,0.0,0.0
2025-05-05 12:52:00-05:00,23.049999237060547,23.100000381469727,23.040000915527344,23.09000015258789,0,0.0,0.0
2025-05-05 12:53:00-05:00,23.079999923706055,23.079999923706055,23.06999969482422,23.06999969482422,0,0.0,0.0
2025-05-05 12:54:00-05:00,23.06999969482422,23.06999969482422,23.059999465942383,23.059999465942383,0,0.0,0.0
2025-05-05 12:55:00-05:00,23.059999465942383,23.09000015258789,23.059999465942383,23.09000015258789,0,0.0,0.0
2025-05-05 12:56:00-05:00,23.100000381469727,23.110000610351562,23.09000015258789,23.110000610351562,0,0.0,0.0
2025-05-05 12:57:00-05:00,23.100000381469727,23.100000381469727,23.09000015258789,23.09000015258789,0,0.0,0.0
2025-05-05 12:58:00-05:00,23.079999923706055,23.100000381469727,23.079999923706055,23.100000381469727,0,0.0,0.0
2025-05-05 12:59:00-05:00,23.110000610351562,23.139999389648438,23.110000610351562,23.139999389648438,0,0.0,0.0
2025-05-05 13:00:00-05:00,23.1200008392334,23.149999618530273,23.1200008392334,23.1299991607666,0,0.0,0.0
2025-05-05 13:01:00-05:00,23.15999984741211,23.15999984741211,23.110000610351562,23.110000610351562,0,0.0,0.0
2025-05-05 13:02:00-05:00,23.1200008392334,23.1200008392334,23.079999923706055,23.079999923706055,0,0.0,0.0
2025-05-05 13:03:00-05:00,23.100000381469727,23.110000610351562,23.079999923706055,23.079999923706055,0,0.0,0.0
2025-05-05 13:04:00-05:00,23.079999923706055,23.09000015258789,23.079999923706055,23.079999923706055,0,0.0,0.0
2025-05-05 13:05:00-05:00,23.09000015258789,23.09000015258789,23.059999465942383,23.059999465942383,0,0.0,0.0
2025-05-05 13:06:00-05:00,23.049999237060547,23.06999969482422,23.049999237060547,23.059999465942383,0,0.0,0.0
2025-05-05 13:07:00-05:00,23.049999237060547,23.049999237060547,23.010000228881836,23.010000228881836,0,0.0,0.0
2025-05-05 13:08:00-05:00,23.0,23.020000457763672,23.0,23.020000457763672,0,0.0,0.0
2025-05-05 13:09:00-05:00,23.020000457763672,23.020000457763672,23.010000228881836,23.020000457763672,0,0.0,0.0
2025-05-05 13:10:00-05:00,23.010000228881836,23.030000686645508,23.010000228881836,23.020000457763672,0,0.0,0.0
2025-05-05 13:11:00-05:00,23.049999237060547,23.049999237060547,23.020000457763672,23.020000457763672,0,0.0,0.0
2025-05-05 13:12:00-05:00,23.010000228881836,23.020000457763672,23.010000228881836,23.020000457763672,0,0.0,0.0
2025-05-05 13:13:00-05:00,23.020000457763672,23.059999465942383,23.020000457763672,23.059999465942383,0,0.0,0.0
2025-05-05 13:14:00-05:00,23.06999969482422,23.06999969482422,23.040000915527344,23.040000915527344,0,0.0,0.0
2025-05-05 13:15:00-05:00,23.040000915527344,23.040000915527344,23.030000686645508,23.040000915527344,0,0.0,0.0
2025-05-05 13:16:00-05:00,23.049999237060547,23.059999465942383,23.049999237060547,23.059999465942383,0,0.0,0.0
2025-05-05 13:17:00-05:00,23.040000915527344,23.06999969482422,23.040000915527344,23.06999969482422,0,0.0,0.0
2025-05-05 13:18:00-05:00,23.079999923706055,23.09000015258789,23.06999969482422,23.09000015258789,0,0.0,0.0
2025-05-05 13:19:00-05:00,23.079999923706055,23.09000015258789,23.06999969482422,23.09000015258789,0,0.0,0.0
2025-05-05 13:20:00-05:00,23.09000015258789,23.09000015258789,23.06999969482422,23.079999923706055,0,0.0,0.0
2025-05-05 13:21:00-05:00,23.059999465942383,23.059999465942383,23.059999465942383,23.059999465942383,0,0.0,0.0
2025-05-05 13:22:00-05:00,23.059999465942383,23.059999465942383,23.049999237060547,23.059999465942383,0,0.0,0.0
2025-05-05 13:23:00-05:00,23.059999465942383,23.06999969482422,23.059999465942383,23.06999969482422,0,0.0,0.0
2025-05-05 13:24:00-05:00,23.06999969482422,23.06999969482422,23.059999465942383,23.059999465942383,0,0.0,0.0
2025-05-05 13:25:00-05:00,23.059999465942383,23.059999465942383,23.049999237060547,23.049999237060547,0,0.0,0.0
2025-05-05 13:26:00-05:00,23.040000915527344,23.040000915527344,23.020000457763672,23.020000457763672,0,0.0,0.0
2025-05-05 13:27:00-05:00,23.020000457763672,23.030000686645508,23.020000457763672,23.030000686645508,0,0.0,0.0
2025-05-05 13:28:00-05:00,23.040000915527344,23.059999465942383,23.030000686645508,23.059999465942383,0,0.0,0.0
2025-05-05 13:29:00-05:00,23.06999969482422,23.06999969482422,23.06999969482422,23.06999969482422,0,0.0,0.0
2025-05-05 13:30:00-05:00,23.079999923706055,23.079999923706055,23.06999969482422,23.06999969482422,0,0.0,0.0
2025-05-05 13:31:00-05:00,23.040000915527344,23.049999237060547,23.040000915527344,23.049999237060547,0,0.0,0.0
2025-05-05 13:32:00-05:00,23.049999237060547,23.049999237060547,23.040000915527344,23.049999237060547,0,0.0,0.0
2025-05-05 13:33:00-05:00,23.040000915527344,23.040000915527344,23.010000228881836,23.020000457763672,0,0.0,0.0
2025-05-05 13:34:00-05:00,23.010000228881836,23.010000228881836,22.989999771118164,22.989999771118164,0,0.0,0.0
2025-05-05 13:35:00-05:00,22.989999771118164,23.010000228881836,22.989999771118164,23.010000228881836,0,0.0,0.0
2025-05-05 13:36:00-05:00,23.0,23.0,22.989999771118164,23.0,0,0.0,0.0
2025-05-05 13:37:00-05:00,22.989999771118164,23.0,22.989999771118164,23.0,0,0.0,0.0
2025-05-05 13:38:00-05:00,23.0,23.0,22.989999771118164,22.989999771118164,0,0.0,0.0
2025-05-05 13:39:00-05:00,22.989999771118164,22.989999771118164,22.979999542236328,22.979999542236328,0,0.0,0.0
2025-05-05 13:40:00-05:00,22.989999771118164,22.989999771118164,22.959999084472656,22.959999084472656,0,0.0,0.0
2025-05-05 13:41:00-05:00,22.950000762939453,22.959999084472656,22.950000762939453,22.959999084472656,0,0.0,0.0
2025-05-05 13:42:00-05:00,22.979999542236328,22.989999771118164,22.969999313354492,22.979999542236328,0,0.0,0.0
2025-05-05 13:43:00-05:00,22.979999542236328,22.979999542236328,22.959999084472656,22.959999084472656,0,0.0,0.0
2025-05-05 13:44:00-05:00,22.959999084472656,22.959999084472656,22.959999084472656,22.959999084472656,0,0.0,0.0
2025-05-05 13:45:00-05:00,22.93000030517578,22.959999084472656,22.93000030517578,22.959999084472656,0,0.0,0.0
2025-05-05 13:46:00-05:00,22.959999084472656,22.959999084472656,22.959999084472656,22.959999084472656,0,0.0,0.0
2025-05-05 13:47:00-05:00,22.950000762939453,22.959999084472656,22.950000762939453,22.959999084472656,0,0.0,0.0
2025-05-05 13:48:00-05:00,22.959999084472656,22.979999542236328,22.959999084472656,22.979999542236328,0,0.0,0.0
2025-05-05 13:49:00-05:00,22.979999542236328,22.979999542236328,22.959999084472656,22.959999084472656,0,0.0,0.0
2025-05-05 13:50:00-05:00,22.950000762939453,22.959999084472656,22.950000762939453,22.959999084472656,0,0.0,0.0
2025-05-05 13:51:00-05:00,22.959999084472656,22.959999084472656,22.950000762939453,22.950000762939453,0,0.0,0.0
2025-05-05 13:52:00-05:00,22.940000534057617,22.940000534057617,22.93000030517578,22.940000534057617,0,0.0,0.0
2025-05-05 13:53:00-05:00,22.940000534057617,22.959999084472656,22.940000534057617,22.959999084472656,0,0.0,0.0
2025-05-05 13:54:00-05:00,22.969999313354492,22.969999313354492,22.950000762939453,22.969999313354492,0,0.0,0.0
2025-05-05 13:55:00-05:00,22.969999313354492,22.969999313354492,22.959999084472656,22.969999313354492,0,0.0,0.0
2025-05-05 13:56:00-05:00,22.979999542236328,22.979999542236328,22.969999313354492,22.969999313354492,0,0.0,0.0
2025-05-05 13:57:00-05:00,22.969999313354492,22.979999542236328,22.969999313354492,22.969999313354492,0,0.0,0.0
2025-05-05 13:58:00-05:00,22.959999084472656,22.979999542236328,22.959999084472656,22.969999313354492,0,0.0,0.0
2025-05-05 13:59:00-05:00,22.959999084472656,22.959999084472656,22.950000762939453,22.950000762939453,0,0.0,0.0
2025-05-05 14:00:00-05:00,22.950000762939453,23.06999969482422,22.950000762939453,23.06999969482422,0,0.0,0.0
2025-05-05 14:01:00-05:00,23.1200008392334,23.1200008392334,23.010000228881836,23.010000228881836,0,0.0,0.0
2025-05-05 14:02:00-05:00,22.989999771118164,23.030000686645508,22.989999771118164,23.010000228881836,0,0.0,0.0
2025-05-05 14:03:00-05:00,23.020000457763672,23.040000915527344,23.020000457763672,23.040000915527344,0,0.0,0.0
2025-05-05 14:04:00-05:00,23.059999465942383,23.059999465942383,23.030000686645508,23.030000686645508,0,0.0,0.0
2025-05-05 14:05:00-05:00,23.0,23.0,22.969999313354492,22.969999313354492,0,0.0,0.0
2025-05-05 14:06:00-05:00,22.940000534057617,23.020000457763672,22.940000534057617,23.020000457763672,0,0.0,0.0
2025-05-05 14:07:00-05:00,23.020000457763672,23.049999237060547,23.020000457763672,23.030000686645508,0,0.0,0.0
2025-05-05 14:08:00-05:00,23.010000228881836,23.040000915527344,23.010000228881836,23.030000686645508,0,0.0,0.0
2025-05-05 14:09:00-05:00,23.049999237060547,23.049999237060547,23.040000915527344,23.049999237060547,0,0.0,0.0
2025-05-05 14:10:00-05:00,23.049999237060547,23.110000610351562,23.049999237060547,23.110000610351562,0,0.0,0.0
2025-05-05 14:11:00-05:00,23.09000015258789,23.1200008392334,23.09000015258789,23.1200008392334,0,0.0,0.0
2025-05-05 14:12:00-05:00,23.110000610351562,23.110000610351562,23.06999969482422,23.06999969482422,0,0.0,0.0
2025-05-05 14:13:00-05:00,23.059999465942383,23.1200008392334,23.059999465942383,23.100000381469727,0,0.0,0.0
2025-05-05 14:14:00-05:00,23.09000015258789,23.110000610351562,23.09000015258789,23.110000610351562,0,0.0,0.0
2025-05-05 14:15:00-05:00,23.1299991607666,23.1299991607666,23.059999465942383,23.059999465942383,0,0.0,0.0
2025-05-05 14:16:00-05:00,23.049999237060547,23.059999465942383,23.040000915527344,23.059999465942383,0,0.0,0.0
2025-05-05 14:17:00-05:00,23.059999465942383,23.059999465942383,23.049999237060547,23.049999237060547,0,0.0,0.0
2025-05-05 14:18:00-05:00,23.059999465942383,23.06999969482422,23.059999465942383,23.059999465942383,0,0.0,0.0
2025-05-05 14:19:00-05:00,23.049999237060547,23.100000381469727,23.049999237060547,23.100000381469727,0,0.0,0.0
2025-05-05 14:20:00-05:00,23.100000381469727,23.1299991607666,23.100000381469727,23.1299991607666,0,0.0,0.0
2025-05-05 14:21:00-05:00,23.1200008392334,23.1299991607666,23.100000381469727,23.1299991607666,0,0.0,0.0
2025-05-05 14:22:00-05:00,23.15999984741211,23.229999542236328,23.15999984741211,23.190000534057617,0,0.0,0.0
2025-05-05 14:23:00-05:00,23.219999313354492,23.219999313354492,23.18000030517578,23.18000030517578,0,0.0,0.0
2025-05-05 14:24:00-05:00,23.209999084472656,23.209999084472656,23.190000534057617,23.190000534057617,0,0.0,0.0
2025-05-05 14:25:00-05:00,23.219999313354492,23.25,23.209999084472656,23.209999084472656,0,0.0,0.0
2025-05-05 14:26:00-05:00,23.219999313354492,23.219999313354492,23.209999084472656,23.209999084472656,0,0.0,0.0
2025-05-05 14:27:00-05:00,23.209999084472656,23.219999313354492,23.15999984741211,23.15999984741211,0,0.0,0.0
2025-05-05 14:28:00-05:00,23.15999984741211,23.190000534057617,23.15999984741211,23.190000534057617,0,0.0,0.0
2025-05-05 14:29:00-05:00,23.229999542236328,23.229999542236328,23.190000534057617,23.209999084472656,0,0.0,0.0
2025-05-05 14:30:00-05:00,23.219999313354492,23.219999313354492,23.200000762939453,23.209999084472656,0,0.0,0.0
2025-05-05 14:31:00-05:00,23.209999084472656,23.219999313354492,23.209999084472656,23.219999313354492,0,0.0,0.0
2025-05-05 14:32:00-05:00,23.200000762939453,23.209999084472656,23.200000762939453,23.200000762939453,0,0.0,0.0
2025-05-05 14:33:00-05:00,23.200000762939453,23.219999313354492,23.200000762939453,23.209999084472656,0,0.0,0.0
2025-05-05 14:34:00-05:00,23.209999084472656,23.209999084472656,23.190000534057617,23.190000534057617,0,0.0,0.0
2025-05-05 14:35:00-05:00,23.190000534057617,23.190000534057617,23.15999984741211,23.15999984741211,0,0.0,0.0
2025-05-05 14:36:00-05:00,23.149999618530273,23.149999618530273,23.1299991607666,23.1299991607666,0,0.0,0.0
2025-05-05 14:37:00-05:00,23.110000610351562,23.1299991607666,23.09000015258789,23.09000015258789,0,0.0,0.0
2025-05-05 14:38:00-05:00,23.110000610351562,23.110000610351562,23.09000015258789,23.110000610351562,0,0.0,0.0
2025-05-05 14:39:00-05:00,23.1299991607666,23.149999618530273,23.1299991607666,23.139999389648438,0,0.0,0.0
2025-05-05 14:40:00-05:00,23.170000076293945,23.170000076293945,23.139999389648438,23.139999389648438,0,0.0,0.0
2025-05-05 14:41:00-05:00,23.139999389648438,23.149999618530273,23.139999389648438,23.139999389648438,0,0.0,0.0
2025-05-05 14:42:00-05:00,23.149999618530273,23.18000030517578,23.149999618530273,23.18000030517578,0,0.0,0.0
2025-05-05 14:43:00-05:00,23.170000076293945,23.239999771118164,23.170000076293945,23.239999771118164,0,0.0,0.0
2025-05-05 14:44:00-05:00,23.25,23.31999969482422,23.25,23.290000915527344,0,0.0,0.0
2025-05-05 14:45:00-05:00,23.290000915527344,23.290000915527344,23.280000686645508,23.280000686645508,0,0.0,0.0
2025-05-05 14:46:00-05:00,23.31999969482422,23.40999984741211,23.31999969482422,23.40999984741211,0,0.0,0.0
2025-05-05 14:47:00-05:00,23.3799991607666,23.3799991607666,23.329999923706055,23.329999923706055,0,0.0,0.0
2025-05-05 14:48:00-05:00,23.309999465942383,23.34000015258789,23.309999465942383,23.329999923706055,0,0.0,0.0
2025-05-05 14:49:00-05:00,23.34000015258789,23.3700008392334,23.31999969482422,23.3700008392334,0,0.0,0.0
2025-05-05 14:50:00-05:00,23.360000610351562,23.399999618530273,23.360000610351562,23.389999389648438,0,0.0,0.0
2025-05-05 14:51:00-05:00,23.3799991607666,23.440000534057617,23.3799991607666,23.440000534057617,0,0.0,0.0
2025-05-05 14:52:00-05:00,23.489999771118164,23.489999771118164,23.450000762939453,23.450000762939453,0,0.0,0.0
2025-05-05 14:53:00-05:00,23.479999542236328,23.530000686645508,23.479999542236328,23.530000686645508,0,0.0,0.0
2025-05-05 14:54:00-05:00,23.530000686645508,23.639999389648438,23.530000686645508,23.639999389648438,0,0.0,0.0
2025-05-05 14:55:00-05:00,23.6200008392334,23.68000030517578,23.6200008392334,23.68000030517578,0,0.0,0.0
2025-05-05 14:56:00-05:00,23.670000076293945,23.670000076293945,23.649999618530273,23.670000076293945,0,0.0,0.0
2025-05-05 14:57:00-05:00,23.670000076293945,23.670000076293945,23.59000015258789,23.59000015258789,0,0.0,0.0
2025-05-05 14:58:00-05:00,23.56999969482422,23.56999969482422,23.540000915527344,23.549999237060547,0,0.0,0.0
2025-05-05 14:59:00-05:00,23.579999923706055,23.59000015258789,23.579999923706055,23.59000015258789,0,0.0,0.0
2025-05-05 15:00:00-05:00,23.540000915527344,23.540000915527344,23.530000686645508,23.540000915527344,0,0.0,0.0
2025-05-05 15:01:00-05:00,23.549999237060547,23.59000015258789,23.549999237060547,23.59000015258789,0,0.0,0.0
2025-05-05 15:02:00-05:00,23.600000381469727,23.600000381469727,23.579999923706055,23.579999923706055,0,0.0,0.0
2025-05-05 15:03:00-05:00,23.610000610351562,23.610000610351562,23.56999969482422,23.59000015258789,0,0.0,0.0
2025-05-05 15:04:00-05:00,23.600000381469727,23.6200008392334,23.600000381469727,23.6200008392334,0,0.0,0.0
2025-05-05 15:05:00-05:00,23.6299991607666,23.639999389648438,23.6200008392334,23.6200008392334,0,0.0,0.0
2025-05-05 15:06:00-05:00,23.610000610351562,23.6200008392334,23.59000015258789,23.59000015258789,0,0.0,0.0
2025-05-05 15:07:00-05:00,23.579999923706055,23.59000015258789,23.559999465942383,23.559999465942383,0,0.0,0.0
2025-05-05 15:08:00-05:00,23.559999465942383,23.579999923706055,23.549999237060547,23.579999923706055,0,0.0,0.0
2025-05-05 15:09:00-05:00,23.579999923706055,23.6299991607666,23.579999923706055,23.6299991607666,0,0.0,0.0
2025-05-05 15:10:00-05:00,23.6299991607666,23.6299991607666,23.610000610351562,23.610000610351562,0,0.0,0.0
2025-05-05 15:11:00-05:00,23.6200008392334,23.639999389648438,23.6200008392334,23.639999389648438,0,0.0,0.0
2025-05-05 15:12:00-05:00,23.639999389648438,23.65999984741211,23.639999389648438,23.65999984741211,0,0.0,0.0
2025-05-05 15:13:00-05:00,23.65999984741211,23.65999984741211,23.65999984741211,23.65999984741211,0,0.0,0.0
2025-05-05 15:14:00-05:00,23.65999984741211,23.65999984741211,23.639999389648438,23.639999389648438,0,0.0,0.0
2025-05-06 02:15:00-05:00,23.969999313354492,23.979999542236328,23.969999313354492,23.969999313354492,0,0.0,0.0
2025-05-06 02:16:00-05:00,23.969999313354492,23.969999313354492,23.959999084472656,23.959999084472656,0,0.0,0.0
2025-05-06 02:17:00-05:00,23.950000762939453,23.950000762939453,23.920000076293945,23.940000534057617,0,0.0,0.0
2025-05-06 02:18:00-05:00,23.950000762939453,23.969999313354492,23.950000762939453,23.969999313354492,0,0.0,0.0
2025-05-06 02:19:00-05:00,23.969999313354492,23.969999313354492,23.969999313354492,23.969999313354492,0,0.0,0.0
2025-05-06 02:20:00-05:00,23.969999313354492,23.969999313354492,23.950000762939453,23.950000762939453,0,0.0,0.0
2025-05-06 02:21:00-05:00,23.959999084472656,23.959999084472656,23.950000762939453,23.950000762939453,0,0.0,0.0
2025-05-06 02:22:00-05:00,23.950000762939453,23.950000762939453,23.950000762939453,23.950000762939453,0,0.0,0.0
2025-05-06 02:23:00-05:00,23.959999084472656,23.959999084472656,23.959999084472656,23.959999084472656,0,0.0,0.0
2025-05-06 02:24:00-05:00,23.959999084472656,23.959999084472656,23.93000030517578,23.93000030517578,0,0.0,0.0
2025-05-06 02:25:00-05:00,23.93000030517578,23.940000534057617,23.93000030517578,23.940000534057617,0,0.0,0.0
2025-05-06 02:26:00-05:00,23.93000030517578,23.979999542236328,23.93000030517578,23.979999542236328,0,0.0,0.0
2025-05-06 02:27:00-05:00,23.989999771118164,23.989999771118164,23.940000534057617,23.950000762939453,0,0.0,0.0
2025-05-06 02:28:00-05:00,23.950000762939453,24.0,23.950000762939453,24.0,0,0.0,0.0
2025-05-06 02:29:00-05:00,24.010000228881836,24.059999465942383,24.010000228881836,24.059999465942383,0,0.0,0.0
2025-05-06 02:30:00-05:00,24.049999237060547,24.100000381469727,24.049999237060547,24.100000381469727,0,0.0,0.0
2025-05-06 02:31:00-05:00,24.06999969482422,24.06999969482422,24.059999465942383,24.059999465942383,0,0.0,0.0
2025-05-06 02:32:00-05:00,24.059999465942383,24.06999969482422,24.059999465942383,24.059999465942383,0,0.0,0.0
2025-05-06 02:33:00-05:00,24.06999969482422,24.079999923706055,24.06999969482422,24.079999923706055,0,0.0,0.0
2025-05-06 02:34:00-05:00,24.079999923706055,24.09000015258789,24.079999923706055,24.09000015258789,0,0.0,0.0
2025-05-06 02:35:00-05:00,24.100000381469727,24.149999618530273,24.100000381469727,24.149999618530273,0,0.0,0.0
2025-05-06 02:36:00-05:00,24.149999618530273,24.149999618530273,24.139999389648438,24.149999618530273,0,0.0,0.0
2025-05-06 02:37:00-05:00,24.170000076293945,24.170000076293945,24.15999984741211,24.15999984741211,0,0.0,0.0
2025-05-06 02:38:00-05:00,24.15999984741211,24.200000762939453,24.149999618530273,24.200000762939453,0,0.0,0.0
2025-05-06 02:39:00-05:00,24.190000534057617,24.200000762939453,24.190000534057617,24.200000762939453,0,0.0,0.0
2025-05-06 02:40:00-05:00,24.209999084472656,24.239999771118164,24.209999084472656,24.219999313354492,0,0.0,0.0
2025-05-06 02:41:00-05:00,24.219999313354492,24.239999771118164,24.219999313354492,24.229999542236328,0,0.0,0.0
2025-05-06 02:42:00-05:00,24.219999313354492,24.219999313354492,24.209999084472656,24.219999313354492,0,0.0,0.0
2025-05-06 02:43:00-05:00,24.219999313354492,24.25,24.219999313354492,24.239999771118164,0,0.0,0.0
2025-05-06 02:44:00-05:00,24.239999771118164,24.25,24.239999771118164,24.25,0,0.0,0.0
2025-05-06 02:45:00-05:00,24.25,24.260000228881836,24.239999771118164,24.239999771118164,0,0.0,0.0
2025-05-06 02:46:00-05:00,24.239999771118164,24.239999771118164,24.18000030517578,24.18000030517578,0,0.0,0.0
2025-05-06 02:47:00-05:00,24.18000030517578,24.18000030517578,24.18000030517578,24.18000030517578,0,0.0,0.0
2025-05-06 02:48:00-05:00,24.170000076293945,24.170000076293945,24.149999618530273,24.170000076293945,0,0.0,0.0
2025-05-06 02:49:00-05:00,24.139999389648438,24.170000076293945,24.139999389648438,24.170000076293945,0,0.0,0.0
2025-05-06 02:50:00-05:00,24.170000076293945,24.18000030517578,24.170000076293945,24.170000076293945,0,0.0,0.0
2025-05-06 02:51:00-05:00,24.170000076293945,24.190000534057617,24.170000076293945,24.18000030517578,0,0.0,0.0
2025-05-06 02:52:00-05:00,24.200000762939453,24.200000762939453,24.18000030517578,24.190000534057617,0,0.0,0.0
2025-05-06 02:53:00-05:00,24.190000534057617,24.209999084472656,24.190000534057617,24.209999084472656,0,0.0,0.0
2025-05-06 02:54:00-05:00,24.200000762939453,24.219999313354492,24.200000762939453,24.219999313354492,0,0.0,0.0
2025-05-06 02:55:00-05:00,24.239999771118164,24.260000228881836,24.239999771118164,24.239999771118164,0,0.0,0.0
2025-05-06 02:56:00-05:00,24.229999542236328,24.239999771118164,24.229999542236328,24.239999771118164,0,0.0,0.0
2025-05-06 02:57:00-05:00,24.229999542236328,24.229999542236328,24.219999313354492,24.219999313354492,0,0.0,0.0
2025-05-06 02:58:00-05:00,24.219999313354492,24.229999542236328,24.219999313354492,24.219999313354492,0,0.0,0.0
2025-05-06 02:59:00-05:00,24.219999313354492,24.270000457763672,24.219999313354492,24.260000228881836,0,0.0,0.0
2025-05-06 03:00:00-05:00,24.280000686645508,24.309999465942383,24.209999084472656,24.260000228881836,0,0.0,0.0
2025-05-06 03:01:00-05:00,24.299999237060547,24.299999237060547,24.299999237060547,24.299999237060547,0,0.0,0.0
2025-05-06 03:02:00-05:00,24.270000457763672,24.290000915527344,24.270000457763672,24.290000915527344,0,0.0,0.0
2025-05-06 03:03:00-05:00,24.31999969482422,24.420000076293945,24.31999969482422,24.420000076293945,0,0.0,0.0
2025-05-06 03:04:00-05:00,24.420000076293945,24.420000076293945,24.34000015258789,24.34000015258789,0,0.0,0.0
2025-05-06 03:05:00-05:00,24.350000381469727,24.350000381469727,24.329999923706055,24.329999923706055,0,0.0,0.0
2025-05-06 03:06:00-05:00,24.31999969482422,24.31999969482422,24.299999237060547,24.299999237060547,0,0.0,0.0
2025-05-06 03:07:00-05:00,24.31999969482422,24.34000015258789,24.31999969482422,24.34000015258789,0,0.0,0.0
2025-05-06 03:08:00-05:00,24.350000381469727,24.360000610351562,24.290000915527344,24.290000915527344,0,0.0,0.0
2025-05-06 03:09:00-05:00,24.299999237060547,24.31999969482422,24.299999237060547,24.31999969482422,0,0.0,0.0
2025-05-06 03:10:00-05:00,24.329999923706055,24.350000381469727,24.329999923706055,24.350000381469727,0,0.0,0.0
2025-05-06 03:11:00-05:00,24.350000381469727,24.3799991607666,24.350000381469727,24.3799991607666,0,0.0,0.0
2025-05-06 03:12:00-05:00,24.420000076293945,24.440000534057617,24.420000076293945,24.43000030517578,0,0.0,0.0
2025-05-06 03:13:00-05:00,24.43000030517578,24.450000762939453,24.43000030517578,24.450000762939453,0,0.0,0.0
2025-05-06 03:14:00-05:00,24.440000534057617,24.450000762939453,24.440000534057617,24.450000762939453,0,0.0,0.0
2025-05-06 03:15:00-05:00,24.440000534057617,24.440000534057617,24.43000030517578,24.440000534057617,0,0.0,0.0
2025-05-06 03:16:00-05:00,24.450000762939453,24.479999542236328,24.450000762939453,24.479999542236328,0,0.0,0.0
2025-05-06 03:17:00-05:00,24.5,24.549999237060547,24.5,24.5,0,0.0,0.0
2025-05-06 03:18:00-05:00,24.479999542236328,24.479999542236328,24.469999313354492,24.479999542236328,0,0.0,0.0
2025-05-06 03:19:00-05:00,24.469999313354492,24.559999465942383,24.469999313354492,24.559999465942383,0,0.0,0.0
2025-05-06 03:20:00-05:00,24.559999465942383,24.690000534057617,24.559999465942383,24.690000534057617,0,0.0,0.0
2025-05-06 03:21:00-05:00,24.68000030517578,24.709999084472656,24.68000030517578,24.709999084472656,0,0.0,0.0
2025-05-06 03:22:00-05:00,24.719999313354492,24.739999771118164,24.719999313354492,24.729999542236328,0,0.0,0.0
2025-05-06 03:23:00-05:00,24.729999542236328,24.760000228881836,24.729999542236328,24.760000228881836,0,0.0,0.0
2025-05-06 03:24:00-05:00,24.75,24.75,24.690000534057617,24.690000534057617,0,0.0,0.0
2025-05-06 03:25:00-05:00,24.68000030517578,24.68000030517578,24.649999618530273,24.649999618530273,0,0.0,0.0
2025-05-06 03:26:00-05:00,24.6299991607666,24.6299991607666,24.59000015258789,24.59000015258789,0,0.0,0.0
2025-05-06 03:27:00-05:00,24.600000381469727,24.65999984741211,24.600000381469727,24.65999984741211,0,0.0,0.0
2025-05-06 03:28:00-05:00,24.649999618530273,24.700000762939453,24.649999618530273,24.700000762939453,0,0.0,0.0
2025-05-06 03:29:00-05:00,24.700000762939453,24.709999084472656,24.700000762939453,24.709999084472656,0,0.0,0.0
2025-05-06 03:30:00-05:00,24.709999084472656,24.719999313354492,24.709999084472656,24.709999084472656,0,0.0,0.0
2025-05-06 03:31:00-05:00,24.719999313354492,24.75,24.719999313354492,24.75,0,0.0,0.0
2025-05-06 03:32:00-05:00,24.739999771118164,24.739999771118164,24.709999084472656,24.709999084472656,0,0.0,0.0
2025-05-06 03:33:00-05:00,24.709999084472656,24.709999084472656,24.670000076293945,24.670000076293945,0,0.0,0.0
2025-05-06 03:34:00-05:00,24.65999984741211,24.670000076293945,24.649999618530273,24.649999618530273,0,0.0,0.0
2025-05-06 03:35:00-05:00,24.639999389648438,24.649999618530273,24.639999389648438,24.649999618530273,0,0.0,0.0
2025-05-06 03:36:00-05:00,24.649999618530273,24.65999984741211,24.649999618530273,24.649999618530273,0,0.0,0.0
2025-05-06 03:37:00-05:00,24.649999618530273,24.65999984741211,24.649999618530273,24.65999984741211,0,0.0,0.0
2025-05-06 03:38:00-05:00,24.670000076293945,24.68000030517578,24.649999618530273,24.649999618530273,0,0.0,0.0
2025-05-06 03:39:00-05:00,24.65999984741211,24.670000076293945,24.65999984741211,24.670000076293945,0,0.0,0.0
2025-05-06 03:40:00-05:00,24.68000030517578,24.68000030517578,24.65999984741211,24.68000030517578,0,0.0,0.0
2025-05-06 03:41:00-05:00,24.690000534057617,24.690000534057617,24.690000534057617,24.690000534057617,0,0.0,0.0
2025-05-06 03:42:00-05:00,24.690000534057617,24.690000534057617,24.639999389648438,24.639999389648438,0,0.0,0.0
2025-05-06 03:43:00-05:00,24.6200008392334,24.6200008392334,24.6200008392334,24.6200008392334,0,0.0,0.0
2025-05-06 03:44:00-05:00,24.600000381469727,24.600000381469727,24.549999237060547,24.559999465942383,0,0.0,0.0
2025-05-06 03:45:00-05:00,24.559999465942383,24.56999969482422,24.540000915527344,24.540000915527344,0,0.0,0.0
2025-05-06 03:46:00-05:00,24.549999237060547,24.549999237060547,24.549999237060547,24.549999237060547,0,0.0,0.0
2025-05-06 03:47:00-05:00,24.549999237060547,24.559999465942383,24.549999237060547,24.549999237060547,0,0.0,0.0
2025-05-06 03:48:00-05:00,24.520000457763672,24.540000915527344,24.520000457763672,24.540000915527344,0,0.0,0.0
2025-05-06 03:49:00-05:00,24.540000915527344,24.549999237060547,24.540000915527344,24.549999237060547,0,0.0,0.0
2025-05-06 03:50:00-05:00,24.559999465942383,24.56999969482422,24.549999237060547,24.549999237060547,0,0.0,0.0
2025-05-06 03:51:00-05:00,24.540000915527344,24.559999465942383,24.540000915527344,24.559999465942383,0,0.0,0.0
2025-05-06 03:52:00-05:00,24.56999969482422,24.579999923706055,24.56999969482422,24.579999923706055,0,0.0,0.0
2025-05-06 03:53:00-05:00,24.56999969482422,24.579999923706055,24.56999969482422,24.56999969482422,0,0.0,0.0
2025-05-06 03:54:00-05:00,24.56999969482422,24.56999969482422,24.56999969482422,24.56999969482422,0,0.0,0.0
2025-05-06 03:55:00-05:00,24.579999923706055,24.610000610351562,24.579999923706055,24.610000610351562,0,0.0,0.0
2025-05-06 03:56:00-05:00,24.610000610351562,24.6200008392334,24.59000015258789,24.59000015258789,0,0.0,0.0
2025-05-06 03:57:00-05:00,24.600000381469727,24.600000381469727,24.59000015258789,24.59000015258789,0,0.0,0.0
2025-05-06 03:58:00-05:00,24.59000015258789,24.610000610351562,24.59000015258789,24.59000015258789,0,0.0,0.0
2025-05-06 03:59:00-05:00,24.59000015258789,24.59000015258789,24.56999969482422,24.579999923706055,0,0.0,0.0
2025-05-06 04:00:00-05:00,24.579999923706055,24.600000381469727,24.579999923706055,24.600000381469727,0,0.0,0.0
2025-05-06 04:01:00-05:00,24.59000015258789,24.639999389648438,24.59000015258789,24.639999389648438,0,0.0,0.0
2025-05-06 04:02:00-05:00,24.65999984741211,24.670000076293945,24.65999984741211,24.670000076293945,0,0.0,0.0
2025-05-06 04:03:00-05:00,24.670000076293945,24.670000076293945,24.670000076293945,24.670000076293945,0,0.0,0.0
2025-05-06 04:04:00-05:00,24.670000076293945,24.700000762939453,24.670000076293945,24.700000762939453,0,0.0,0.0
2025-05-06 04:05:00-05:00,24.700000762939453,24.700000762939453,24.6299991607666,24.6299991607666,0,0.0,0.0
2025-05-06 04:06:00-05:00,24.6299991607666,24.639999389648438,24.6299991607666,24.639999389648438,0,0.0,0.0
2025-05-06 04:07:00-05:00,24.649999618530273,24.65999984741211,24.649999618530273,24.65999984741211,0,0.0,0.0
2025-05-06 04:08:00-05:00,24.690000534057617,24.700000762939453,24.68000030517578,24.68000030517578,0,0.0,0.0
2025-05-06 04:09:00-05:00,24.649999618530273,24.690000534057617,24.649999618530273,24.690000534057617,0,0.0,0.0
2025-05-06 04:10:00-05:00,24.700000762939453,24.700000762939453,24.65999984741211,24.68000030517578,0,0.0,0.0
2025-05-06 04:11:00-05:00,24.68000030517578,24.709999084472656,24.68000030517578,24.709999084472656,0,0.0,0.0
2025-05-06 04:12:00-05:00,24.709999084472656,24.719999313354492,24.700000762939453,24.709999084472656,0,0.0,0.0
2025-05-06 04:13:00-05:00,24.709999084472656,24.760000228881836,24.709999084472656,24.760000228881836,0,0.0,0.0
2025-05-06 04:14:00-05:00,24.75,24.75,24.739999771118164,24.739999771118164,0,0.0,0.0
2025-05-06 04:15:00-05:00,24.739999771118164,24.770000457763672,24.739999771118164,24.760000228881836,0,0.0,0.0
2025-05-06 04:16:00-05:00,24.770000457763672,24.780000686645508,24.770000457763672,24.780000686645508,0,0.0,0.0
2025-05-06 04:17:00-05:00,24.760000228881836,24.780000686645508,24.760000228881836,24.770000457763672,0,0.0,0.0
2025-05-06 04:18:00-05:00,24.760000228881836,24.760000228881836,24.75,24.75,0,0.0,0.0
2025-05-06 04:19:00-05:00,24.760000228881836,24.770000457763672,24.760000228881836,24.770000457763672,0,0.0,0.0
2025-05-06 04:20:00-05:00,24.770000457763672,24.770000457763672,24.760000228881836,24.770000457763672,0,0.0,0.0
2025-05-06 04:21:00-05:00,24.780000686645508,24.81999969482422,24.780000686645508,24.81999969482422,0,0.0,0.0
2025-05-06 04:22:00-05:00,24.81999969482422,24.84000015258789,24.81999969482422,24.829999923706055,0,0.0,0.0
2025-05-06 04:23:00-05:00,24.84000015258789,24.84000015258789,24.81999969482422,24.81999969482422,0,0.0,0.0
2025-05-06 04:24:00-05:00,24.829999923706055,24.850000381469727,24.829999923706055,24.850000381469727,0,0.0,0.0
2025-05-06 04:25:00-05:00,24.850000381469727,24.860000610351562,24.84000015258789,24.84000015258789,0,0.0,0.0
2025-05-06 04:26:00-05:00,24.84000015258789,24.850000381469727,24.84000015258789,24.84000015258789,0,0.0,0.0
2025-05-06 04:27:00-05:00,24.829999923706055,24.850000381469727,24.829999923706055,24.850000381469727,0,0.0,0.0
2025-05-06 04:28:00-05:00,24.850000381469727,24.8700008392334,24.850000381469727,24.860000610351562,0,0.0,0.0
2025-05-06 04:29:00-05:00,24.850000381469727,24.860000610351562,24.84000015258789,24.84000015258789,0,0.0,0.0
2025-05-06 04:30:00-05:00,24.84000015258789,24.84000015258789,24.780000686645508,24.780000686645508,0,0.0,0.0
2025-05-06 04:31:00-05:00,24.790000915527344,24.799999237060547,24.739999771118164,24.799999237060547,0,0.0,0.0
2025-05-06 04:32:00-05:00,24.81999969482422,24.829999923706055,24.780000686645508,24.780000686645508,0,0.0,0.0
2025-05-06 04:33:00-05:00,24.770000457763672,24.780000686645508,24.770000457763672,24.770000457763672,0,0.0,0.0
2025-05-06 04:34:00-05:00,24.770000457763672,24.770000457763672,24.770000457763672,24.770000457763672,0,0.0,0.0
2025-05-06 04:35:00-05:00,24.780000686645508,24.780000686645508,24.780000686645508,24.780000686645508,0,0.0,0.0
2025-05-06 04:36:00-05:00,24.770000457763672,24.770000457763672,24.760000228881836,24.760000228881836,0,0.0,0.0
2025-05-06 04:37:00-05:00,24.75,24.760000228881836,24.75,24.760000228881836,0,0.0,0.0
2025-05-06 04:38:00-05:00,24.760000228881836,24.81999969482422,24.760000228881836,24.81999969482422,0,0.0,0.0
2025-05-06 04:39:00-05:00,24.850000381469727,24.850000381469727,24.84000015258789,24.84000015258789,0,0.0,0.0
2025-05-06 04:40:00-05:00,24.860000610351562,24.8700008392334,24.850000381469727,24.850000381469727,0,0.0,0.0
2025-05-06 04:41:00-05:00,24.860000610351562,24.8700008392334,24.860000610351562,24.860000610351562,0,0.0,0.0
2025-05-06 04:42:00-05:00,24.8700008392334,24.8799991607666,24.8700008392334,24.8700008392334,0,0.0,0.0
2025-05-06 04:43:00-05:00,24.8799991607666,24.8799991607666,24.8700008392334,24.8700008392334,0,0.0,0.0
2025-05-06 04:44:00-05:00,24.860000610351562,24.8700008392334,24.860000610351562,24.8700008392334,0,0.0,0.0
2025-05-06 04:45:00-05:00,24.8700008392334,24.889999389648438,24.8700008392334,24.8799991607666,0,0.0,0.0
2025-05-06 04:46:00-05:00,24.889999389648438,24.90999984741211,24.889999389648438,24.90999984741211,0,0.0,0.0
2025-05-06 04:47:00-05:00,24.90999984741211,24.90999984741211,24.899999618530273,24.899999618530273,0,0.0,0.0
2025-05-06 04:48:00-05:00,24.899999618530273,24.899999618530273,24.8799991607666,24.899999618530273,0,0.0,0.0
2025-05-06 04:49:00-05:00,24.889999389648438,24.889999389648438,24.8799991607666,24.8799991607666,0,0.0,0.0
2025-05-06 04:50:00-05:00,24.8799991607666,24.8799991607666,24.8799991607666,24.8799991607666,0,0.0,0.0
2025-05-06 04:51:00-05:00,24.889999389648438,24.899999618530273,24.8799991607666,24.889999389648438,0,0.0,0.0
2025-05-06 04:52:00-05:00,24.8700008392334,24.8799991607666,24.850000381469727,24.850000381469727,0,0.0,0.0
2025-05-06 04:53:00-05:00,24.809999465942383,24.81999969482422,24.799999237060547,24.799999237060547,0,0.0,0.0
2025-05-06 04:54:00-05:00,24.799999237060547,24.799999237060547,24.739999771118164,24.760000228881836,0,0.0,0.0
2025-05-06 04:55:00-05:00,24.739999771118164,24.739999771118164,24.729999542236328,24.729999542236328,0,0.0,0.0
2025-05-06 04:56:00-05:00,24.729999542236328,24.739999771118164,24.729999542236328,24.729999542236328,0,0.0,0.0
2025-05-06 04:57:00-05:00,24.719999313354492,24.719999313354492,24.709999084472656,24.709999084472656,0,0.0,0.0
2025-05-06 04:58:00-05:00,24.719999313354492,24.729999542236328,24.709999084472656,24.729999542236328,0,0.0,0.0
2025-05-06 04:59:00-05:00,24.719999313354492,24.719999313354492,24.709999084472656,24.709999084472656,0,0.0,0.0
2025-05-06 05:00:00-05:00,24.709999084472656,24.739999771118164,24.709999084472656,24.739999771118164,0,0.0,0.0
2025-05-06 05:01:00-05:00,24.729999542236328,24.739999771118164,24.719999313354492,24.719999313354492,0,0.0,0.0
2025-05-06 05:02:00-05:00,24.719999313354492,24.719999313354492,24.709999084472656,24.709999084472656,0,0.0,0.0
2025-05-06 05:03:00-05:00,24.700000762939453,24.700000762939453,24.700000762939453,24.700000762939453,0,0.0,0.0
2025-05-06 05:04:00-05:00,24.709999084472656,24.709999084472656,24.709999084472656,24.709999084472656,0,0.0,0.0
2025-05-06 05:05:00-05:00,24.719999313354492,24.719999313354492,24.700000762939453,24.709999084472656,0,0.0,0.0
2025-05-06 05:06:00-05:00,24.719999313354492,24.719999313354492,24.709999084472656,24.709999084472656,0,0.0,0.0
2025-05-06 05:07:00-05:00,24.709999084472656,24.719999313354492,24.690000534057617,24.719999313354492,0,0.0,0.0
2025-05-06 05:08:00-05:00,24.700000762939453,24.700000762939453,24.700000762939453,24.700000762939453,0,0.0,0.0
2025-05-06 05:09:00-05:00,24.700000762939453,24.709999084472656,24.700000762939453,24.709999084472656,0,0.0,0.0
2025-05-06 05:10:00-05:00,24.719999313354492,24.75,24.719999313354492,24.75,0,0.0,0.0
2025-05-06 05:11:00-05:00,24.770000457763672,24.780000686645508,24.75,24.75,0,0.0,0.0
2025-05-06 05:12:00-05:00,24.760000228881836,24.760000228881836,24.729999542236328,24.729999542236328,0,0.0,0.0
2025-05-06 05:13:00-05:00,24.729999542236328,24.739999771118164,24.729999542236328,24.739999771118164,0,0.0,0.0
2025-05-06 05:14:00-05:00,24.739999771118164,24.739999771118164,24.709999084472656,24.709999084472656,0,0.0,0.0
2025-05-06 05:15:00-05:00,24.709999084472656,24.709999084472656,24.700000762939453,24.700000762939453,0,0.0,0.0
2025-05-06 05:16:00-05:00,24.700000762939453,24.700000762939453,24.690000534057617,24.690000534057617,0,0.0,0.0
2025-05-06 05:17:00-05:00,24.690000534057617,24.690000534057617,24.68000030517578,24.690000534057617,0,0.0,0.0
2025-05-06 05:18:00-05:00,24.68000030517578,24.68000030517578,24.670000076293945,24.670000076293945,0,0.0,0.0
2025-05-06 05:19:00-05:00,24.68000030517578,24.690000534057617,24.68000030517578,24.68000030517578,0,0.0,0.0
2025-05-06 05:20:00-05:00,24.68000030517578,24.68000030517578,24.670000076293945,24.670000076293945,0,0.0,0.0
2025-05-06 05:21:00-05:00,24.670000076293945,24.670000076293945,24.670000076293945,24.670000076293945,0,0.0,0.0
2025-05-06 05:22:00-05:00,24.670000076293945,24.690000534057617,24.670000076293945,24.690000534057617,0,0.0,0.0
2025-05-06 05:23:00-05:00,24.690000534057617,24.690000534057617,24.68000030517578,24.68000030517578,0,0.0,0.0
2025-05-06 05:24:00-05:00,24.68000030517578,24.690000534057617,24.68000030517578,24.68000030517578,0,0.0,0.0
2025-05-06 05:25:00-05:00,24.670000076293945,24.68000030517578,24.670000076293945,24.68000030517578,0,0.0,0.0
2025-05-06 05:26:00-05:00,24.68000030517578,24.690000534057617,24.68000030517578,24.68000030517578,0,0.0,0.0
2025-05-06 05:27:00-05:00,24.690000534057617,24.690000534057617,24.690000534057617,24.690000534057617,0,0.0,0.0
2025-05-06 05:28:00-05:00,24.690000534057617,24.690000534057617,24.670000076293945,24.670000076293945,0,0.0,0.0
2025-05-06 05:29:00-05:00,24.68000030517578,24.68000030517578,24.68000030517578,24.68000030517578,0,0.0,0.0
2025-05-06 05:30:00-05:00,24.68000030517578,24.68000030517578,24.68000030517578,24.68000030517578,0,0.0,0.0
2025-05-06 05:31:00-05:00,24.670000076293945,24.68000030517578,24.649999618530273,24.649999618530273,0,0.0,0.0
2025-05-06 05:32:00-05:00,24.65999984741211,24.670000076293945,24.639999389648438,24.639999389648438,0,0.0,0.0
2025-05-06 05:33:00-05:00,24.639999389648438,24.649999618530273,24.639999389648438,24.649999618530273,0,0.0,0.0
2025-05-06 05:34:00-05:00,24.649999618530273,24.649999618530273,24.6299991607666,24.6299991607666,0,0.0,0.0
2025-05-06 05:35:00-05:00,24.6200008392334,24.6200008392334,24.59000015258789,24.59000015258789,0,0.0,0.0
2025-05-06 05:36:00-05:00,24.59000015258789,24.59000015258789,24.549999237060547,24.549999237060547,0,0.0,0.0
2025-05-06 05:37:00-05:00,24.540000915527344,24.549999237060547,24.540000915527344,24.540000915527344,0,0.0,0.0
2025-05-06 05:38:00-05:00,24.540000915527344,24.540000915527344,24.530000686645508,24.530000686645508,0,0.0,0.0
2025-05-06 05:39:00-05:00,24.520000457763672,24.520000457763672,24.520000457763672,24.520000457763672,0,0.0,0.0
2025-05-06 05:40:00-05:00,24.520000457763672,24.559999465942383,24.520000457763672,24.559999465942383,0,0.0,0.0
2025-05-06 05:41:00-05:00,24.56999969482422,24.56999969482422,24.559999465942383,24.559999465942383,0,0.0,0.0
2025-05-06 05:42:00-05:00,24.56999969482422,24.56999969482422,24.56999969482422,24.56999969482422,0,0.0,0.0
2025-05-06 05:43:00-05:00,24.56999969482422,24.59000015258789,24.56999969482422,24.59000015258789,0,0.0,0.0
2025-05-06 05:46:00-05:00,24.579999923706055,24.579999923706055,24.579999923706055,24.579999923706055,0,0.0,0.0
2025-05-06 05:47:00-05:00,24.579999923706055,24.579999923706055,24.579999923706055,24.579999923706055,0,0.0,0.0
2025-05-06 05:48:00-05:00,24.59000015258789,24.600000381469727,24.59000015258789,24.59000015258789,0,0.0,0.0
2025-05-06 05:49:00-05:00,24.59000015258789,24.59000015258789,24.59000015258789,24.59000015258789,0,0.0,0.0
2025-05-06 05:50:00-05:00,24.59000015258789,24.59000015258789,24.56999969482422,24.56999969482422,0,0.0,0.0
2025-05-06 05:51:00-05:00,24.579999923706055,24.59000015258789,24.579999923706055,24.59000015258789,0,0.0,0.0
2025-05-06 05:52:00-05:00,24.59000015258789,24.649999618530273,24.59000015258789,24.649999618530273,0,0.0,0.0
2025-05-06 05:53:00-05:00,24.6299991607666,24.6299991607666,24.6200008392334,24.6200008392334,0,0.0,0.0
2025-05-06 05:54:00-05:00,24.6200008392334,24.6200008392334,24.579999923706055,24.579999923706055,0,0.0,0.0
2025-05-06 05:55:00-05:00,24.579999923706055,24.59000015258789,24.579999923706055,24.579999923706055,0,0.0,0.0
2025-05-06 05:56:00-05:00,24.579999923706055,24.579999923706055,24.56999969482422,24.56999969482422,0,0.0,0.0
2025-05-06 05:57:00-05:00,24.56999969482422,24.56999969482422,24.559999465942383,24.56999969482422,0,0.0,0.0
2025-05-06 05:58:00-05:00,24.56999969482422,24.56999969482422,24.549999237060547,24.549999237060547,0,0.0,0.0
2025-05-06 05:59:00-05:00,24.540000915527344,24.540000915527344,24.520000457763672,24.520000457763672,0,0.0,0.0
2025-05-06 06:00:00-05:00,24.510000228881836,24.510000228881836,24.459999084472656,24.459999084472656,0,0.0,0.0
2025-05-06 06:01:00-05:00,24.459999084472656,24.459999084472656,24.459999084472656,24.459999084472656,0,0.0,0.0
2025-05-06 06:02:00-05:00,24.450000762939453,24.459999084472656,24.450000762939453,24.459999084472656,0,0.0,0.0
2025-05-06 06:03:00-05:00,24.469999313354492,24.469999313354492,24.440000534057617,24.440000534057617,0,0.0,0.0
2025-05-06 06:04:00-05:00,24.440000534057617,24.440000534057617,24.420000076293945,24.43000030517578,0,0.0,0.0
2025-05-06 06:05:00-05:00,24.420000076293945,24.43000030517578,24.420000076293945,24.43000030517578,0,0.0,0.0
2025-05-06 06:06:00-05:00,24.43000030517578,24.440000534057617,24.43000030517578,24.43000030517578,0,0.0,0.0
2025-05-06 06:07:00-05:00,24.43000030517578,24.43000030517578,24.43000030517578,24.43000030517578,0,0.0,0.0
2025-05-06 06:08:00-05:00,24.43000030517578,24.43000030517578,24.43000030517578,24.43000030517578,0,0.0,0.0
2025-05-06 06:09:00-05:00,24.43000030517578,24.43000030517578,24.43000030517578,24.43000030517578,0,0.0,0.0
2025-05-06 06:10:00-05:00,24.43000030517578,24.43000030517578,24.43000030517578,24.43000030517578,0,0.0,0.0
2025-05-06 06:11:00-05:00,24.420000076293945,24.43000030517578,24.40999984741211,24.40999984741211,0,0.0,0.0
2025-05-06 06:12:00-05:00,24.40999984741211,24.420000076293945,24.40999984741211,24.40999984741211,0,0.0,0.0
2025-05-06 06:13:00-05:00,24.40999984741211,24.420000076293945,24.40999984741211,24.420000076293945,0,0.0,0.0
2025-05-06 06:14:00-05:00,24.43000030517578,24.469999313354492,24.43000030517578,24.469999313354492,0,0.0,0.0
2025-05-06 06:15:00-05:00,24.479999542236328,24.540000915527344,24.479999542236328,24.540000915527344,0,0.0,0.0
2025-05-06 06:16:00-05:00,24.530000686645508,24.540000915527344,24.510000228881836,24.510000228881836,0,0.0,0.0
2025-05-06 06:17:00-05:00,24.520000457763672,24.540000915527344,24.520000457763672,24.540000915527344,0,0.0,0.0
2025-05-06 06:18:00-05:00,24.510000228881836,24.510000228881836,24.510000228881836,24.510000228881836,0,0.0,0.0
2025-05-06 06:19:00-05:00,24.510000228881836,24.530000686645508,24.510000228881836,24.530000686645508,0,0.0,0.0
2025-05-06 06:20:00-05:00,24.530000686645508,24.530000686645508,24.530000686645508,24.530000686645508,0,0.0,0.0
2025-05-06 06:21:00-05:00,24.530000686645508,24.530000686645508,24.520000457763672,24.530000686645508,0,0.0,0.0
2025-05-06 06:22:00-05:00,24.549999237060547,24.610000610351562,24.549999237060547,24.579999923706055,0,0.0,0.0
2025-05-06 06:23:00-05:00,24.59000015258789,24.700000762939453,24.59000015258789,24.65999984741211,0,0.0,0.0
2025-05-06 06:24:00-05:00,24.649999618530273,24.729999542236328,24.649999618530273,24.729999542236328,0,0.0,0.0
2025-05-06 06:25:00-05:00,24.729999542236328,24.729999542236328,24.719999313354492,24.719999313354492,0,0.0,0.0
2025-05-06 06:26:00-05:00,24.719999313354492,24.719999313354492,24.700000762939453,24.709999084472656,0,0.0,0.0
2025-05-06 06:27:00-05:00,24.709999084472656,24.709999084472656,24.690000534057617,24.690000534057617,0,0.0,0.0
2025-05-06 06:28:00-05:00,24.729999542236328,24.790000915527344,24.709999084472656,24.790000915527344,0,0.0,0.0
2025-05-06 06:29:00-05:00,24.799999237060547,24.799999237060547,24.760000228881836,24.760000228881836,0,0.0,0.0
2025-05-06 06:30:00-05:00,24.75,24.770000457763672,24.75,24.75,0,0.0,0.0
2025-05-06 06:31:00-05:00,24.790000915527344,24.790000915527344,24.760000228881836,24.760000228881836,0,0.0,0.0
2025-05-06 06:32:00-05:00,24.75,24.75,24.739999771118164,24.739999771118164,0,0.0,0.0
2025-05-06 06:33:00-05:00,24.760000228881836,24.760000228881836,24.760000228881836,24.760000228881836,0,0.0,0.0
2025-05-06 06:34:00-05:00,24.760000228881836,24.760000228881836,24.739999771118164,24.739999771118164,0,0.0,0.0
2025-05-06 06:35:00-05:00,24.729999542236328,24.729999542236328,24.65999984741211,24.65999984741211,0,0.0,0.0
2025-05-06 06:36:00-05:00,24.649999618530273,24.649999618530273,24.6200008392334,24.6299991607666,0,0.0,0.0
2025-05-06 06:37:00-05:00,24.6299991607666,24.6299991607666,24.610000610351562,24.610000610351562,0,0.0,0.0
2025-05-06 06:38:00-05:00,24.610000610351562,24.610000610351562,24.59000015258789,24.59000015258789,0,0.0,0.0
2025-05-06 06:39:00-05:00,24.600000381469727,24.6299991607666,24.600000381469727,24.6299991607666,0,0.0,0.0
2025-05-06 06:40:00-05:00,24.6200008392334,24.6200008392334,24.610000610351562,24.6200008392334,0,0.0,0.0
2025-05-06 06:41:00-05:00,24.6200008392334,24.670000076293945,24.6200008392334,24.670000076293945,0,0.0,0.0
2025-05-06 06:42:00-05:00,24.690000534057617,24.709999084472656,24.68000030517578,24.68000030517578,0,0.0,0.0
2025-05-06 06:43:00-05:00,24.690000534057617,24.700000762939453,24.670000076293945,24.670000076293945,0,0.0,0.0
2025-05-06 06:44:00-05:00,24.670000076293945,24.670000076293945,24.649999618530273,24.65999984741211,0,0.0,0.0
2025-05-06 06:45:00-05:00,24.65999984741211,24.670000076293945,24.65999984741211,24.65999984741211,0,0.0,0.0
2025-05-06 06:46:00-05:00,24.65999984741211,24.65999984741211,24.649999618530273,24.649999618530273,0,0.0,0.0
2025-05-06 06:47:00-05:00,24.65999984741211,24.670000076293945,24.65999984741211,24.670000076293945,0,0.0,0.0
2025-05-06 06:48:00-05:00,24.670000076293945,24.670000076293945,24.65999984741211,24.670000076293945,0,0.0,0.0
2025-05-06 06:49:00-05:00,24.68000030517578,24.729999542236328,24.68000030517578,24.729999542236328,0,0.0,0.0
2025-05-06 06:50:00-05:00,24.739999771118164,24.75,24.729999542236328,24.729999542236328,0,0.0,0.0
2025-05-06 06:51:00-05:00,24.739999771118164,24.940000534057617,24.739999771118164,24.93000030517578,0,0.0,0.0
2025-05-06 06:52:00-05:00,24.93000030517578,25.040000915527344,24.93000030517578,25.040000915527344,0,0.0,0.0
2025-05-06 06:53:00-05:00,25.010000228881836,25.010000228881836,25.0,25.0,0,0.0,0.0
2025-05-06 06:54:00-05:00,25.0,25.0,24.989999771118164,24.989999771118164,0,0.0,0.0
2025-05-06 06:55:00-05:00,24.979999542236328,24.979999542236328,24.959999084472656,24.979999542236328,0,0.0,0.0
2025-05-06 06:56:00-05:00,24.969999313354492,24.969999313354492,24.950000762939453,24.950000762939453,0,0.0,0.0
2025-05-06 06:57:00-05:00,24.940000534057617,24.950000762939453,24.93000030517578,24.93000030517578,0,0.0,0.0
2025-05-06 06:58:00-05:00,24.920000076293945,24.93000030517578,24.889999389648438,24.899999618530273,0,0.0,0.0
2025-05-06 06:59:00-05:00,24.889999389648438,24.889999389648438,24.850000381469727,24.850000381469727,0,0.0,0.0
2025-05-06 07:00:00-05:00,24.84000015258789,24.84000015258789,24.790000915527344,24.790000915527344,0,0.0,0.0
2025-05-06 07:01:00-05:00,24.770000457763672,24.770000457763672,24.760000228881836,24.770000457763672,0,0.0,0.0
2025-05-06 07:02:00-05:00,24.760000228881836,24.760000228881836,24.729999542236328,24.729999542236328,0,0.0,0.0
2025-05-06 07:03:00-05:00,24.729999542236328,24.75,24.729999542236328,24.75,0,0.0,0.0
2025-05-06 07:04:00-05:00,24.75,24.75,24.729999542236328,24.739999771118164,0,0.0,0.0
2025-05-06 07:05:00-05:00,24.739999771118164,24.75,24.739999771118164,24.739999771118164,0,0.0,0.0
2025-05-06 07:06:00-05:00,24.719999313354492,24.739999771118164,24.719999313354492,24.739999771118164,0,0.0,0.0
2025-05-06 07:07:00-05:00,24.739999771118164,24.75,24.739999771118164,24.75,0,0.0,0.0
2025-05-06 07:08:00-05:00,24.75,24.75,24.719999313354492,24.719999313354492,0,0.0,0.0
2025-05-06 07:09:00-05:00,24.729999542236328,24.770000457763672,24.729999542236328,24.75,0,0.0,0.0
2025-05-06 07:10:00-05:00,24.760000228881836,24.760000228881836,24.75,24.75,0,0.0,0.0
2025-05-06 07:11:00-05:00,24.729999542236328,24.760000228881836,24.729999542236328,24.760000228881836,0,0.0,0.0
2025-05-06 07:12:00-05:00,24.780000686645508,24.829999923706055,24.780000686645508,24.809999465942383,0,0.0,0.0
2025-05-06 07:13:00-05:00,24.799999237060547,24.799999237060547,24.760000228881836,24.760000228881836,0,0.0,0.0
2025-05-06 07:14:00-05:00,24.780000686645508,24.780000686645508,24.770000457763672,24.770000457763672,0,0.0,0.0
2025-05-06 07:15:00-05:00,24.729999542236328,24.739999771118164,24.729999542236328,24.739999771118164,0,0.0,0.0
2025-05-06 07:16:00-05:00,24.729999542236328,24.780000686645508,24.729999542236328,24.780000686645508,0,0.0,0.0
2025-05-06 07:17:00-05:00,24.780000686645508,24.780000686645508,24.770000457763672,24.770000457763672,0,0.0,0.0
2025-05-06 07:18:00-05:00,24.780000686645508,24.790000915527344,24.780000686645508,24.780000686645508,0,0.0,0.0
2025-05-06 07:19:00-05:00,24.780000686645508,24.780000686645508,24.770000457763672,24.770000457763672,0,0.0,0.0
2025-05-06 07:20:00-05:00,24.770000457763672,24.770000457763672,24.760000228881836,24.770000457763672,0,0.0,0.0
2025-05-06 07:21:00-05:00,24.790000915527344,24.790000915527344,24.760000228881836,24.760000228881836,0,0.0,0.0
2025-05-06 07:22:00-05:00,24.760000228881836,24.780000686645508,24.760000228881836,24.780000686645508,0,0.0,0.0
2025-05-06 07:23:00-05:00,24.780000686645508,24.809999465942383,24.780000686645508,24.790000915527344,0,0.0,0.0
2025-05-06 07:24:00-05:00,24.790000915527344,24.790000915527344,24.770000457763672,24.780000686645508,0,0.0,0.0
2025-05-06 07:25:00-05:00,24.790000915527344,24.809999465942383,24.790000915527344,24.799999237060547,0,0.0,0.0
2025-05-06 07:26:00-05:00,24.799999237060547,24.799999237060547,24.780000686645508,24.780000686645508,0,0.0,0.0
2025-05-06 07:27:00-05:00,24.790000915527344,24.809999465942383,24.790000915527344,24.809999465942383,0,0.0,0.0
2025-05-06 07:28:00-05:00,24.809999465942383,24.81999969482422,24.809999465942383,24.81999969482422,0,0.0,0.0
2025-05-06 07:29:00-05:00,24.81999969482422,24.84000015258789,24.81999969482422,24.829999923706055,0,0.0,0.0
2025-05-06 07:30:00-05:00,24.81999969482422,24.850000381469727,24.81999969482422,24.850000381469727,0,0.0,0.0
2025-05-06 07:31:00-05:00,24.8799991607666,24.8799991607666,24.850000381469727,24.850000381469727,0,0.0,0.0
2025-05-06 07:32:00-05:00,24.850000381469727,24.8700008392334,24.850000381469727,24.8700008392334,0,0.0,0.0
2025-05-06 07:33:00-05:00,24.8700008392334,24.889999389648438,24.8700008392334,24.889999389648438,0,0.0,0.0
2025-05-06 07:34:00-05:00,24.899999618530273,24.899999618530273,24.899999618530273,24.899999618530273,0,0.0,0.0
2025-05-06 07:35:00-05:00,24.90999984741211,24.90999984741211,24.90999984741211,24.90999984741211,0,0.0,0.0
2025-05-06 07:36:00-05:00,24.90999984741211,24.90999984741211,24.889999389648438,24.889999389648438,0,0.0,0.0
2025-05-06 07:37:00-05:00,24.899999618530273,24.920000076293945,24.899999618530273,24.899999618530273,0,0.0,0.0
2025-05-06 07:38:00-05:00,24.8799991607666,24.8799991607666,24.8700008392334,24.8700008392334,0,0.0,0.0
2025-05-06 07:39:00-05:00,24.8700008392334,24.8799991607666,24.8700008392334,24.8799991607666,0,0.0,0.0
2025-05-06 07:40:00-05:00,24.899999618530273,24.90999984741211,24.899999618530273,24.90999984741211,0,0.0,0.0
2025-05-06 07:41:00-05:00,24.899999618530273,24.899999618530273,24.889999389648438,24.889999389648438,0,0.0,0.0
2025-05-06 07:42:00-05:00,24.8799991607666,24.8799991607666,24.8799991607666,24.8799991607666,0,0.0,0.0
2025-05-06 07:43:00-05:00,24.8700008392334,24.889999389648438,24.8700008392334,24.889999389648438,0,0.0,0.0
2025-05-06 07:44:00-05:00,24.8799991607666,24.8799991607666,24.8799991607666,24.8799991607666,0,0.0,0.0
2025-05-06 07:45:00-05:00,24.889999389648438,24.889999389648438,24.8799991607666,24.8799991607666,0,0.0,0.0
2025-05-06 07:46:00-05:00,24.889999389648438,24.889999389648438,24.8799991607666,24.8799991607666,0,0.0,0.0
2025-05-06 07:47:00-05:00,24.8700008392334,24.8700008392334,24.809999465942383,24.809999465942383,0,0.0,0.0
2025-05-06 07:48:00-05:00,24.790000915527344,24.790000915527344,24.760000228881836,24.770000457763672,0,0.0,0.0
2025-05-06 07:49:00-05:00,24.760000228881836,24.780000686645508,24.75,24.75,0,0.0,0.0
2025-05-06 07:50:00-05:00,24.760000228881836,24.760000228881836,24.739999771118164,24.739999771118164,0,0.0,0.0
2025-05-06 07:51:00-05:00,24.75,24.780000686645508,24.75,24.75,0,0.0,0.0
2025-05-06 07:52:00-05:00,24.75,24.75,24.739999771118164,24.739999771118164,0,0.0,0.0
2025-05-06 07:53:00-05:00,24.739999771118164,24.739999771118164,24.719999313354492,24.729999542236328,0,0.0,0.0
2025-05-06 07:54:00-05:00,24.719999313354492,24.719999313354492,24.709999084472656,24.709999084472656,0,0.0,0.0
2025-05-06 07:55:00-05:00,24.709999084472656,24.709999084472656,24.670000076293945,24.68000030517578,0,0.0,0.0
2025-05-06 07:56:00-05:00,24.649999618530273,24.649999618530273,24.649999618530273,24.649999618530273,0,0.0,0.0
2025-05-06 07:57:00-05:00,24.65999984741211,24.65999984741211,24.649999618530273,24.649999618530273,0,0.0,0.0
2025-05-06 07:58:00-05:00,24.649999618530273,24.670000076293945,24.649999618530273,24.670000076293945,0,0.0,0.0
2025-05-06 07:59:00-05:00,24.65999984741211,24.65999984741211,24.6299991607666,24.639999389648438,0,0.0,0.0
2025-05-06 08:00:00-05:00,24.6299991607666,24.6299991607666,24.6200008392334,24.6200008392334,0,0.0,0.0
2025-05-06 08:01:00-05:00,24.639999389648438,24.649999618530273,24.6299991607666,24.639999389648438,0,0.0,0.0
2025-05-06 08:02:00-05:00,24.639999389648438,24.65999984741211,24.639999389648438,24.649999618530273,0,0.0,0.0
2025-05-06 08:03:00-05:00,24.65999984741211,24.670000076293945,24.65999984741211,24.670000076293945,0,0.0,0.0
2025-05-06 08:04:00-05:00,24.65999984741211,24.65999984741211,24.6299991607666,24.649999618530273,0,0.0,0.0
2025-05-06 08:05:00-05:00,24.709999084472656,24.719999313354492,24.690000534057617,24.709999084472656,0,0.0,0.0
2025-05-06 08:06:00-05:00,24.719999313354492,24.719999313354492,24.709999084472656,24.719999313354492,0,0.0,0.0
2025-05-06 08:07:00-05:00,24.719999313354492,24.739999771118164,24.719999313354492,24.739999771118164,0,0.0,0.0
2025-05-06 08:08:00-05:00,24.739999771118164,24.760000228881836,24.709999084472656,24.709999084472656,0,0.0,0.0
2025-05-06 08:09:00-05:00,24.709999084472656,24.729999542236328,24.709999084472656,24.729999542236328,0,0.0,0.0
2025-05-06 08:10:00-05:00,24.719999313354492,24.75,24.719999313354492,24.739999771118164,0,0.0,0.0
2025-05-06 08:11:00-05:00,24.75,24.75,24.75,24.75,0,0.0,0.0
2025-05-06 08:12:00-05:00,24.760000228881836,24.760000228881836,24.75,24.75,0,0.0,0.0
2025-05-06 08:13:00-05:00,24.75,24.760000228881836,24.75,24.760000228881836,0,0.0,0.0
2025-05-06 08:14:00-05:00,24.760000228881836,24.760000228881836,24.75,24.760000228881836,0,0.0,0.0
2025-05-06 08:15:00-05:00,24.770000457763672,24.780000686645508,24.770000457763672,24.780000686645508,0,0.0,0.0
2025-05-06 08:16:00-05:00,24.770000457763672,24.799999237060547,24.770000457763672,24.799999237060547,0,0.0,0.0
2025-05-06 08:17:00-05:00,24.799999237060547,24.829999923706055,24.790000915527344,24.829999923706055,0,0.0,0.0
2025-05-06 08:18:00-05:00,24.860000610351562,24.860000610351562,24.850000381469727,24.850000381469727,0,0.0,0.0
2025-05-06 08:19:00-05:00,24.81999969482422,24.829999923706055,24.790000915527344,24.790000915527344,0,0.0,0.0
2025-05-06 08:20:00-05:00,24.770000457763672,24.829999923706055,24.770000457763672,24.829999923706055,0,0.0,0.0
2025-05-06 08:21:00-05:00,24.81999969482422,24.850000381469727,24.809999465942383,24.850000381469727,0,0.0,0.0
2025-05-06 08:22:00-05:00,24.850000381469727,24.860000610351562,24.850000381469727,24.850000381469727,0,0.0,0.0
2025-05-06 08:23:00-05:00,24.84000015258789,24.84000015258789,24.829999923706055,24.829999923706055,0,0.0,0.0
2025-05-06 08:24:00-05:00,24.84000015258789,24.860000610351562,24.84000015258789,24.860000610351562,0,0.0,0.0
2025-05-06 08:25:00-05:00,24.860000610351562,24.860000610351562,24.860000610351562,24.860000610351562,0,0.0,0.0
2025-05-06 08:31:00-05:00,24.770000457763672,24.799999237060547,24.690000534057617,24.690000534057617,0,0.0,0.0
2025-05-06 08:32:00-05:00,24.649999618530273,24.68000030517578,24.559999465942383,24.68000030517578,0,0.0,0.0
2025-05-06 08:33:00-05:00,24.6200008392334,24.639999389648438,24.56999969482422,24.59000015258789,0,0.0,0.0
2025-05-06 08:34:00-05:00,24.579999923706055,24.59000015258789,24.530000686645508,24.530000686645508,0,0.0,0.0
2025-05-06 08:35:00-05:00,24.5,24.520000457763672,24.459999084472656,24.459999084472656,0,0.0,0.0
2025-05-06 08:36:00-05:00,24.479999542236328,24.479999542236328,24.450000762939453,24.459999084472656,0,0.0,0.0
2025-05-06 08:37:00-05:00,24.459999084472656,24.479999542236328,24.440000534057617,24.479999542236328,0,0.0,0.0
2025-05-06 08:38:00-05:00,24.5,24.5,24.450000762939453,24.459999084472656,0,0.0,0.0
2025-05-06 08:39:00-05:00,24.43000030517578,24.43000030517578,24.34000015258789,24.34000015258789,0,0.0,0.0
2025-05-06 08:40:00-05:00,24.350000381469727,24.420000076293945,24.350000381469727,24.420000076293945,0,0.0,0.0
2025-05-06 08:41:00-05:00,24.3799991607666,24.459999084472656,24.3799991607666,24.459999084472656,0,0.0,0.0
2025-05-06 08:42:00-05:00,24.479999542236328,24.489999771118164,24.450000762939453,24.489999771118164,0,0.0,0.0
2025-05-06 08:43:00-05:00,24.479999542236328,24.5,24.479999542236328,24.5,0,0.0,0.0
2025-05-06 08:44:00-05:00,24.5,24.5,24.459999084472656,24.469999313354492,0,0.0,0.0
2025-05-06 08:45:00-05:00,24.520000457763672,24.530000686645508,24.469999313354492,24.469999313354492,0,0.0,0.0
2025-05-06 08:46:00-05:00,24.5,24.700000762939453,24.5,24.65999984741211,0,0.0,0.0
2025-05-06 08:47:00-05:00,24.670000076293945,24.829999923706055,24.670000076293945,24.770000457763672,0,0.0,0.0
2025-05-06 08:48:00-05:00,24.760000228881836,24.84000015258789,24.760000228881836,24.809999465942383,0,0.0,0.0
2025-05-06 08:49:00-05:00,24.780000686645508,24.889999389648438,24.780000686645508,24.889999389648438,0,0.0,0.0
2025-05-06 08:50:00-05:00,24.8799991607666,24.959999084472656,24.8799991607666,24.959999084472656,0,0.0,0.0
2025-05-06 08:51:00-05:00,24.959999084472656,25.079999923706055,24.959999084472656,25.079999923706055,0,0.0,0.0
2025-05-06 08:52:00-05:00,25.049999237060547,25.06999969482422,25.049999237060547,25.049999237060547,0,0.0,0.0
2025-05-06 08:53:00-05:00,25.040000915527344,25.059999465942383,25.030000686645508,25.059999465942383,0,0.0,0.0
2025-05-06 08:54:00-05:00,25.06999969482422,25.100000381469727,25.06999969482422,25.100000381469727,0,0.0,0.0
2025-05-06 08:55:00-05:00,25.06999969482422,25.110000610351562,25.06999969482422,25.09000015258789,0,0.0,0.0
2025-05-06 08:56:00-05:00,25.059999465942383,25.059999465942383,24.920000076293945,24.920000076293945,0,0.0,0.0
2025-05-06 08:57:00-05:00,24.93000030517578,24.969999313354492,24.920000076293945,24.969999313354492,0,0.0,0.0
2025-05-06 08:58:00-05:00,24.989999771118164,24.989999771118164,24.93000030517578,24.940000534057617,0,0.0,0.0
2025-05-06 08:59:00-05:00,24.93000030517578,24.969999313354492,24.93000030517578,24.969999313354492,0,0.0,0.0
2025-05-06 09:00:00-05:00,24.950000762939453,25.079999923706055,24.950000762939453,25.079999923706055,0,0.0,0.0
2025-05-06 09:01:00-05:00,25.059999465942383,25.059999465942383,24.920000076293945,24.920000076293945,0,0.0,0.0
2025-05-06 09:02:00-05:00,24.8700008392334,24.8700008392334,24.780000686645508,24.81999969482422,0,0.0,0.0
2025-05-06 09:03:00-05:00,24.850000381469727,24.860000610351562,24.850000381469727,24.860000610351562,0,0.0,0.0
2025-05-06 09:04:00-05:00,24.8700008392334,24.8799991607666,24.860000610351562,24.860000610351562,0,0.0,0.0
2025-05-06 09:05:00-05:00,24.809999465942383,24.809999465942383,24.709999084472656,24.709999084472656,0,0.0,0.0
2025-05-06 09:06:00-05:00,24.68000030517578,24.68000030517578,24.65999984741211,24.68000030517578,0,0.0,0.0
2025-05-06 09:07:00-05:00,24.690000534057617,24.719999313354492,24.690000534057617,24.719999313354492,0,0.0,0.0
2025-05-06 09:08:00-05:00,24.719999313354492,24.719999313354492,24.649999618530273,24.649999618530273,0,0.0,0.0
2025-05-06 09:09:00-05:00,24.639999389648438,24.639999389648438,24.579999923706055,24.600000381469727,0,0.0,0.0
2025-05-06 09:10:00-05:00,24.579999923706055,24.579999923706055,24.520000457763672,24.520000457763672,0,0.0,0.0
2025-05-06 09:11:00-05:00,24.530000686645508,24.559999465942383,24.520000457763672,24.559999465942383,0,0.0,0.0
2025-05-06 09:12:00-05:00,24.520000457763672,24.520000457763672,24.459999084472656,24.479999542236328,0,0.0,0.0
2025-05-06 09:13:00-05:00,24.479999542236328,24.489999771118164,24.459999084472656,24.489999771118164,0,0.0,0.0
2025-05-06 09:14:00-05:00,24.479999542236328,24.540000915527344,24.469999313354492,24.540000915527344,0,0.0,0.0
2025-05-06 09:15:00-05:00,24.56999969482422,24.56999969482422,24.510000228881836,24.530000686645508,0,0.0,0.0
2025-05-06 09:16:00-05:00,24.510000228881836,24.510000228881836,24.450000762939453,24.459999084472656,0,0.0,0.0
2025-05-06 09:17:00-05:00,24.43000030517578,24.43000030517578,24.389999389648438,24.389999389648438,0,0.0,0.0
2025-05-06 09:18:00-05:00,24.309999465942383,24.360000610351562,24.309999465942383,24.350000381469727,0,0.0,0.0
2025-05-06 09:19:00-05:00,24.350000381469727,24.350000381469727,24.299999237060547,24.299999237060547,0,0.0,0.0
2025-05-06 09:20:00-05:00,24.299999237060547,24.299999237060547,24.15999984741211,24.209999084472656,0,0.0,0.0
2025-05-06 09:21:00-05:00,24.229999542236328,24.229999542236328,24.18000030517578,24.209999084472656,0,0.0,0.0
2025-05-06 09:22:00-05:00,24.200000762939453,24.200000762939453,24.18000030517578,24.18000030517578,0,0.0,0.0
2025-05-06 09:23:00-05:00,24.190000534057617,24.190000534057617,24.1200008392334,24.1200008392334,0,0.0,0.0
2025-05-06 09:24:00-05:00,24.149999618530273,24.209999084472656,24.149999618530273,24.209999084472656,0,0.0,0.0
2025-05-06 09:25:00-05:00,24.209999084472656,24.209999084472656,24.15999984741211,24.18000030517578,0,0.0,0.0
2025-05-06 09:26:00-05:00,24.239999771118164,24.239999771118164,24.219999313354492,24.219999313354492,0,0.0,0.0
2025-05-06 09:27:00-05:00,24.239999771118164,24.239999771118164,24.229999542236328,24.229999542236328,0,0.0,0.0
2025-05-06 09:28:00-05:00,24.239999771118164,24.270000457763672,24.239999771118164,24.239999771118164,0,0.0,0.0
2025-05-06 09:29:00-05:00,24.260000228881836,24.260000228881836,24.200000762939453,24.200000762939453,0,0.0,0.0
2025-05-06 09:30:00-05:00,24.18000030517578,24.229999542236328,24.149999618530273,24.229999542236328,0,0.0,0.0
2025-05-06 09:31:00-05:00,24.219999313354492,24.239999771118164,24.190000534057617,24.239999771118164,0,0.0,0.0
2025-05-06 09:32:00-05:00,24.239999771118164,24.239999771118164,24.200000762939453,24.200000762939453,0,0.0,0.0
2025-05-06 09:33:00-05:00,24.209999084472656,24.209999084472656,24.170000076293945,24.170000076293945,0,0.0,0.0
2025-05-06 09:34:00-05:00,24.18000030517578,24.18000030517578,24.1200008392334,24.15999984741211,0,0.0,0.0
2025-05-06 09:35:00-05:00,24.15999984741211,24.219999313354492,24.15999984741211,24.170000076293945,0,0.0,0.0
2025-05-06 09:36:00-05:00,24.15999984741211,24.219999313354492,24.15999984741211,24.219999313354492,0,0.0,0.0
2025-05-06 09:37:00-05:00,24.260000228881836,24.280000686645508,24.239999771118164,24.260000228881836,0,0.0,0.0
2025-05-06 09:38:00-05:00,24.270000457763672,24.270000457763672,24.219999313354492,24.25,0,0.0,0.0
2025-05-06 09:39:00-05:00,24.260000228881836,24.260000228881836,24.239999771118164,24.239999771118164,0,0.0,0.0
2025-05-06 09:40:00-05:00,24.170000076293945,24.239999771118164,24.170000076293945,24.239999771118164,0,0.0,0.0
2025-05-06 09:41:00-05:00,24.239999771118164,24.280000686645508,24.239999771118164,24.280000686645508,0,0.0,0.0
2025-05-06 09:42:00-05:00,24.260000228881836,24.290000915527344,24.260000228881836,24.260000228881836,0,0.0,0.0
2025-05-06 09:43:00-05:00,24.270000457763672,24.280000686645508,24.260000228881836,24.270000457763672,0,0.0,0.0
2025-05-06 09:44:00-05:00,24.270000457763672,24.280000686645508,24.260000228881836,24.260000228881836,0,0.0,0.0
2025-05-06 09:45:00-05:00,24.239999771118164,24.239999771118164,24.170000076293945,24.18000030517578,0,0.0,0.0
2025-05-06 09:46:00-05:00,24.149999618530273,24.149999618530273,24.100000381469727,24.1200008392334,0,0.0,0.0
2025-05-06 09:47:00-05:00,24.110000610351562,24.139999389648438,24.110000610351562,24.110000610351562,0,0.0,0.0
2025-05-06 09:48:00-05:00,24.1299991607666,24.1299991607666,24.110000610351562,24.110000610351562,0,0.0,0.0
2025-05-06 09:49:00-05:00,24.110000610351562,24.15999984741211,24.110000610351562,24.149999618530273,0,0.0,0.0
2025-05-06 09:50:00-05:00,24.149999618530273,24.190000534057617,24.149999618530273,24.190000534057617,0,0.0,0.0
2025-05-06 09:52:00-05:00,24.260000228881836,24.260000228881836,24.260000228881836,24.260000228881836,0,0.0,0.0
2025-05-06 09:57:00-05:00,24.1200008392334,24.18000030517578,24.1200008392334,24.170000076293945,0,0.0,0.0
2025-05-06 09:58:00-05:00,24.170000076293945,24.170000076293945,24.149999618530273,24.149999618530273,0,0.0,0.0
2025-05-06 09:59:00-05:00,24.149999618530273,24.149999618530273,24.149999618530273,24.149999618530273,0,0.0,0.0
2025-05-06 10:00:00-05:00,24.200000762939453,24.200000762939453,24.1200008392334,24.1200008392334,0,0.0,0.0
2025-05-06 10:01:00-05:00,24.100000381469727,24.100000381469727,24.09000015258789,24.100000381469727,0,0.0,0.0
2025-05-06 10:02:00-05:00,24.079999923706055,24.100000381469727,24.079999923706055,24.100000381469727,0,0.0,0.0
2025-05-06 10:03:00-05:00,24.09000015258789,24.09000015258789,24.06999969482422,24.079999923706055,0,0.0,0.0
2025-05-06 10:04:00-05:00,24.09000015258789,24.1299991607666,24.09000015258789,24.100000381469727,0,0.0,0.0
2025-05-06 10:05:00-05:00,24.110000610351562,24.1200008392334,24.100000381469727,24.110000610351562,0,0.0,0.0
2025-05-06 10:06:00-05:00,24.079999923706055,24.110000610351562,24.079999923706055,24.110000610351562,0,0.0,0.0
2025-05-06 10:07:00-05:00,24.09000015258789,24.1299991607666,24.079999923706055,24.1299991607666,0,0.0,0.0
2025-05-06 10:08:00-05:00,24.1299991607666,24.1299991607666,24.100000381469727,24.100000381469727,0,0.0,0.0
2025-05-06 10:09:00-05:00,24.15999984741211,24.209999084472656,24.1200008392334,24.209999084472656,0,0.0,0.0
2025-05-06 10:10:00-05:00,24.219999313354492,24.229999542236328,24.200000762939453,24.200000762939453,0,0.0,0.0
2025-05-06 10:11:00-05:00,24.219999313354492,24.219999313354492,24.139999389648438,24.139999389648438,0,0.0,0.0
2025-05-06 10:12:00-05:00,24.1200008392334,24.190000534057617,24.1200008392334,24.1299991607666,0,0.0,0.0
2025-05-06 10:13:00-05:00,24.1299991607666,24.1299991607666,24.100000381469727,24.100000381469727,0,0.0,0.0
2025-05-06 10:14:00-05:00,24.100000381469727,24.1299991607666,24.100000381469727,24.1200008392334,0,0.0,0.0
2025-05-06 10:15:00-05:00,24.100000381469727,24.139999389648438,24.100000381469727,24.139999389648438,0,0.0,0.0
2025-05-06 10:16:00-05:00,24.170000076293945,24.25,24.170000076293945,24.25,0,0.0,0.0
2025-05-06 10:17:00-05:00,24.239999771118164,24.239999771118164,24.219999313354492,24.229999542236328,0,0.0,0.0
2025-05-06 10:18:00-05:00,24.170000076293945,24.190000534057617,24.170000076293945,24.190000534057617,0,0.0,0.0
2025-05-06 10:19:00-05:00,24.170000076293945,24.170000076293945,24.110000610351562,24.110000610351562,0,0.0,0.0
2025-05-06 10:20:00-05:00,24.110000610351562,24.110000610351562,24.079999923706055,24.079999923706055,0,0.0,0.0
2025-05-06 10:21:00-05:00,24.079999923706055,24.139999389648438,24.079999923706055,24.09000015258789,0,0.0,0.0
2025-05-06 10:22:00-05:00,24.100000381469727,24.100000381469727,24.049999237060547,24.049999237060547,0,0.0,0.0
2025-05-06 10:23:00-05:00,24.049999237060547,24.049999237060547,23.969999313354492,23.969999313354492,0,0.0,0.0
2025-05-06 10:24:00-05:00,23.959999084472656,24.0,23.959999084472656,24.0,0,0.0,0.0
2025-05-06 10:25:00-05:00,23.979999542236328,24.010000228881836,23.979999542236328,24.010000228881836,0,0.0,0.0
2025-05-06 10:26:00-05:00,24.0,24.020000457763672,24.0,24.020000457763672,0,0.0,0.0
2025-05-06 10:27:00-05:00,24.020000457763672,24.020000457763672,23.989999771118164,23.989999771118164,0,0.0,0.0
2025-05-06 10:28:00-05:00,24.030000686645508,24.030000686645508,24.0,24.0,0,0.0,0.0
2025-05-06 10:29:00-05:00,23.979999542236328,24.010000228881836,23.979999542236328,24.0,0,0.0,0.0
2025-05-06 10:30:00-05:00,23.969999313354492,24.020000457763672,23.959999084472656,24.020000457763672,0,0.0,0.0
2025-05-06 10:31:00-05:00,24.020000457763672,24.049999237060547,24.020000457763672,24.049999237060547,0,0.0,0.0
2025-05-06 10:32:00-05:00,24.06999969482422,24.079999923706055,24.059999465942383,24.059999465942383,0,0.0,0.0
2025-05-06 10:33:00-05:00,24.049999237060547,24.06999969482422,24.010000228881836,24.010000228881836,0,0.0,0.0
2025-05-06 10:34:00-05:00,24.020000457763672,24.020000457763672,23.940000534057617,23.940000534057617,0,0.0,0.0
2025-05-06 10:35:00-05:00,23.940000534057617,23.950000762939453,23.93000030517578,23.950000762939453,0,0.0,0.0
2025-05-06 10:36:00-05:00,23.959999084472656,23.979999542236328,23.959999084472656,23.979999542236328,0,0.0,0.0
2025-05-06 10:37:00-05:00,23.959999084472656,24.0,23.959999084472656,23.989999771118164,0,0.0,0.0
2025-05-06 10:38:00-05:00,23.989999771118164,23.989999771118164,23.959999084472656,23.969999313354492,0,0.0,0.0
2025-05-06 10:39:00-05:00,23.959999084472656,23.969999313354492,23.950000762939453,23.950000762939453,0,0.0,0.0
2025-05-06 10:40:00-05:00,23.950000762939453,23.969999313354492,23.950000762939453,23.969999313354492,0,0.0,0.0
2025-05-06 10:41:00-05:00,23.979999542236328,24.020000457763672,23.969999313354492,24.020000457763672,0,0.0,0.0
2025-05-06 10:42:00-05:00,24.059999465942383,24.1299991607666,24.059999465942383,24.1299991607666,0,0.0,0.0
2025-05-06 10:43:00-05:00,24.1200008392334,24.149999618530273,24.1200008392334,24.1299991607666,0,0.0,0.0
2025-05-06 10:44:00-05:00,24.149999618530273,24.18000030517578,24.149999618530273,24.18000030517578,0,0.0,0.0
2025-05-06 10:45:00-05:00,24.170000076293945,24.170000076293945,24.149999618530273,24.149999618530273,0,0.0,0.0
2025-05-06 10:46:00-05:00,24.15999984741211,24.190000534057617,24.15999984741211,24.18000030517578,0,0.0,0.0
2025-05-06 10:47:00-05:00,24.170000076293945,24.170000076293945,24.139999389648438,24.139999389648438,0,0.0,0.0
2025-05-06 10:48:00-05:00,24.15999984741211,24.15999984741211,24.1299991607666,24.1299991607666,0,0.0,0.0
2025-05-06 10:49:00-05:00,24.1200008392334,24.1299991607666,24.110000610351562,24.1200008392334,0,0.0,0.0
2025-05-06 10:50:00-05:00,24.15999984741211,24.18000030517578,24.15999984741211,24.18000030517578,0,0.0,0.0
2025-05-06 10:51:00-05:00,24.200000762939453,24.280000686645508,24.200000762939453,24.280000686645508,0,0.0,0.0
2025-05-06 10:52:00-05:00,24.260000228881836,24.270000457763672,24.260000228881836,24.270000457763672,0,0.0,0.0
2025-05-06 10:53:00-05:00,24.270000457763672,24.399999618530273,24.270000457763672,24.399999618530273,0,0.0,0.0
2025-05-06 10:54:00-05:00,24.34000015258789,24.34000015258789,24.329999923706055,24.329999923706055,0,0.0,0.0
2025-05-06 10:55:00-05:00,24.329999923706055,24.360000610351562,24.329999923706055,24.34000015258789,0,0.0,0.0
2025-05-06 10:56:00-05:00,24.34000015258789,24.360000610351562,24.34000015258789,24.350000381469727,0,0.0,0.0
2025-05-06 10:57:00-05:00,24.329999923706055,24.329999923706055,24.309999465942383,24.309999465942383,0,0.0,0.0
2025-05-06 10:58:00-05:00,24.299999237060547,24.299999237060547,24.280000686645508,24.299999237060547,0,0.0,0.0
2025-05-06 10:59:00-05:00,24.309999465942383,24.3700008392334,24.309999465942383,24.360000610351562,0,0.0,0.0
2025-05-06 11:00:00-05:00,24.350000381469727,24.350000381469727,24.299999237060547,24.299999237060547,0,0.0,0.0
2025-05-06 11:01:00-05:00,24.31999969482422,24.34000015258789,24.31999969482422,24.329999923706055,0,0.0,0.0
2025-05-06 11:02:00-05:00,24.309999465942383,24.31999969482422,24.299999237060547,24.309999465942383,0,0.0,0.0
2025-05-06 11:03:00-05:00,24.309999465942383,24.329999923706055,24.299999237060547,24.329999923706055,0,0.0,0.0
2025-05-06 11:04:00-05:00,24.31999969482422,24.31999969482422,24.209999084472656,24.219999313354492,0,0.0,0.0
2025-05-06 11:05:00-05:00,24.229999542236328,24.299999237060547,24.229999542236328,24.299999237060547,0,0.0,0.0
2025-05-06 11:06:00-05:00,24.260000228881836,24.299999237060547,24.260000228881836,24.299999237060547,0,0.0,0.0
2025-05-06 11:07:00-05:00,24.299999237060547,24.299999237060547,24.239999771118164,24.239999771118164,0,0.0,0.0
2025-05-06 11:08:00-05:00,24.239999771118164,24.31999969482422,24.239999771118164,24.309999465942383,0,0.0,0.0
2025-05-06 11:09:00-05:00,24.299999237060547,24.3799991607666,24.299999237060547,24.3799991607666,0,0.0,0.0
2025-05-06 11:10:00-05:00,24.3700008392334,24.3700008392334,24.350000381469727,24.350000381469727,0,0.0,0.0
2025-05-06 11:11:00-05:00,24.360000610351562,24.360000610351562,24.260000228881836,24.260000228881836,0,0.0,0.0
2025-05-06 11:12:00-05:00,24.200000762939453,24.200000762939453,24.110000610351562,24.1200008392334,0,0.0,0.0
2025-05-06 11:13:00-05:00,24.1299991607666,24.1299991607666,23.950000762939453,23.950000762939453,0,0.0,0.0
2025-05-06 11:14:00-05:00,24.0,24.0,23.899999618530273,23.93000030517578,0,0.0,0.0
2025-05-06 11:15:00-05:00,23.950000762939453,24.040000915527344,23.950000762939453,24.040000915527344,0,0.0,0.0
2025-05-06 11:16:00-05:00,24.100000381469727,24.139999389648438,24.100000381469727,24.1200008392334,0,0.0,0.0
2025-05-06 11:17:00-05:00,24.1200008392334,24.15999984741211,24.100000381469727,24.100000381469727,0,0.0,0.0
2025-05-06 11:18:00-05:00,24.100000381469727,24.1299991607666,24.100000381469727,24.1299991607666,0,0.0,0.0
2025-05-06 11:19:00-05:00,24.09000015258789,24.1200008392334,24.049999237060547,24.049999237060547,0,0.0,0.0
2025-05-06 11:20:00-05:00,24.110000610351562,24.219999313354492,24.110000610351562,24.219999313354492,0,0.0,0.0
2025-05-06 11:21:00-05:00,24.270000457763672,24.31999969482422,24.270000457763672,24.31999969482422,0,0.0,0.0
2025-05-06 11:22:00-05:00,24.309999465942383,24.34000015258789,24.280000686645508,24.34000015258789,0,0.0,0.0
2025-05-06 11:23:00-05:00,24.34000015258789,24.399999618530273,24.34000015258789,24.34000015258789,0,0.0,0.0
2025-05-06 11:24:00-05:00,24.350000381469727,24.559999465942383,24.350000381469727,24.459999084472656,0,0.0,0.0
2025-05-06 11:25:00-05:00,24.440000534057617,24.440000534057617,24.350000381469727,24.399999618530273,0,0.0,0.0
2025-05-06 11:26:00-05:00,24.360000610351562,24.360000610351562,24.299999237060547,24.329999923706055,0,0.0,0.0
2025-05-06 11:27:00-05:00,24.31999969482422,24.31999969482422,24.280000686645508,24.299999237060547,0,0.0,0.0
2025-05-06 11:28:00-05:00,24.329999923706055,24.329999923706055,24.260000228881836,24.260000228881836,0,0.0,0.0
2025-05-06 11:29:00-05:00,24.299999237060547,24.299999237060547,24.290000915527344,24.299999237060547,0,0.0,0.0
2025-05-06 11:30:00-05:00,24.290000915527344,24.299999237060547,24.260000228881836,24.290000915527344,0,0.0,0.0
2025-05-06 11:31:00-05:00,24.260000228881836,24.280000686645508,24.260000228881836,24.280000686645508,0,0.0,0.0
2025-05-06 11:32:00-05:00,24.270000457763672,24.329999923706055,24.270000457763672,24.299999237060547,0,0.0,0.0
2025-05-06 11:33:00-05:00,24.299999237060547,24.299999237060547,24.1299991607666,24.229999542236328,0,0.0,0.0
2025-05-06 11:34:00-05:00,24.209999084472656,24.260000228881836,24.209999084472656,24.229999542236328,0,0.0,0.0
2025-05-06 11:35:00-05:00,24.229999542236328,24.239999771118164,24.219999313354492,24.239999771118164,0,0.0,0.0
2025-05-06 11:36:00-05:00,24.239999771118164,24.239999771118164,24.219999313354492,24.229999542236328,0,0.0,0.0
2025-05-06 11:37:00-05:00,24.219999313354492,24.260000228881836,24.219999313354492,24.260000228881836,0,0.0,0.0
2025-05-06 11:38:00-05:00,24.239999771118164,24.239999771118164,24.110000610351562,24.110000610351562,0,0.0,0.0
2025-05-06 11:39:00-05:00,24.1200008392334,24.200000762939453,24.1200008392334,24.18000030517578,0,0.0,0.0
2025-05-06 11:40:00-05:00,24.170000076293945,24.170000076293945,24.139999389648438,24.139999389648438,0,0.0,0.0
2025-05-06 11:41:00-05:00,24.139999389648438,24.149999618530273,24.139999389648438,24.139999389648438,0,0.0,0.0
2025-05-06 11:42:00-05:00,24.15999984741211,24.219999313354492,24.15999984741211,24.219999313354492,0,0.0,0.0
2025-05-06 11:43:00-05:00,24.209999084472656,24.229999542236328,24.200000762939453,24.229999542236328,0,0.0,0.0
2025-05-06 11:44:00-05:00,24.25,24.389999389648438,24.25,24.389999389648438,0,0.0,0.0
2025-05-06 11:45:00-05:00,24.3700008392334,24.420000076293945,24.3700008392334,24.420000076293945,0,0.0,0.0
2025-05-06 11:46:00-05:00,24.389999389648438,24.469999313354492,24.389999389648438,24.420000076293945,0,0.0,0.0
2025-05-06 11:47:00-05:00,24.399999618530273,24.420000076293945,24.399999618530273,24.420000076293945,0,0.0,0.0
2025-05-06 11:48:00-05:00,24.420000076293945,24.450000762939453,24.399999618530273,24.399999618530273,0,0.0,0.0
2025-05-06 11:49:00-05:00,24.389999389648438,24.40999984741211,24.3799991607666,24.3799991607666,0,0.0,0.0
2025-05-06 11:50:00-05:00,24.420000076293945,24.469999313354492,24.420000076293945,24.469999313354492,0,0.0,0.0
2025-05-06 11:51:00-05:00,24.520000457763672,24.559999465942383,24.520000457763672,24.559999465942383,0,0.0,0.0
2025-05-06 11:52:00-05:00,24.559999465942383,24.559999465942383,24.540000915527344,24.549999237060547,0,0.0,0.0
2025-05-06 11:53:00-05:00,24.559999465942383,24.579999923706055,24.559999465942383,24.56999969482422,0,0.0,0.0
2025-05-06 11:54:00-05:00,24.56999969482422,24.56999969482422,24.510000228881836,24.510000228881836,0,0.0,0.0
2025-05-06 11:55:00-05:00,24.520000457763672,24.520000457763672,24.469999313354492,24.469999313354492,0,0.0,0.0
2025-05-06 11:56:00-05:00,24.520000457763672,24.56999969482422,24.520000457763672,24.56999969482422,0,0.0,0.0
2025-05-06 11:57:00-05:00,24.559999465942383,24.59000015258789,24.559999465942383,24.579999923706055,0,0.0,0.0
2025-05-06 11:58:00-05:00,24.56999969482422,24.610000610351562,24.56999969482422,24.610000610351562,0,0.0,0.0
2025-05-06 11:59:00-05:00,24.59000015258789,24.610000610351562,24.59000015258789,24.610000610351562,0,0.0,0.0
2025-05-06 12:00:00-05:00,24.6299991607666,24.6299991607666,24.56999969482422,24.579999923706055,0,0.0,0.0
2025-05-06 12:01:00-05:00,24.600000381469727,24.6299991607666,24.59000015258789,24.6299991607666,0,0.0,0.0
2025-05-06 12:02:00-05:00,24.6200008392334,24.6200008392334,24.489999771118164,24.489999771118164,0,0.0,0.0
2025-05-06 12:03:00-05:00,24.5,24.5,24.43000030517578,24.450000762939453,0,0.0,0.0
2025-05-06 12:04:00-05:00,24.450000762939453,24.520000457763672,24.450000762939453,24.520000457763672,0,0.0,0.0
2025-05-06 12:05:00-05:00,24.56999969482422,24.56999969482422,24.489999771118164,24.489999771118164,0,0.0,0.0
2025-05-06 12:06:00-05:00,24.440000534057617,24.510000228881836,24.43000030517578,24.510000228881836,0,0.0,0.0
2025-05-06 12:07:00-05:00,24.540000915527344,24.540000915527344,24.479999542236328,24.479999542236328,0,0.0,0.0
2025-05-06 12:08:00-05:00,24.489999771118164,24.489999771118164,24.459999084472656,24.459999084472656,0,0.0,0.0
2025-05-06 12:09:00-05:00,24.420000076293945,24.420000076293945,24.350000381469727,24.3700008392334,0,0.0,0.0
2025-05-06 12:10:00-05:00,24.389999389648438,24.440000534057617,24.3799991607666,24.3799991607666,0,0.0,0.0
2025-05-06 12:11:00-05:00,24.389999389648438,24.479999542236328,24.389999389648438,24.479999542236328,0,0.0,0.0
2025-05-06 12:12:00-05:00,24.43000030517578,24.450000762939453,24.420000076293945,24.420000076293945,0,0.0,0.0
2025-05-06 12:13:00-05:00,24.420000076293945,24.43000030517578,24.40999984741211,24.40999984741211,0,0.0,0.0
2025-05-06 12:14:00-05:00,24.420000076293945,24.420000076293945,24.389999389648438,24.389999389648438,0,0.0,0.0
2025-05-06 12:15:00-05:00,24.420000076293945,24.420000076293945,24.399999618530273,24.399999618530273,0,0.0,0.0
2025-05-06 12:16:00-05:00,24.3799991607666,24.40999984741211,24.360000610351562,24.40999984741211,0,0.0,0.0
2025-05-06 12:17:00-05:00,24.399999618530273,24.399999618530273,24.389999389648438,24.399999618530273,0,0.0,0.0
2025-05-06 12:18:00-05:00,24.399999618530273,24.399999618530273,24.389999389648438,24.389999389648438,0,0.0,0.0
2025-05-06 12:19:00-05:00,24.40999984741211,24.40999984741211,24.389999389648438,24.389999389648438,0,0.0,0.0
2025-05-06 12:20:00-05:00,24.399999618530273,24.520000457763672,24.399999618530273,24.520000457763672,0,0.0,0.0
2025-05-06 12:21:00-05:00,24.510000228881836,24.56999969482422,24.510000228881836,24.56999969482422,0,0.0,0.0
2025-05-06 12:22:00-05:00,24.56999969482422,24.56999969482422,24.540000915527344,24.540000915527344,0,0.0,0.0
2025-05-06 12:23:00-05:00,24.56999969482422,24.649999618530273,24.56999969482422,24.6200008392334,0,0.0,0.0
2025-05-06 12:24:00-05:00,24.670000076293945,24.670000076293945,24.639999389648438,24.639999389648438,0,0.0,0.0
2025-05-06 12:25:00-05:00,24.6299991607666,24.639999389648438,24.6299991607666,24.6299991607666,0,0.0,0.0
2025-05-06 12:26:00-05:00,24.6299991607666,24.65999984741211,24.579999923706055,24.65999984741211,0,0.0,0.0
2025-05-06 12:27:00-05:00,24.610000610351562,24.610000610351562,24.469999313354492,24.469999313354492,0,0.0,0.0
2025-05-06 12:28:00-05:00,24.489999771118164,24.59000015258789,24.489999771118164,24.530000686645508,0,0.0,0.0
2025-05-06 12:29:00-05:00,24.489999771118164,24.579999923706055,24.489999771118164,24.579999923706055,0,0.0,0.0
2025-05-06 12:30:00-05:00,24.559999465942383,24.559999465942383,24.520000457763672,24.520000457763672,0,0.0,0.0
2025-05-06 12:31:00-05:00,24.549999237060547,24.549999237060547,24.489999771118164,24.489999771118164,0,0.0,0.0
2025-05-06 12:32:00-05:00,24.479999542236328,24.520000457763672,24.479999542236328,24.520000457763672,0,0.0,0.0
2025-05-06 12:33:00-05:00,24.510000228881836,24.510000228881836,24.5,24.510000228881836,0,0.0,0.0
2025-05-06 12:34:00-05:00,24.510000228881836,24.520000457763672,24.469999313354492,24.469999313354492,0,0.0,0.0
2025-05-06 12:35:00-05:00,24.5,24.510000228881836,24.459999084472656,24.510000228881836,0,0.0,0.0
2025-05-06 12:36:00-05:00,24.5,24.540000915527344,24.5,24.530000686645508,0,0.0,0.0
2025-05-06 12:37:00-05:00,24.540000915527344,24.59000015258789,24.540000915527344,24.59000015258789,0,0.0,0.0
2025-05-06 12:38:00-05:00,24.579999923706055,24.600000381469727,24.579999923706055,24.600000381469727,0,0.0,0.0
2025-05-06 12:39:00-05:00,24.6200008392334,24.68000030517578,24.6200008392334,24.68000030517578,0,0.0,0.0
2025-05-06 12:40:00-05:00,24.709999084472656,24.860000610351562,24.709999084472656,24.760000228881836,0,0.0,0.0
2025-05-06 12:41:00-05:00,24.780000686645508,24.809999465942383,24.780000686645508,24.809999465942383,0,0.0,0.0
2025-05-06 12:42:00-05:00,24.81999969482422,24.81999969482422,24.760000228881836,24.809999465942383,0,0.0,0.0
2025-05-06 12:43:00-05:00,24.799999237060547,24.850000381469727,24.799999237060547,24.84000015258789,0,0.0,0.0
2025-05-06 12:44:00-05:00,24.8700008392334,24.920000076293945,24.8700008392334,24.920000076293945,0,0.0,0.0
2025-05-06 12:45:00-05:00,24.90999984741211,24.93000030517578,24.899999618530273,24.93000030517578,0,0.0,0.0
2025-05-06 12:46:00-05:00,24.920000076293945,24.950000762939453,24.920000076293945,24.93000030517578,0,0.0,0.0
2025-05-06 12:47:00-05:00,24.93000030517578,24.940000534057617,24.93000030517578,24.940000534057617,0,0.0,0.0
2025-05-06 12:48:00-05:00,24.93000030517578,24.940000534057617,24.90999984741211,24.940000534057617,0,0.0,0.0
2025-05-06 12:49:00-05:00,24.920000076293945,24.940000534057617,24.920000076293945,24.93000030517578,0,0.0,0.0
2025-05-06 12:50:00-05:00,24.920000076293945,24.93000030517578,24.90999984741211,24.920000076293945,0,0.0,0.0
2025-05-06 12:51:00-05:00,24.829999923706055,24.829999923706055,24.809999465942383,24.829999923706055,0,0.0,0.0
2025-05-06 12:52:00-05:00,24.899999618530273,24.899999618530273,24.81999969482422,24.8799991607666,0,0.0,0.0
2025-05-06 12:53:00-05:00,24.850000381469727,24.860000610351562,24.850000381469727,24.860000610351562,0,0.0,0.0
2025-05-06 12:54:00-05:00,24.860000610351562,24.8700008392334,24.860000610351562,24.860000610351562,0,0.0,0.0
2025-05-06 12:55:00-05:00,24.8700008392334,24.920000076293945,24.8700008392334,24.920000076293945,0,0.0,0.0
2025-05-06 12:56:00-05:00,24.93000030517578,24.940000534057617,24.93000030517578,24.940000534057617,0,0.0,0.0
2025-05-06 12:57:00-05:00,24.920000076293945,24.920000076293945,24.889999389648438,24.889999389648438,0,0.0,0.0
2025-05-06 12:58:00-05:00,24.8799991607666,24.93000030517578,24.8799991607666,24.93000030517578,0,0.0,0.0
2025-05-06 12:59:00-05:00,24.93000030517578,24.940000534057617,24.90999984741211,24.93000030517578,0,0.0,0.0
2025-05-06 13:00:00-05:00,24.940000534057617,24.940000534057617,24.860000610351562,24.860000610351562,0,0.0,0.0
2025-05-06 13:01:00-05:00,24.8700008392334,24.8799991607666,24.860000610351562,24.860000610351562,0,0.0,0.0
2025-05-06 13:02:00-05:00,24.829999923706055,24.829999923706055,24.739999771118164,24.739999771118164,0,0.0,0.0
2025-05-06 13:03:00-05:00,24.75,24.809999465942383,24.75,24.809999465942383,0,0.0,0.0
2025-05-06 13:04:00-05:00,24.850000381469727,24.889999389648438,24.799999237060547,24.850000381469727,0,0.0,0.0
2025-05-06 13:05:00-05:00,24.81999969482422,24.8700008392334,24.81999969482422,24.8700008392334,0,0.0,0.0
2025-05-06 13:06:00-05:00,24.889999389648438,24.940000534057617,24.889999389648438,24.93000030517578,0,0.0,0.0
2025-05-06 13:07:00-05:00,24.899999618530273,24.93000030517578,24.899999618530273,24.899999618530273,0,0.0,0.0
2025-05-06 13:08:00-05:00,24.899999618530273,24.90999984741211,24.8700008392334,24.8700008392334,0,0.0,0.0
2025-05-06 13:09:00-05:00,24.8799991607666,24.889999389648438,24.860000610351562,24.860000610351562,0,0.0,0.0
2025-05-06 13:10:00-05:00,24.850000381469727,24.959999084472656,24.850000381469727,24.959999084472656,0,0.0,0.0
2025-05-06 13:11:00-05:00,24.959999084472656,24.989999771118164,24.959999084472656,24.989999771118164,0,0.0,0.0
2025-05-06 13:12:00-05:00,24.950000762939453,24.950000762939453,24.899999618530273,24.93000030517578,0,0.0,0.0
2025-05-06 13:13:00-05:00,24.940000534057617,24.940000534057617,24.90999984741211,24.940000534057617,0,0.0,0.0
2025-05-06 13:14:00-05:00,24.940000534057617,24.969999313354492,24.940000534057617,24.950000762939453,0,0.0,0.0
2025-05-06 13:15:00-05:00,24.920000076293945,24.920000076293945,24.860000610351562,24.860000610351562,0,0.0,0.0
2025-05-06 13:16:00-05:00,24.860000610351562,24.8799991607666,24.799999237060547,24.8799991607666,0,0.0,0.0
2025-05-06 13:17:00-05:00,24.829999923706055,24.84000015258789,24.829999923706055,24.84000015258789,0,0.0,0.0
2025-05-06 13:18:00-05:00,24.829999923706055,24.84000015258789,24.809999465942383,24.84000015258789,0,0.0,0.0
2025-05-06 13:19:00-05:00,24.809999465942383,24.81999969482422,24.809999465942383,24.81999969482422,0,0.0,0.0
2025-05-06 13:20:00-05:00,24.799999237060547,24.799999237060547,24.770000457763672,24.799999237060547,0,0.0,0.0
2025-05-06 13:21:00-05:00,24.799999237060547,24.799999237060547,24.770000457763672,24.770000457763672,0,0.0,0.0
2025-05-06 13:22:00-05:00,24.790000915527344,24.799999237060547,24.780000686645508,24.780000686645508,0,0.0,0.0
2025-05-06 13:23:00-05:00,24.739999771118164,24.739999771118164,24.719999313354492,24.719999313354492,0,0.0,0.0
2025-05-06 13:24:00-05:00,24.75,24.75,24.719999313354492,24.719999313354492,0,0.0,0.0
2025-05-06 13:25:00-05:00,24.719999313354492,24.719999313354492,24.65999984741211,24.65999984741211,0,0.0,0.0
2025-05-06 13:26:00-05:00,24.649999618530273,24.65999984741211,24.649999618530273,24.65999984741211,0,0.0,0.0
2025-05-06 13:27:00-05:00,24.65999984741211,24.670000076293945,24.649999618530273,24.649999618530273,0,0.0,0.0
2025-05-06 13:28:00-05:00,24.649999618530273,24.649999618530273,24.579999923706055,24.579999923706055,0,0.0,0.0
2025-05-06 13:29:00-05:00,24.579999923706055,24.59000015258789,24.579999923706055,24.59000015258789,0,0.0,0.0
2025-05-06 13:30:00-05:00,24.56999969482422,24.56999969482422,24.549999237060547,24.549999237060547,0,0.0,0.0
2025-05-06 13:31:00-05:00,24.540000915527344,24.56999969482422,24.540000915527344,24.56999969482422,0,0.0,0.0
2025-05-06 13:32:00-05:00,24.56999969482422,24.56999969482422,24.549999237060547,24.549999237060547,0,0.0,0.0
2025-05-06 13:33:00-05:00,24.549999237060547,24.579999923706055,24.549999237060547,24.56999969482422,0,0.0,0.0
2025-05-06 13:34:00-05:00,24.579999923706055,24.579999923706055,24.56999969482422,24.579999923706055,0,0.0,0.0
2025-05-06 13:35:00-05:00,24.59000015258789,24.690000534057617,24.59000015258789,24.690000534057617,0,0.0,0.0
2025-05-06 13:36:00-05:00,24.670000076293945,24.719999313354492,24.670000076293945,24.719999313354492,0,0.0,0.0
2025-05-06 13:37:00-05:00,24.729999542236328,24.729999542236328,24.65999984741211,24.709999084472656,0,0.0,0.0
2025-05-06 13:38:00-05:00,24.690000534057617,24.690000534057617,24.649999618530273,24.65999984741211,0,0.0,0.0
2025-05-06 13:39:00-05:00,24.65999984741211,24.690000534057617,24.65999984741211,24.690000534057617,0,0.0,0.0
2025-05-06 13:40:00-05:00,24.65999984741211,24.65999984741211,24.56999969482422,24.56999969482422,0,0.0,0.0
2025-05-06 13:41:00-05:00,24.579999923706055,24.579999923706055,24.549999237060547,24.549999237060547,0,0.0,0.0
2025-05-06 13:42:00-05:00,24.479999542236328,24.559999465942383,24.479999542236328,24.540000915527344,0,0.0,0.0
2025-05-06 13:43:00-05:00,24.549999237060547,24.6299991607666,24.549999237060547,24.6299991607666,0,0.0,0.0
2025-05-06 13:44:00-05:00,24.65999984741211,24.670000076293945,24.649999618530273,24.670000076293945,0,0.0,0.0
2025-05-06 13:45:00-05:00,24.670000076293945,24.690000534057617,24.670000076293945,24.68000030517578,0,0.0,0.0
2025-05-06 13:46:00-05:00,24.68000030517578,24.690000534057617,24.649999618530273,24.649999618530273,0,0.0,0.0
2025-05-06 13:47:00-05:00,24.600000381469727,24.65999984741211,24.600000381469727,24.65999984741211,0,0.0,0.0
2025-05-06 13:48:00-05:00,24.6299991607666,24.6299991607666,24.59000015258789,24.600000381469727,0,0.0,0.0
2025-05-06 13:49:00-05:00,24.59000015258789,24.6200008392334,24.59000015258789,24.6200008392334,0,0.0,0.0
2025-05-06 13:50:00-05:00,24.610000610351562,24.639999389648438,24.610000610351562,24.6200008392334,0,0.0,0.0
2025-05-06 13:51:00-05:00,24.6200008392334,24.700000762939453,24.6200008392334,24.700000762939453,0,0.0,0.0
2025-05-06 13:52:00-05:00,24.670000076293945,24.670000076293945,24.579999923706055,24.579999923706055,0,0.0,0.0
2025-05-06 13:53:00-05:00,24.56999969482422,24.56999969482422,24.530000686645508,24.540000915527344,0,0.0,0.0
2025-05-06 13:54:00-05:00,24.559999465942383,24.559999465942383,24.549999237060547,24.549999237060547,0,0.0,0.0
2025-05-06 13:55:00-05:00,24.549999237060547,24.549999237060547,24.520000457763672,24.520000457763672,0,0.0,0.0
2025-05-06 13:56:00-05:00,24.520000457763672,24.520000457763672,24.469999313354492,24.469999313354492,0,0.0,0.0
2025-05-06 13:57:00-05:00,24.469999313354492,24.469999313354492,24.469999313354492,24.469999313354492,0,0.0,0.0
2025-05-06 13:58:00-05:00,24.459999084472656,24.469999313354492,24.450000762939453,24.450000762939453,0,0.0,0.0
2025-05-06 13:59:00-05:00,24.450000762939453,24.450000762939453,24.3799991607666,24.3799991607666,0,0.0,0.0
2025-05-06 14:00:00-05:00,24.350000381469727,24.43000030517578,24.34000015258789,24.43000030517578,0,0.0,0.0
2025-05-06 14:01:00-05:00,24.40999984741211,24.420000076293945,24.399999618530273,24.399999618530273,0,0.0,0.0
2025-05-06 14:02:00-05:00,24.40999984741211,24.440000534057617,24.40999984741211,24.43000030517578,0,0.0,0.0
2025-05-06 14:03:00-05:00,24.440000534057617,24.459999084472656,24.399999618530273,24.459999084472656,0,0.0,0.0
2025-05-06 14:04:00-05:00,24.450000762939453,24.450000762939453,24.40999984741211,24.40999984741211,0,0.0,0.0
2025-05-06 14:05:00-05:00,24.43000030517578,24.479999542236328,24.43000030517578,24.479999542236328,0,0.0,0.0
2025-05-06 14:06:00-05:00,24.5,24.600000381469727,24.5,24.600000381469727,0,0.0,0.0
2025-05-06 14:07:00-05:00,24.6200008392334,24.670000076293945,24.6200008392334,24.65999984741211,0,0.0,0.0
2025-05-06 14:08:00-05:00,24.68000030517578,24.68000030517578,24.56999969482422,24.59000015258789,0,0.0,0.0
2025-05-06 14:09:00-05:00,24.59000015258789,24.59000015258789,24.549999237060547,24.579999923706055,0,0.0,0.0
2025-05-06 14:10:00-05:00,24.59000015258789,24.6299991607666,24.56999969482422,24.6299991607666,0,0.0,0.0
2025-05-06 14:11:00-05:00,24.65999984741211,24.65999984741211,24.579999923706055,24.579999923706055,0,0.0,0.0
2025-05-06 14:12:00-05:00,24.559999465942383,24.559999465942383,24.530000686645508,24.559999465942383,0,0.0,0.0
2025-05-06 14:13:00-05:00,24.549999237060547,24.549999237060547,24.489999771118164,24.489999771118164,0,0.0,0.0
2025-05-06 14:14:00-05:00,24.5,24.5,24.459999084472656,24.479999542236328,0,0.0,0.0
2025-05-06 14:15:00-05:00,24.479999542236328,24.479999542236328,24.469999313354492,24.479999542236328,0,0.0,0.0
2025-05-06 14:16:00-05:00,24.479999542236328,24.479999542236328,24.469999313354492,24.479999542236328,0,0.0,0.0
2025-05-06 14:17:00-05:00,24.479999542236328,24.479999542236328,24.450000762939453,24.479999542236328,0,0.0,0.0
2025-05-06 14:18:00-05:00,24.459999084472656,24.5,24.459999084472656,24.489999771118164,0,0.0,0.0
2025-05-06 14:19:00-05:00,24.520000457763672,24.56999969482422,24.520000457763672,24.56999969482422,0,0.0,0.0
2025-05-06 14:20:00-05:00,24.6299991607666,24.6299991607666,24.56999969482422,24.600000381469727,0,0.0,0.0
2025-05-06 14:21:00-05:00,24.600000381469727,24.610000610351562,24.559999465942383,24.56999969482422,0,0.0,0.0
2025-05-06 14:22:00-05:00,24.59000015258789,24.610000610351562,24.579999923706055,24.610000610351562,0,0.0,0.0
2025-05-06 14:23:00-05:00,24.600000381469727,24.610000610351562,24.600000381469727,24.600000381469727,0,0.0,0.0
2025-05-06 14:24:00-05:00,24.59000015258789,24.59000015258789,24.549999237060547,24.559999465942383,0,0.0,0.0
2025-05-06 14:25:00-05:00,24.549999237060547,24.549999237060547,24.510000228881836,24.540000915527344,0,0.0,0.0
2025-05-06 14:26:00-05:00,24.520000457763672,24.530000686645508,24.520000457763672,24.530000686645508,0,0.0,0.0
2025-05-06 14:27:00-05:00,24.540000915527344,24.540000915527344,24.530000686645508,24.530000686645508,0,0.0,0.0
2025-05-06 14:28:00-05:00,24.510000228881836,24.510000228881836,24.469999313354492,24.469999313354492,0,0.0,0.0
2025-05-06 14:29:00-05:00,24.469999313354492,24.489999771118164,24.450000762939453,24.489999771118164,0,0.0,0.0
2025-05-06 14:30:00-05:00,24.479999542236328,24.479999542236328,24.420000076293945,24.420000076293945,0,0.0,0.0
2025-05-06 14:31:00-05:00,24.440000534057617,24.450000762939453,24.420000076293945,24.450000762939453,0,0.0,0.0
2025-05-06 14:32:00-05:00,24.459999084472656,24.479999542236328,24.399999618530273,24.399999618530273,0,0.0,0.0
2025-05-06 14:33:00-05:00,24.389999389648438,24.399999618530273,24.3799991607666,24.399999618530273,0,0.0,0.0
2025-05-06 14:34:00-05:00,24.3700008392334,24.40999984741211,24.3700008392334,24.40999984741211,0,0.0,0.0
2025-05-06 14:35:00-05:00,24.3799991607666,24.3799991607666,24.350000381469727,24.360000610351562,0,0.0,0.0
2025-05-06 14:36:00-05:00,24.3799991607666,24.389999389648438,24.3799991607666,24.389999389648438,0,0.0,0.0
2025-05-06 14:37:00-05:00,24.40999984741211,24.43000030517578,24.40999984741211,24.43000030517578,0,0.0,0.0
2025-05-06 14:38:00-05:00,24.43000030517578,24.459999084472656,24.43000030517578,24.459999084472656,0,0.0,0.0
2025-05-06 14:39:00-05:00,24.479999542236328,24.479999542236328,24.450000762939453,24.459999084472656,0,0.0,0.0
2025-05-06 14:40:00-05:00,24.450000762939453,24.450000762939453,24.420000076293945,24.440000534057617,0,0.0,0.0
2025-05-06 14:41:00-05:00,24.440000534057617,24.450000762939453,24.399999618530273,24.399999618530273,0,0.0,0.0
2025-05-06 14:42:00-05:00,24.389999389648438,24.420000076293945,24.389999389648438,24.420000076293945,0,0.0,0.0
2025-05-06 14:43:00-05:00,24.389999389648438,24.389999389648438,24.350000381469727,24.350000381469727,0,0.0,0.0
2025-05-06 14:44:00-05:00,24.350000381469727,24.350000381469727,24.31999969482422,24.329999923706055,0,0.0,0.0
2025-05-06 14:45:00-05:00,24.31999969482422,24.31999969482422,24.260000228881836,24.260000228881836,0,0.0,0.0
2025-05-06 14:46:00-05:00,24.270000457763672,24.290000915527344,24.270000457763672,24.290000915527344,0,0.0,0.0
2025-05-06 14:47:00-05:00,24.309999465942383,24.34000015258789,24.290000915527344,24.290000915527344,0,0.0,0.0
2025-05-06 14:48:00-05:00,24.280000686645508,24.31999969482422,24.280000686645508,24.31999969482422,0,0.0,0.0
2025-05-06 14:49:00-05:00,24.329999923706055,24.34000015258789,24.31999969482422,24.31999969482422,0,0.0,0.0
2025-05-06 14:50:00-05:00,24.329999923706055,24.520000457763672,24.329999923706055,24.520000457763672,0,0.0,0.0
2025-05-06 14:51:00-05:00,24.489999771118164,24.510000228881836,24.489999771118164,24.5,0,0.0,0.0
2025-05-06 14:52:00-05:00,24.520000457763672,24.559999465942383,24.520000457763672,24.559999465942383,0,0.0,0.0
2025-05-06 14:53:00-05:00,24.549999237060547,24.559999465942383,24.479999542236328,24.479999542236328,0,0.0,0.0
2025-05-06 14:54:00-05:00,24.540000915527344,24.579999923706055,24.540000915527344,24.56999969482422,0,0.0,0.0
2025-05-06 14:55:00-05:00,24.579999923706055,24.639999389648438,24.56999969482422,24.56999969482422,0,0.0,0.0
2025-05-06 14:56:00-05:00,24.540000915527344,24.59000015258789,24.540000915527344,24.59000015258789,0,0.0,0.0
2025-05-06 14:57:00-05:00,24.530000686645508,24.540000915527344,24.520000457763672,24.540000915527344,0,0.0,0.0
2025-05-06 14:58:00-05:00,24.510000228881836,24.510000228881836,24.489999771118164,24.489999771118164,0,0.0,0.0
2025-05-06 14:59:00-05:00,24.5,24.709999084472656,24.5,24.709999084472656,0,0.0,0.0
2025-05-06 15:00:00-05:00,24.719999313354492,24.739999771118164,24.719999313354492,24.729999542236328,0,0.0,0.0
2025-05-06 15:01:00-05:00,24.719999313354492,24.760000228881836,24.719999313354492,24.75,0,0.0,0.0
2025-05-06 15:02:00-05:00,24.729999542236328,24.760000228881836,24.729999542236328,24.75,0,0.0,0.0
2025-05-06 15:03:00-05:00,24.770000457763672,24.780000686645508,24.760000228881836,24.780000686645508,0,0.0,0.0
2025-05-06 15:04:00-05:00,24.790000915527344,24.790000915527344,24.780000686645508,24.780000686645508,0,0.0,0.0
2025-05-06 15:05:00-05:00,24.739999771118164,24.75,24.719999313354492,24.729999542236328,0,0.0,0.0
2025-05-06 15:06:00-05:00,24.719999313354492,24.739999771118164,24.719999313354492,24.739999771118164,0,0.0,0.0
2025-05-06 15:07:00-05:00,24.739999771118164,24.739999771118164,24.719999313354492,24.739999771118164,0,0.0,0.0
2025-05-06 15:08:00-05:00,24.770000457763672,24.780000686645508,24.760000228881836,24.760000228881836,0,0.0,0.0
2025-05-06 15:09:00-05:00,24.760000228881836,24.760000228881836,24.75,24.760000228881836,0,0.0,0.0
2025-05-06 15:10:00-05:00,24.760000228881836,24.760000228881836,24.739999771118164,24.739999771118164,0,0.0,0.0
2025-05-06 15:11:00-05:00,24.739999771118164,24.760000228881836,24.739999771118164,24.760000228881836,0,0.0,0.0
2025-05-06 15:12:00-05:00,24.770000457763672,24.770000457763672,24.75,24.75,0,0.0,0.0
2025-05-06 15:13:00-05:00,24.75,24.770000457763672,24.75,24.770000457763672,0,0.0,0.0
2025-05-06 15:14:00-05:00,24.770000457763672,24.770000457763672,24.760000228881836,24.760000228881836,0,0.0,0.0
2025-05-07 02:15:00-05:00,24.559999465942383,24.559999465942383,24.549999237060547,24.559999465942383,0,0.0,0.0
2025-05-07 02:16:00-05:00,24.549999237060547,24.549999237060547,24.530000686645508,24.530000686645508,0,0.0,0.0
2025-05-07 02:17:00-05:00,24.530000686645508,24.530000686645508,24.5,24.5,0,0.0,0.0
2025-05-07 02:18:00-05:00,24.489999771118164,24.489999771118164,24.440000534057617,24.440000534057617,0,0.0,0.0
2025-05-07 02:19:00-05:00,24.440000534057617,24.440000534057617,24.43000030517578,24.43000030517578,0,0.0,0.0
2025-05-07 02:20:00-05:00,24.450000762939453,24.450000762939453,24.420000076293945,24.420000076293945,0,0.0,0.0
2025-05-07 02:21:00-05:00,24.420000076293945,24.420000076293945,24.399999618530273,24.40999984741211,0,0.0,0.0
2025-05-07 02:22:00-05:00,24.40999984741211,24.420000076293945,24.40999984741211,24.420000076293945,0,0.0,0.0
2025-05-07 02:23:00-05:00,24.420000076293945,24.420000076293945,24.420000076293945,24.420000076293945,0,0.0,0.0
2025-05-07 02:24:00-05:00,24.40999984741211,24.420000076293945,24.40999984741211,24.420000076293945,0,0.0,0.0
2025-05-07 02:25:00-05:00,24.420000076293945,24.440000534057617,24.420000076293945,24.420000076293945,0,0.0,0.0
2025-05-07 02:26:00-05:00,24.40999984741211,24.420000076293945,24.40999984741211,24.420000076293945,0,0.0,0.0
2025-05-07 02:27:00-05:00,24.399999618530273,24.399999618530273,24.360000610351562,24.360000610351562,0,0.0,0.0
2025-05-07 02:28:00-05:00,24.3700008392334,24.3700008392334,24.350000381469727,24.350000381469727,0,0.0,0.0
2025-05-07 02:29:00-05:00,24.360000610351562,24.3799991607666,24.360000610351562,24.3700008392334,0,0.0,0.0
2025-05-07 02:30:00-05:00,24.3700008392334,24.389999389648438,24.3700008392334,24.389999389648438,0,0.0,0.0
2025-05-07 02:31:00-05:00,24.389999389648438,24.399999618530273,24.389999389648438,24.389999389648438,0,0.0,0.0
2025-05-07 02:32:00-05:00,24.3799991607666,24.389999389648438,24.3700008392334,24.389999389648438,0,0.0,0.0
2025-05-07 02:33:00-05:00,24.389999389648438,24.399999618530273,24.389999389648438,24.389999389648438,0,0.0,0.0
2025-05-07 02:34:00-05:00,24.389999389648438,24.389999389648438,24.3700008392334,24.3799991607666,0,0.0,0.0
2025-05-07 02:35:00-05:00,24.3700008392334,24.389999389648438,24.3700008392334,24.389999389648438,0,0.0,0.0
2025-05-07 02:36:00-05:00,24.389999389648438,24.389999389648438,24.389999389648438,24.389999389648438,0,0.0,0.0
2025-05-07 02:37:00-05:00,24.389999389648438,24.389999389648438,24.3799991607666,24.3799991607666,0,0.0,0.0
2025-05-07 02:38:00-05:00,24.389999389648438,24.389999389648438,24.3799991607666,24.3799991607666,0,0.0,0.0
2025-05-07 02:39:00-05:00,24.399999618530273,24.40999984741211,24.389999389648438,24.40999984741211,0,0.0,0.0
2025-05-07 02:40:00-05:00,24.389999389648438,24.389999389648438,24.389999389648438,24.389999389648438,0,0.0,0.0
2025-05-07 02:41:00-05:00,24.399999618530273,24.40999984741211,24.399999618530273,24.399999618530273,0,0.0,0.0
2025-05-07 02:42:00-05:00,24.399999618530273,24.399999618530273,24.389999389648438,24.399999618530273,0,0.0,0.0
2025-05-07 02:43:00-05:00,24.399999618530273,24.399999618530273,24.389999389648438,24.389999389648438,0,0.0,0.0
2025-05-07 02:44:00-05:00,24.389999389648438,24.399999618530273,24.3799991607666,24.3799991607666,0,0.0,0.0
2025-05-07 02:45:00-05:00,24.3799991607666,24.3799991607666,24.3700008392334,24.3700008392334,0,0.0,0.0
2025-05-07 02:46:00-05:00,24.360000610351562,24.3700008392334,24.360000610351562,24.360000610351562,0,0.0,0.0
2025-05-07 02:47:00-05:00,24.360000610351562,24.360000610351562,24.360000610351562,24.360000610351562,0,0.0,0.0
2025-05-07 02:48:00-05:00,24.360000610351562,24.360000610351562,24.360000610351562,24.360000610351562,0,0.0,0.0
2025-05-07 02:49:00-05:00,24.360000610351562,24.360000610351562,24.360000610351562,24.360000610351562,0,0.0,0.0
2025-05-07 02:50:00-05:00,24.360000610351562,24.360000610351562,24.360000610351562,24.360000610351562,0,0.0,0.0
2025-05-07 02:51:00-05:00,24.34000015258789,24.34000015258789,24.34000015258789,24.34000015258789,0,0.0,0.0
2025-05-07 02:52:00-05:00,24.31999969482422,24.31999969482422,24.290000915527344,24.290000915527344,0,0.0,0.0
2025-05-07 02:53:00-05:00,24.280000686645508,24.290000915527344,24.280000686645508,24.290000915527344,0,0.0,0.0
2025-05-07 02:54:00-05:00,24.290000915527344,24.309999465942383,24.290000915527344,24.299999237060547,0,0.0,0.0
2025-05-07 02:55:00-05:00,24.280000686645508,24.280000686645508,24.270000457763672,24.280000686645508,0,0.0,0.0
2025-05-07 02:56:00-05:00,24.280000686645508,24.299999237060547,24.280000686645508,24.299999237060547,0,0.0,0.0
2025-05-07 02:57:00-05:00,24.299999237060547,24.299999237060547,24.290000915527344,24.290000915527344,0,0.0,0.0
2025-05-07 02:58:00-05:00,24.290000915527344,24.290000915527344,24.280000686645508,24.280000686645508,0,0.0,0.0
2025-05-07 02:59:00-05:00,24.280000686645508,24.290000915527344,24.280000686645508,24.280000686645508,0,0.0,0.0
2025-05-07 03:00:00-05:00,24.25,24.25,24.239999771118164,24.25,0,0.0,0.0
2025-05-07 03:01:00-05:00,24.260000228881836,24.260000228881836,24.200000762939453,24.200000762939453,0,0.0,0.0
2025-05-07 03:02:00-05:00,24.200000762939453,24.200000762939453,24.190000534057617,24.190000534057617,0,0.0,0.0
2025-05-07 03:03:00-05:00,24.209999084472656,24.219999313354492,24.209999084472656,24.219999313354492,0,0.0,0.0
2025-05-07 03:04:00-05:00,24.229999542236328,24.239999771118164,24.219999313354492,24.239999771118164,0,0.0,0.0
2025-05-07 03:05:00-05:00,24.239999771118164,24.25,24.229999542236328,24.229999542236328,0,0.0,0.0
2025-05-07 03:06:00-05:00,24.239999771118164,24.280000686645508,24.239999771118164,24.280000686645508,0,0.0,0.0
2025-05-07 03:07:00-05:00,24.280000686645508,24.280000686645508,24.280000686645508,24.280000686645508,0,0.0,0.0
2025-05-07 03:08:00-05:00,24.280000686645508,24.299999237060547,24.280000686645508,24.299999237060547,0,0.0,0.0
2025-05-07 03:09:00-05:00,24.290000915527344,24.309999465942383,24.290000915527344,24.299999237060547,0,0.0,0.0
2025-05-07 03:10:00-05:00,24.290000915527344,24.31999969482422,24.290000915527344,24.31999969482422,0,0.0,0.0
2025-05-07 03:11:00-05:00,24.31999969482422,24.3799991607666,24.31999969482422,24.3799991607666,0,0.0,0.0
2025-05-07 03:12:00-05:00,24.43000030517578,24.43000030517578,24.34000015258789,24.34000015258789,0,0.0,0.0
2025-05-07 03:13:00-05:00,24.34000015258789,24.350000381469727,24.34000015258789,24.34000015258789,0,0.0,0.0
2025-05-07 03:14:00-05:00,24.350000381469727,24.350000381469727,24.329999923706055,24.329999923706055,0,0.0,0.0
2025-05-07 03:15:00-05:00,24.329999923706055,24.34000015258789,24.31999969482422,24.34000015258789,0,0.0,0.0
2025-05-07 03:16:00-05:00,24.34000015258789,24.360000610351562,24.34000015258789,24.360000610351562,0,0.0,0.0
2025-05-07 03:17:00-05:00,24.360000610351562,24.360000610351562,24.350000381469727,24.360000610351562,0,0.0,0.0
2025-05-07 03:18:00-05:00,24.360000610351562,24.3700008392334,24.360000610351562,24.3700008392334,0,0.0,0.0
2025-05-07 03:19:00-05:00,24.360000610351562,24.360000610351562,24.350000381469727,24.350000381469727,0,0.0,0.0
2025-05-07 03:20:00-05:00,24.350000381469727,24.360000610351562,24.350000381469727,24.360000610351562,0,0.0,0.0
2025-05-07 03:21:00-05:00,24.360000610351562,24.3700008392334,24.360000610351562,24.3700008392334,0,0.0,0.0
2025-05-07 03:22:00-05:00,24.3700008392334,24.3700008392334,24.34000015258789,24.34000015258789,0,0.0,0.0
2025-05-07 03:23:00-05:00,24.31999969482422,24.350000381469727,24.31999969482422,24.350000381469727,0,0.0,0.0
2025-05-07 03:24:00-05:00,24.350000381469727,24.350000381469727,24.329999923706055,24.329999923706055,0,0.0,0.0
2025-05-07 03:25:00-05:00,24.329999923706055,24.329999923706055,24.31999969482422,24.31999969482422,0,0.0,0.0
2025-05-07 03:26:00-05:00,24.309999465942383,24.309999465942383,24.280000686645508,24.290000915527344,0,0.0,0.0
2025-05-07 03:27:00-05:00,24.280000686645508,24.280000686645508,24.270000457763672,24.270000457763672,0,0.0,0.0
2025-05-07 03:28:00-05:00,24.270000457763672,24.270000457763672,24.239999771118164,24.239999771118164,0,0.0,0.0
2025-05-07 03:29:00-05:00,24.229999542236328,24.260000228881836,24.229999542236328,24.260000228881836,0,0.0,0.0
2025-05-07 03:30:00-05:00,24.25,24.25,24.239999771118164,24.239999771118164,0,0.0,0.0
2025-05-07 03:31:00-05:00,24.239999771118164,24.239999771118164,24.219999313354492,24.219999313354492,0,0.0,0.0
2025-05-07 03:32:00-05:00,24.219999313354492,24.239999771118164,24.209999084472656,24.209999084472656,0,0.0,0.0
2025-05-07 03:33:00-05:00,24.219999313354492,24.219999313354492,24.18000030517578,24.18000030517578,0,0.0,0.0
2025-05-07 03:34:00-05:00,24.18000030517578,24.18000030517578,24.18000030517578,24.18000030517578,0,0.0,0.0
2025-05-07 03:35:00-05:00,24.170000076293945,24.219999313354492,24.170000076293945,24.219999313354492,0,0.0,0.0
2025-05-07 03:36:00-05:00,24.190000534057617,24.200000762939453,24.190000534057617,24.200000762939453,0,0.0,0.0
2025-05-07 03:37:00-05:00,24.219999313354492,24.270000457763672,24.219999313354492,24.270000457763672,0,0.0,0.0
2025-05-07 03:38:00-05:00,24.290000915527344,24.290000915527344,24.219999313354492,24.219999313354492,0,0.0,0.0
2025-05-07 03:39:00-05:00,24.270000457763672,24.270000457763672,24.209999084472656,24.209999084472656,0,0.0,0.0
2025-05-07 03:40:00-05:00,24.219999313354492,24.219999313354492,24.190000534057617,24.190000534057617,0,0.0,0.0
2025-05-07 03:41:00-05:00,24.190000534057617,24.190000534057617,24.190000534057617,24.190000534057617,0,0.0,0.0
2025-05-07 03:42:00-05:00,24.190000534057617,24.200000762939453,24.190000534057617,24.200000762939453,0,0.0,0.0
2025-05-07 03:43:00-05:00,24.200000762939453,24.260000228881836,24.200000762939453,24.209999084472656,0,0.0,0.0
2025-05-07 03:44:00-05:00,24.270000457763672,24.270000457763672,24.219999313354492,24.260000228881836,0,0.0,0.0
2025-05-07 03:45:00-05:00,24.270000457763672,24.270000457763672,24.219999313354492,24.219999313354492,0,0.0,0.0
2025-05-07 03:46:00-05:00,24.270000457763672,24.270000457763672,24.219999313354492,24.219999313354492,0,0.0,0.0
2025-05-07 03:47:00-05:00,24.299999237060547,24.299999237060547,24.290000915527344,24.299999237060547,0,0.0,0.0
2025-05-07 03:48:00-05:00,24.299999237060547,24.299999237060547,24.290000915527344,24.290000915527344,0,0.0,0.0
2025-05-07 03:49:00-05:00,24.280000686645508,24.309999465942383,24.280000686645508,24.309999465942383,0,0.0,0.0
2025-05-07 03:50:00-05:00,24.309999465942383,24.350000381469727,24.299999237060547,24.299999237060547,0,0.0,0.0
2025-05-07 03:51:00-05:00,24.299999237060547,24.299999237060547,24.290000915527344,24.290000915527344,0,0.0,0.0
2025-05-07 03:52:00-05:00,24.290000915527344,24.290000915527344,24.280000686645508,24.280000686645508,0,0.0,0.0
2025-05-07 03:53:00-05:00,24.290000915527344,24.290000915527344,24.290000915527344,24.290000915527344,0,0.0,0.0
2025-05-07 03:54:00-05:00,24.280000686645508,24.290000915527344,24.229999542236328,24.229999542236328,0,0.0,0.0
2025-05-07 03:55:00-05:00,24.229999542236328,24.229999542236328,24.219999313354492,24.219999313354492,0,0.0,0.0
2025-05-07 03:56:00-05:00,24.219999313354492,24.219999313354492,24.219999313354492,24.219999313354492,0,0.0,0.0
2025-05-07 03:57:00-05:00,24.219999313354492,24.219999313354492,24.190000534057617,24.200000762939453,0,0.0,0.0
2025-05-07 03:58:00-05:00,24.190000534057617,24.190000534057617,24.18000030517578,24.190000534057617,0,0.0,0.0
2025-05-07 03:59:00-05:00,24.190000534057617,24.200000762939453,24.190000534057617,24.190000534057617,0,0.0,0.0
2025-05-07 04:00:00-05:00,24.190000534057617,24.200000762939453,24.190000534057617,24.200000762939453,0,0.0,0.0
2025-05-07 04:01:00-05:00,24.18000030517578,24.18000030517578,24.170000076293945,24.170000076293945,0,0.0,0.0
2025-05-07 04:02:00-05:00,24.170000076293945,24.170000076293945,24.15999984741211,24.15999984741211,0,0.0,0.0
2025-05-07 04:03:00-05:00,24.149999618530273,24.170000076293945,24.149999618530273,24.170000076293945,0,0.0,0.0
2025-05-07 04:04:00-05:00,24.15999984741211,24.15999984741211,24.149999618530273,24.149999618530273,0,0.0,0.0
2025-05-07 04:05:00-05:00,24.149999618530273,24.15999984741211,24.149999618530273,24.15999984741211,0,0.0,0.0
2025-05-07 04:06:00-05:00,24.15999984741211,24.15999984741211,24.15999984741211,24.15999984741211,0,0.0,0.0
2025-05-07 04:07:00-05:00,24.15999984741211,24.18000030517578,24.15999984741211,24.18000030517578,0,0.0,0.0
2025-05-07 04:08:00-05:00,24.170000076293945,24.170000076293945,24.15999984741211,24.170000076293945,0,0.0,0.0
2025-05-07 04:09:00-05:00,24.170000076293945,24.170000076293945,24.15999984741211,24.170000076293945,0,0.0,0.0
2025-05-07 04:10:00-05:00,24.18000030517578,24.190000534057617,24.170000076293945,24.190000534057617,0,0.0,0.0
2025-05-07 04:11:00-05:00,24.190000534057617,24.270000457763672,24.190000534057617,24.219999313354492,0,0.0,0.0
2025-05-07 04:12:00-05:00,24.219999313354492,24.239999771118164,24.209999084472656,24.209999084472656,0,0.0,0.0
2025-05-07 04:13:00-05:00,24.190000534057617,24.190000534057617,24.18000030517578,24.18000030517578,0,0.0,0.0
2025-05-07 04:14:00-05:00,24.170000076293945,24.18000030517578,24.170000076293945,24.18000030517578,0,0.0,0.0
2025-05-07 04:15:00-05:00,24.18000030517578,24.190000534057617,24.18000030517578,24.190000534057617,0,0.0,0.0
2025-05-07 04:16:00-05:00,24.190000534057617,24.200000762939453,24.190000534057617,24.190000534057617,0,0.0,0.0
2025-05-07 04:17:00-05:00,24.190000534057617,24.200000762939453,24.190000534057617,24.190000534057617,0,0.0,0.0
2025-05-07 04:18:00-05:00,24.190000534057617,24.190000534057617,24.15999984741211,24.15999984741211,0,0.0,0.0
2025-05-07 04:19:00-05:00,24.170000076293945,24.170000076293945,24.170000076293945,24.170000076293945,0,0.0,0.0
2025-05-07 04:20:00-05:00,24.190000534057617,24.200000762939453,24.190000534057617,24.200000762939453,0,0.0,0.0
2025-05-07 04:21:00-05:00,24.209999084472656,24.290000915527344,24.209999084472656,24.290000915527344,0,0.0,0.0
2025-05-07 04:22:00-05:00,24.290000915527344,24.309999465942383,24.290000915527344,24.309999465942383,0,0.0,0.0
2025-05-07 04:23:00-05:00,24.309999465942383,24.31999969482422,24.309999465942383,24.31999969482422,0,0.0,0.0
2025-05-07 04:24:00-05:00,24.329999923706055,24.329999923706055,24.31999969482422,24.31999969482422,0,0.0,0.0
2025-05-07 04:25:00-05:00,24.31999969482422,24.31999969482422,24.299999237060547,24.31999969482422,0,0.0,0.0
2025-05-07 04:26:00-05:00,24.34000015258789,24.34000015258789,24.34000015258789,24.34000015258789,0,0.0,0.0
2025-05-07 04:27:00-05:00,24.34000015258789,24.350000381469727,24.34000015258789,24.350000381469727,0,0.0,0.0
2025-05-07 04:28:00-05:00,24.34000015258789,24.34000015258789,24.329999923706055,24.34000015258789,0,0.0,0.0
2025-05-07 04:29:00-05:00,24.34000015258789,24.350000381469727,24.34000015258789,24.34000015258789,0,0.0,0.0
2025-05-07 04:30:00-05:00,24.350000381469727,24.350000381469727,24.350000381469727,24.350000381469727,0,0.0,0.0
2025-05-07 04:31:00-05:00,24.350000381469727,24.350000381469727,24.329999923706055,24.329999923706055,0,0.0,0.0
2025-05-07 04:32:00-05:00,24.329999923706055,24.3700008392334,24.329999923706055,24.3700008392334,0,0.0,0.0
2025-05-07 04:33:00-05:00,24.360000610351562,24.3799991607666,24.350000381469727,24.3799991607666,0,0.0,0.0
2025-05-07 04:34:00-05:00,24.389999389648438,24.399999618530273,24.389999389648438,24.399999618530273,0,0.0,0.0
2025-05-07 04:35:00-05:00,24.399999618530273,24.399999618530273,24.389999389648438,24.399999618530273,0,0.0,0.0
2025-05-07 04:36:00-05:00,24.399999618530273,24.420000076293945,24.399999618530273,24.40999984741211,0,0.0,0.0
2025-05-07 04:37:00-05:00,24.40999984741211,24.420000076293945,24.399999618530273,24.420000076293945,0,0.0,0.0
2025-05-07 04:38:00-05:00,24.440000534057617,24.440000534057617,24.40999984741211,24.40999984741211,0,0.0,0.0
2025-05-07 04:39:00-05:00,24.399999618530273,24.399999618530273,24.3700008392334,24.3700008392334,0,0.0,0.0
2025-05-07 04:40:00-05:00,24.3700008392334,24.389999389648438,24.3700008392334,24.389999389648438,0,0.0,0.0
2025-05-07 04:41:00-05:00,24.3799991607666,24.3799991607666,24.329999923706055,24.329999923706055,0,0.0,0.0
2025-05-07 04:42:00-05:00,24.329999923706055,24.329999923706055,24.329999923706055,24.329999923706055,0,0.0,0.0
2025-05-07 04:43:00-05:00,24.329999923706055,24.329999923706055,24.31999969482422,24.31999969482422,0,0.0,0.0
2025-05-07 04:44:00-05:00,24.31999969482422,24.31999969482422,24.31999969482422,24.31999969482422,0,0.0,0.0
2025-05-07 04:45:00-05:00,24.31999969482422,24.31999969482422,24.299999237060547,24.299999237060547,0,0.0,0.0
2025-05-07 04:46:00-05:00,24.299999237060547,24.299999237060547,24.299999237060547,24.299999237060547,0,0.0,0.0
2025-05-07 04:47:00-05:00,24.299999237060547,24.299999237060547,24.290000915527344,24.290000915527344,0,0.0,0.0
2025-05-07 04:48:00-05:00,24.290000915527344,24.290000915527344,24.270000457763672,24.280000686645508,0,0.0,0.0
2025-05-07 04:49:00-05:00,24.280000686645508,24.280000686645508,24.260000228881836,24.260000228881836,0,0.0,0.0
2025-05-07 04:50:00-05:00,24.280000686645508,24.290000915527344,24.280000686645508,24.290000915527344,0,0.0,0.0
2025-05-07 04:51:00-05:00,24.280000686645508,24.280000686645508,24.270000457763672,24.280000686645508,0,0.0,0.0
2025-05-07 04:52:00-05:00,24.270000457763672,24.280000686645508,24.270000457763672,24.270000457763672,0,0.0,0.0
2025-05-07 04:53:00-05:00,24.280000686645508,24.290000915527344,24.280000686645508,24.280000686645508,0,0.0,0.0
2025-05-07 04:54:00-05:00,24.290000915527344,24.309999465942383,24.290000915527344,24.309999465942383,0,0.0,0.0
2025-05-07 04:55:00-05:00,24.299999237060547,24.309999465942383,24.299999237060547,24.309999465942383,0,0.0,0.0
2025-05-07 04:56:00-05:00,24.309999465942383,24.309999465942383,24.309999465942383,24.309999465942383,0,0.0,0.0
2025-05-07 04:57:00-05:00,24.31999969482422,24.31999969482422,24.309999465942383,24.309999465942383,0,0.0,0.0
2025-05-07 04:58:00-05:00,24.31999969482422,24.31999969482422,24.309999465942383,24.31999969482422,0,0.0,0.0
2025-05-07 04:59:00-05:00,24.329999923706055,24.350000381469727,24.329999923706055,24.350000381469727,0,0.0,0.0
2025-05-07 05:00:00-05:00,24.350000381469727,24.40999984741211,24.350000381469727,24.40999984741211,0,0.0,0.0
2025-05-07 05:01:00-05:00,24.43000030517578,24.450000762939453,24.43000030517578,24.450000762939453,0,0.0,0.0
2025-05-07 05:02:00-05:00,24.450000762939453,24.479999542236328,24.450000762939453,24.459999084472656,0,0.0,0.0
2025-05-07 05:03:00-05:00,24.440000534057617,24.479999542236328,24.440000534057617,24.479999542236328,0,0.0,0.0
2025-05-07 05:04:00-05:00,24.469999313354492,24.469999313354492,24.43000030517578,24.43000030517578,0,0.0,0.0
2025-05-07 05:05:00-05:00,24.440000534057617,24.440000534057617,24.43000030517578,24.43000030517578,0,0.0,0.0
2025-05-07 05:06:00-05:00,24.43000030517578,24.469999313354492,24.43000030517578,24.469999313354492,0,0.0,0.0
2025-05-07 05:07:00-05:00,24.469999313354492,24.469999313354492,24.43000030517578,24.440000534057617,0,0.0,0.0
2025-05-07 05:08:00-05:00,24.440000534057617,24.450000762939453,24.440000534057617,24.450000762939453,0,0.0,0.0
2025-05-07 05:09:00-05:00,24.450000762939453,24.450000762939453,24.43000030517578,24.43000030517578,0,0.0,0.0
2025-05-07 05:10:00-05:00,24.420000076293945,24.420000076293945,24.399999618530273,24.399999618530273,0,0.0,0.0
2025-05-07 05:11:00-05:00,24.40999984741211,24.40999984741211,24.40999984741211,24.40999984741211,0,0.0,0.0
2025-05-07 05:12:00-05:00,24.40999984741211,24.40999984741211,24.3799991607666,24.3799991607666,0,0.0,0.0
2025-05-07 05:13:00-05:00,24.34000015258789,24.34000015258789,24.309999465942383,24.309999465942383,0,0.0,0.0
2025-05-07 05:14:00-05:00,24.309999465942383,24.31999969482422,24.309999465942383,24.309999465942383,0,0.0,0.0
2025-05-07 05:15:00-05:00,24.309999465942383,24.31999969482422,24.309999465942383,24.309999465942383,0,0.0,0.0
2025-05-07 05:16:00-05:00,24.309999465942383,24.309999465942383,24.309999465942383,24.309999465942383,0,0.0,0.0
2025-05-07 05:17:00-05:00,24.329999923706055,24.350000381469727,24.329999923706055,24.329999923706055,0,0.0,0.0
2025-05-07 05:18:00-05:00,24.34000015258789,24.350000381469727,24.34000015258789,24.34000015258789,0,0.0,0.0
2025-05-07 05:19:00-05:00,24.34000015258789,24.34000015258789,24.34000015258789,24.34000015258789,0,0.0,0.0
2025-05-07 05:20:00-05:00,24.329999923706055,24.34000015258789,24.329999923706055,24.34000015258789,0,0.0,0.0
2025-05-07 05:21:00-05:00,24.34000015258789,24.34000015258789,24.329999923706055,24.329999923706055,0,0.0,0.0
2025-05-07 05:22:00-05:00,24.329999923706055,24.3700008392334,24.329999923706055,24.3700008392334,0,0.0,0.0
2025-05-07 05:23:00-05:00,24.360000610351562,24.360000610351562,24.350000381469727,24.350000381469727,0,0.0,0.0
2025-05-07 05:24:00-05:00,24.350000381469727,24.350000381469727,24.34000015258789,24.350000381469727,0,0.0,0.0
2025-05-07 05:25:00-05:00,24.34000015258789,24.350000381469727,24.34000015258789,24.34000015258789,0,0.0,0.0
2025-05-07 05:26:00-05:00,24.34000015258789,24.34000015258789,24.34000015258789,24.34000015258789,0,0.0,0.0
2025-05-07 05:27:00-05:00,24.34000015258789,24.34000015258789,24.329999923706055,24.34000015258789,0,0.0,0.0
2025-05-07 05:28:00-05:00,24.329999923706055,24.350000381469727,24.329999923706055,24.350000381469727,0,0.0,0.0
2025-05-07 05:29:00-05:00,24.360000610351562,24.3799991607666,24.360000610351562,24.3799991607666,0,0.0,0.0
2025-05-07 05:30:00-05:00,24.3700008392334,24.399999618530273,24.3700008392334,24.399999618530273,0,0.0,0.0
2025-05-07 05:31:00-05:00,24.399999618530273,24.40999984741211,24.399999618530273,24.40999984741211,0,0.0,0.0
2025-05-07 05:32:00-05:00,24.399999618530273,24.40999984741211,24.399999618530273,24.40999984741211,0,0.0,0.0
2025-05-07 05:33:00-05:00,24.40999984741211,24.40999984741211,24.40999984741211,24.40999984741211,0,0.0,0.0
2025-05-07 05:34:00-05:00,24.40999984741211,24.40999984741211,24.399999618530273,24.40999984741211,0,0.0,0.0
2025-05-07 05:35:00-05:00,24.399999618530273,24.40999984741211,24.399999618530273,24.40999984741211,0,0.0,0.0
2025-05-07 05:36:00-05:00,24.399999618530273,24.399999618530273,24.399999618530273,24.399999618530273,0,0.0,0.0
2025-05-07 05:37:00-05:00,24.40999984741211,24.40999984741211,24.399999618530273,24.399999618530273,0,0.0,0.0
2025-05-07 05:38:00-05:00,24.399999618530273,24.399999618530273,24.389999389648438,24.389999389648438,0,0.0,0.0
2025-05-07 05:39:00-05:00,24.389999389648438,24.389999389648438,24.3799991607666,24.3799991607666,0,0.0,0.0
2025-05-07 05:40:00-05:00,24.3700008392334,24.399999618530273,24.3700008392334,24.399999618530273,0,0.0,0.0
2025-05-07 05:41:00-05:00,24.389999389648438,24.389999389648438,24.360000610351562,24.3700008392334,0,0.0,0.0
2025-05-07 05:42:00-05:00,24.360000610351562,24.360000610351562,24.329999923706055,24.329999923706055,0,0.0,0.0
2025-05-07 05:43:00-05:00,24.299999237060547,24.299999237060547,24.290000915527344,24.290000915527344,0,0.0,0.0
2025-05-07 05:44:00-05:00,24.290000915527344,24.290000915527344,24.260000228881836,24.260000228881836,0,0.0,0.0
2025-05-07 05:45:00-05:00,24.260000228881836,24.270000457763672,24.260000228881836,24.260000228881836,0,0.0,0.0
2025-05-07 05:46:00-05:00,24.260000228881836,24.260000228881836,24.25,24.25,0,0.0,0.0
2025-05-07 05:47:00-05:00,24.260000228881836,24.260000228881836,24.260000228881836,24.260000228881836,0,0.0,0.0
2025-05-07 05:48:00-05:00,24.260000228881836,24.260000228881836,24.25,24.25,0,0.0,0.0
2025-05-07 05:49:00-05:00,24.239999771118164,24.25,24.239999771118164,24.25,0,0.0,0.0
2025-05-07 05:50:00-05:00,24.260000228881836,24.260000228881836,24.219999313354492,24.25,0,0.0,0.0
2025-05-07 05:51:00-05:00,24.239999771118164,24.239999771118164,24.229999542236328,24.239999771118164,0,0.0,0.0
2025-05-07 05:52:00-05:00,24.290000915527344,24.309999465942383,24.290000915527344,24.299999237060547,0,0.0,0.0
2025-05-07 05:53:00-05:00,24.299999237060547,24.299999237060547,24.25,24.25,0,0.0,0.0
2025-05-07 05:54:00-05:00,24.25,24.260000228881836,24.239999771118164,24.260000228881836,0,0.0,0.0
2025-05-07 05:55:00-05:00,24.270000457763672,24.280000686645508,24.270000457763672,24.280000686645508,0,0.0,0.0
2025-05-07 05:56:00-05:00,24.270000457763672,24.280000686645508,24.260000228881836,24.280000686645508,0,0.0,0.0
2025-05-07 05:57:00-05:00,24.290000915527344,24.31999969482422,24.290000915527344,24.309999465942383,0,0.0,0.0
2025-05-07 05:58:00-05:00,24.299999237060547,24.299999237060547,24.290000915527344,24.299999237060547,0,0.0,0.0
2025-05-07 05:59:00-05:00,24.309999465942383,24.309999465942383,24.299999237060547,24.309999465942383,0,0.0,0.0
2025-05-07 06:00:00-05:00,24.329999923706055,24.329999923706055,24.270000457763672,24.270000457763672,0,0.0,0.0
2025-05-07 06:02:00-05:00,24.280000686645508,24.280000686645508,24.280000686645508,24.280000686645508,0,0.0,0.0
2025-05-07 06:03:00-05:00,24.270000457763672,24.270000457763672,24.25,24.25,0,0.0,0.0
2025-05-07 06:04:00-05:00,24.229999542236328,24.229999542236328,24.219999313354492,24.219999313354492,0,0.0,0.0
2025-05-07 06:05:00-05:00,24.239999771118164,24.239999771118164,24.229999542236328,24.239999771118164,0,0.0,0.0
2025-05-07 06:06:00-05:00,24.239999771118164,24.25,24.239999771118164,24.25,0,0.0,0.0
2025-05-07 06:07:00-05:00,24.239999771118164,24.260000228881836,24.239999771118164,24.260000228881836,0,0.0,0.0
2025-05-07 06:08:00-05:00,24.260000228881836,24.260000228881836,24.260000228881836,24.260000228881836,0,0.0,0.0
2025-05-07 06:09:00-05:00,24.270000457763672,24.270000457763672,24.260000228881836,24.260000228881836,0,0.0,0.0
2025-05-07 06:10:00-05:00,24.25,24.25,24.239999771118164,24.239999771118164,0,0.0,0.0
2025-05-07 06:11:00-05:00,24.239999771118164,24.239999771118164,24.239999771118164,24.239999771118164,0,0.0,0.0
2025-05-07 06:12:00-05:00,24.239999771118164,24.239999771118164,24.229999542236328,24.239999771118164,0,0.0,0.0
2025-05-07 06:13:00-05:00,24.229999542236328,24.229999542236328,24.209999084472656,24.209999084472656,0,0.0,0.0
2025-05-07 06:14:00-05:00,24.219999313354492,24.229999542236328,24.219999313354492,24.229999542236328,0,0.0,0.0
2025-05-07 06:15:00-05:00,24.229999542236328,24.229999542236328,24.229999542236328,24.229999542236328,0,0.0,0.0
2025-05-07 06:16:00-05:00,24.229999542236328,24.229999542236328,24.219999313354492,24.229999542236328,0,0.0,0.0
2025-05-07 06:17:00-05:00,24.209999084472656,24.209999084472656,24.200000762939453,24.209999084472656,0,0.0,0.0
2025-05-07 06:18:00-05:00,24.209999084472656,24.219999313354492,24.209999084472656,24.209999084472656,0,0.0,0.0
2025-05-07 06:19:00-05:00,24.209999084472656,24.209999084472656,24.209999084472656,24.209999084472656,0,0.0,0.0
2025-05-07 06:20:00-05:00,24.209999084472656,24.209999084472656,24.200000762939453,24.200000762939453,0,0.0,0.0
2025-05-07 06:21:00-05:00,24.200000762939453,24.200000762939453,24.190000534057617,24.190000534057617,0,0.0,0.0
2025-05-07 06:22:00-05:00,24.200000762939453,24.219999313354492,24.200000762939453,24.209999084472656,0,0.0,0.0
2025-05-07 06:23:00-05:00,24.200000762939453,24.209999084472656,24.200000762939453,24.209999084472656,0,0.0,0.0
2025-05-07 06:24:00-05:00,24.209999084472656,24.209999084472656,24.190000534057617,24.209999084472656,0,0.0,0.0
2025-05-07 06:25:00-05:00,24.219999313354492,24.239999771118164,24.219999313354492,24.239999771118164,0,0.0,0.0
2025-05-07 06:26:00-05:00,24.239999771118164,24.280000686645508,24.239999771118164,24.280000686645508,0,0.0,0.0
2025-05-07 06:27:00-05:00,24.280000686645508,24.299999237060547,24.280000686645508,24.290000915527344,0,0.0,0.0
2025-05-07 06:28:00-05:00,24.290000915527344,24.290000915527344,24.290000915527344,24.290000915527344,0,0.0,0.0
2025-05-07 06:29:00-05:00,24.290000915527344,24.290000915527344,24.290000915527344,24.290000915527344,0,0.0,0.0
2025-05-07 06:30:00-05:00,24.290000915527344,24.290000915527344,24.290000915527344,24.290000915527344,0,0.0,0.0
2025-05-07 06:31:00-05:00,24.280000686645508,24.299999237060547,24.280000686645508,24.290000915527344,0,0.0,0.0
2025-05-07 06:32:00-05:00,24.290000915527344,24.299999237060547,24.290000915527344,24.290000915527344,0,0.0,0.0
2025-05-07 06:33:00-05:00,24.290000915527344,24.290000915527344,24.280000686645508,24.290000915527344,0,0.0,0.0
2025-05-07 06:34:00-05:00,24.290000915527344,24.299999237060547,24.290000915527344,24.299999237060547,0,0.0,0.0
2025-05-07 06:35:00-05:00,24.299999237060547,24.299999237060547,24.270000457763672,24.270000457763672,0,0.0,0.0
2025-05-07 06:36:00-05:00,24.299999237060547,24.309999465942383,24.299999237060547,24.309999465942383,0,0.0,0.0
2025-05-07 06:37:00-05:00,24.309999465942383,24.350000381469727,24.309999465942383,24.350000381469727,0,0.0,0.0
2025-05-07 06:38:00-05:00,24.34000015258789,24.350000381469727,24.34000015258789,24.34000015258789,0,0.0,0.0
2025-05-07 06:39:00-05:00,24.329999923706055,24.34000015258789,24.329999923706055,24.34000015258789,0,0.0,0.0
2025-05-07 06:40:00-05:00,24.34000015258789,24.350000381469727,24.34000015258789,24.350000381469727,0,0.0,0.0
2025-05-07 06:41:00-05:00,24.360000610351562,24.420000076293945,24.360000610351562,24.420000076293945,0,0.0,0.0
2025-05-07 06:42:00-05:00,24.420000076293945,24.420000076293945,24.420000076293945,24.420000076293945,0,0.0,0.0
2025-05-07 06:43:00-05:00,24.420000076293945,24.440000534057617,24.420000076293945,24.440000534057617,0,0.0,0.0
2025-05-07 06:44:00-05:00,24.450000762939453,24.459999084472656,24.450000762939453,24.450000762939453,0,0.0,0.0
2025-05-07 06:45:00-05:00,24.450000762939453,24.450000762939453,24.440000534057617,24.440000534057617,0,0.0,0.0
2025-05-07 06:46:00-05:00,24.40999984741211,24.40999984741211,24.40999984741211,24.40999984741211,0,0.0,0.0
2025-05-07 06:47:00-05:00,24.420000076293945,24.420000076293945,24.40999984741211,24.40999984741211,0,0.0,0.0
2025-05-07 06:48:00-05:00,24.399999618530273,24.399999618530273,24.399999618530273,24.399999618530273,0,0.0,0.0
2025-05-07 06:49:00-05:00,24.399999618530273,24.399999618530273,24.389999389648438,24.399999618530273,0,0.0,0.0
2025-05-07 06:50:00-05:00,24.40999984741211,24.40999984741211,24.399999618530273,24.399999618530273,0,0.0,0.0
2025-05-07 06:51:00-05:00,24.3799991607666,24.389999389648438,24.3799991607666,24.389999389648438,0,0.0,0.0
2025-05-07 06:52:00-05:00,24.389999389648438,24.399999618530273,24.389999389648438,24.399999618530273,0,0.0,0.0
2025-05-07 06:53:00-05:00,24.399999618530273,24.399999618530273,24.3799991607666,24.3799991607666,0,0.0,0.0
2025-05-07 06:54:00-05:00,24.389999389648438,24.399999618530273,24.389999389648438,24.399999618530273,0,0.0,0.0
2025-05-07 06:55:00-05:00,24.43000030517578,24.43000030517578,24.420000076293945,24.420000076293945,0,0.0,0.0
2025-05-07 06:56:00-05:00,24.399999618530273,24.399999618530273,24.399999618530273,24.399999618530273,0,0.0,0.0
2025-05-07 06:57:00-05:00,24.399999618530273,24.40999984741211,24.399999618530273,24.40999984741211,0,0.0,0.0
2025-05-07 06:58:00-05:00,24.420000076293945,24.420000076293945,24.40999984741211,24.40999984741211,0,0.0,0.0
2025-05-07 06:59:00-05:00,24.40999984741211,24.40999984741211,24.389999389648438,24.389999389648438,0,0.0,0.0
2025-05-07 07:00:00-05:00,24.389999389648438,24.399999618530273,24.389999389648438,24.399999618530273,0,0.0,0.0
2025-05-07 07:01:00-05:00,24.399999618530273,24.399999618530273,24.389999389648438,24.389999389648438,0,0.0,0.0
2025-05-07 07:02:00-05:00,24.399999618530273,24.399999618530273,24.389999389648438,24.389999389648438,0,0.0,0.0
2025-05-07 07:03:00-05:00,24.389999389648438,24.399999618530273,24.389999389648438,24.399999618530273,0,0.0,0.0
2025-05-07 07:04:00-05:00,24.389999389648438,24.40999984741211,24.389999389648438,24.40999984741211,0,0.0,0.0
2025-05-07 07:05:00-05:00,24.43000030517578,24.479999542236328,24.43000030517578,24.479999542236328,0,0.0,0.0
2025-05-07 07:06:00-05:00,24.5,24.559999465942383,24.5,24.559999465942383,0,0.0,0.0
2025-05-07 07:07:00-05:00,24.549999237060547,24.549999237060547,24.540000915527344,24.540000915527344,0,0.0,0.0
2025-05-07 07:08:00-05:00,24.549999237060547,24.6200008392334,24.549999237060547,24.6200008392334,0,0.0,0.0
2025-05-07 07:09:00-05:00,24.610000610351562,24.639999389648438,24.610000610351562,24.639999389648438,0,0.0,0.0
2025-05-07 07:12:00-05:00,24.670000076293945,24.690000534057617,24.670000076293945,24.68000030517578,0,0.0,0.0
2025-05-07 07:13:00-05:00,24.610000610351562,24.639999389648438,24.610000610351562,24.6200008392334,0,0.0,0.0
2025-05-07 07:14:00-05:00,24.6299991607666,24.690000534057617,24.6299991607666,24.690000534057617,0,0.0,0.0
2025-05-07 07:15:00-05:00,24.68000030517578,24.690000534057617,24.68000030517578,24.690000534057617,0,0.0,0.0
2025-05-07 07:16:00-05:00,24.639999389648438,24.639999389648438,24.600000381469727,24.6299991607666,0,0.0,0.0
2025-05-07 07:17:00-05:00,24.65999984741211,24.65999984741211,24.6200008392334,24.6200008392334,0,0.0,0.0
2025-05-07 07:18:00-05:00,24.600000381469727,24.610000610351562,24.59000015258789,24.600000381469727,0,0.0,0.0
2025-05-07 07:19:00-05:00,24.59000015258789,24.600000381469727,24.59000015258789,24.600000381469727,0,0.0,0.0
2025-05-07 07:20:00-05:00,24.600000381469727,24.600000381469727,24.579999923706055,24.579999923706055,0,0.0,0.0
2025-05-07 07:21:00-05:00,24.579999923706055,24.600000381469727,24.579999923706055,24.600000381469727,0,0.0,0.0
2025-05-07 07:22:00-05:00,24.600000381469727,24.600000381469727,24.579999923706055,24.579999923706055,0,0.0,0.0
2025-05-07 07:23:00-05:00,24.56999969482422,24.579999923706055,24.559999465942383,24.579999923706055,0,0.0,0.0
2025-05-07 07:24:00-05:00,24.579999923706055,24.600000381469727,24.579999923706055,24.600000381469727,0,0.0,0.0
2025-05-07 07:25:00-05:00,24.600000381469727,24.649999618530273,24.600000381469727,24.649999618530273,0,0.0,0.0
2025-05-07 07:26:00-05:00,24.670000076293945,24.670000076293945,24.649999618530273,24.649999618530273,0,0.0,0.0
2025-05-07 07:27:00-05:00,24.649999618530273,24.65999984741211,24.639999389648438,24.639999389648438,0,0.0,0.0
2025-05-07 07:28:00-05:00,24.649999618530273,24.670000076293945,24.649999618530273,24.670000076293945,0,0.0,0.0
2025-05-07 07:29:00-05:00,24.670000076293945,24.709999084472656,24.670000076293945,24.709999084472656,0,0.0,0.0
2025-05-07 07:30:00-05:00,24.68000030517578,24.690000534057617,24.670000076293945,24.670000076293945,0,0.0,0.0
2025-05-07 07:31:00-05:00,24.690000534057617,24.690000534057617,24.6200008392334,24.6200008392334,0,0.0,0.0
2025-05-07 07:32:00-05:00,24.6200008392334,24.6200008392334,24.600000381469727,24.600000381469727,0,0.0,0.0
2025-05-07 07:33:00-05:00,24.610000610351562,24.65999984741211,24.610000610351562,24.65999984741211,0,0.0,0.0
2025-05-07 07:34:00-05:00,24.65999984741211,24.690000534057617,24.65999984741211,24.690000534057617,0,0.0,0.0
2025-05-07 07:35:00-05:00,24.690000534057617,24.690000534057617,24.690000534057617,24.690000534057617,0,0.0,0.0
2025-05-07 07:36:00-05:00,24.690000534057617,24.709999084472656,24.690000534057617,24.700000762939453,0,0.0,0.0
2025-05-07 07:37:00-05:00,24.65999984741211,24.670000076293945,24.65999984741211,24.65999984741211,0,0.0,0.0
2025-05-07 07:38:00-05:00,24.639999389648438,24.65999984741211,24.639999389648438,24.65999984741211,0,0.0,0.0
2025-05-07 07:39:00-05:00,24.65999984741211,24.68000030517578,24.65999984741211,24.68000030517578,0,0.0,0.0
2025-05-07 07:40:00-05:00,24.670000076293945,24.670000076293945,24.6299991607666,24.6299991607666,0,0.0,0.0
2025-05-07 07:41:00-05:00,24.6299991607666,24.6299991607666,24.600000381469727,24.600000381469727,0,0.0,0.0
2025-05-07 07:42:00-05:00,24.610000610351562,24.6299991607666,24.610000610351562,24.6299991607666,0,0.0,0.0
2025-05-07 07:43:00-05:00,24.6200008392334,24.6299991607666,24.610000610351562,24.610000610351562,0,0.0,0.0
2025-05-07 07:44:00-05:00,24.600000381469727,24.6200008392334,24.59000015258789,24.6200008392334,0,0.0,0.0
2025-05-07 07:45:00-05:00,24.600000381469727,24.600000381469727,24.59000015258789,24.600000381469727,0,0.0,0.0
2025-05-07 07:46:00-05:00,24.6200008392334,24.6200008392334,24.610000610351562,24.610000610351562,0,0.0,0.0
2025-05-07 07:47:00-05:00,24.610000610351562,24.610000610351562,24.600000381469727,24.600000381469727,0,0.0,0.0
2025-05-07 07:48:00-05:00,24.600000381469727,24.65999984741211,24.600000381469727,24.65999984741211,0,0.0,0.0
2025-05-07 07:49:00-05:00,24.639999389648438,24.649999618530273,24.639999389648438,24.649999618530273,0,0.0,0.0
2025-05-07 07:50:00-05:00,24.649999618530273,24.649999618530273,24.6299991607666,24.6299991607666,0,0.0,0.0
2025-05-07 07:51:00-05:00,24.6200008392334,24.6200008392334,24.579999923706055,24.579999923706055,0,0.0,0.0
2025-05-07 07:52:00-05:00,24.56999969482422,24.56999969482422,24.549999237060547,24.549999237060547,0,0.0,0.0
2025-05-07 07:53:00-05:00,24.549999237060547,24.559999465942383,24.549999237060547,24.559999465942383,0,0.0,0.0
2025-05-07 07:54:00-05:00,24.559999465942383,24.59000015258789,24.559999465942383,24.579999923706055,0,0.0,0.0
2025-05-07 07:55:00-05:00,24.579999923706055,24.600000381469727,24.579999923706055,24.600000381469727,0,0.0,0.0
2025-05-07 07:56:00-05:00,24.649999618530273,24.670000076293945,24.649999618530273,24.649999618530273,0,0.0,0.0
2025-05-07 07:57:00-05:00,24.639999389648438,24.670000076293945,24.639999389648438,24.670000076293945,0,0.0,0.0
2025-05-07 07:58:00-05:00,24.670000076293945,24.670000076293945,24.65999984741211,24.670000076293945,0,0.0,0.0
2025-05-07 07:59:00-05:00,24.690000534057617,24.690000534057617,24.65999984741211,24.68000030517578,0,0.0,0.0
2025-05-07 08:00:00-05:00,24.68000030517578,24.700000762939453,24.649999618530273,24.700000762939453,0,0.0,0.0
2025-05-07 08:01:00-05:00,24.75,24.770000457763672,24.75,24.770000457763672,0,0.0,0.0
2025-05-07 08:02:00-05:00,24.770000457763672,24.770000457763672,24.75,24.760000228881836,0,0.0,0.0
2025-05-07 08:03:00-05:00,24.760000228881836,24.770000457763672,24.729999542236328,24.729999542236328,0,0.0,0.0
2025-05-07 08:04:00-05:00,24.739999771118164,24.770000457763672,24.739999771118164,24.770000457763672,0,0.0,0.0
2025-05-07 08:05:00-05:00,24.770000457763672,24.780000686645508,24.75,24.780000686645508,0,0.0,0.0
2025-05-07 08:06:00-05:00,24.829999923706055,24.860000610351562,24.799999237060547,24.860000610351562,0,0.0,0.0
2025-05-07 08:07:00-05:00,24.860000610351562,24.860000610351562,24.84000015258789,24.84000015258789,0,0.0,0.0
2025-05-07 08:08:00-05:00,24.850000381469727,24.850000381469727,24.829999923706055,24.850000381469727,0,0.0,0.0
2025-05-07 08:09:00-05:00,24.860000610351562,24.889999389648438,24.860000610351562,24.889999389648438,0,0.0,0.0
2025-05-07 08:10:00-05:00,24.889999389648438,24.889999389648438,24.860000610351562,24.8700008392334,0,0.0,0.0
2025-05-07 08:11:00-05:00,24.860000610351562,24.8700008392334,24.860000610351562,24.8700008392334,0,0.0,0.0
2025-05-07 08:12:00-05:00,24.860000610351562,24.889999389648438,24.860000610351562,24.889999389648438,0,0.0,0.0
2025-05-07 08:13:00-05:00,24.860000610351562,24.889999389648438,24.850000381469727,24.889999389648438,0,0.0,0.0
2025-05-07 08:14:00-05:00,24.889999389648438,24.889999389648438,24.8799991607666,24.8799991607666,0,0.0,0.0
2025-05-07 08:15:00-05:00,24.889999389648438,24.920000076293945,24.889999389648438,24.889999389648438,0,0.0,0.0
2025-05-07 08:16:00-05:00,24.850000381469727,24.850000381469727,24.829999923706055,24.829999923706055,0,0.0,0.0
2025-05-07 08:17:00-05:00,24.81999969482422,24.81999969482422,24.81999969482422,24.81999969482422,0,0.0,0.0
2025-05-07 08:18:00-05:00,24.809999465942383,24.860000610351562,24.809999465942383,24.860000610351562,0,0.0,0.0
2025-05-07 08:19:00-05:00,24.860000610351562,24.860000610351562,24.850000381469727,24.860000610351562,0,0.0,0.0
2025-05-07 08:20:00-05:00,24.850000381469727,24.8700008392334,24.850000381469727,24.8700008392334,0,0.0,0.0
2025-05-07 08:21:00-05:00,24.8700008392334,24.8799991607666,24.8700008392334,24.8700008392334,0,0.0,0.0
2025-05-07 08:22:00-05:00,24.84000015258789,24.84000015258789,24.780000686645508,24.780000686645508,0,0.0,0.0
2025-05-07 08:23:00-05:00,24.780000686645508,24.780000686645508,24.770000457763672,24.780000686645508,0,0.0,0.0
2025-05-07 08:24:00-05:00,24.780000686645508,24.829999923706055,24.780000686645508,24.81999969482422,0,0.0,0.0
2025-05-07 08:25:00-05:00,24.799999237060547,24.799999237060547,24.799999237060547,24.799999237060547,0,0.0,0.0
2025-05-07 08:32:00-05:00,24.75,24.850000381469727,24.75,24.850000381469727,0,0.0,0.0
2025-05-07 08:33:00-05:00,24.8700008392334,24.8700008392334,24.790000915527344,24.799999237060547,0,0.0,0.0
2025-05-07 08:34:00-05:00,24.790000915527344,24.8700008392334,24.790000915527344,24.81999969482422,0,0.0,0.0
2025-05-07 08:35:00-05:00,24.899999618530273,25.040000915527344,24.8700008392334,25.040000915527344,0,0.0,0.0
2025-05-07 08:36:00-05:00,25.010000228881836,25.030000686645508,24.989999771118164,24.989999771118164,0,0.0,0.0
2025-05-07 08:37:00-05:00,25.020000457763672,25.09000015258789,25.020000457763672,25.09000015258789,0,0.0,0.0
2025-05-07 08:38:00-05:00,25.100000381469727,25.139999389648438,25.079999923706055,25.079999923706055,0,0.0,0.0
2025-05-07 08:39:00-05:00,25.049999237060547,25.059999465942383,25.020000457763672,25.020000457763672,0,0.0,0.0
2025-05-07 08:40:00-05:00,25.049999237060547,25.049999237060547,24.920000076293945,24.920000076293945,0,0.0,0.0
2025-05-07 08:41:00-05:00,24.899999618530273,24.899999618530273,24.84000015258789,24.84000015258789,0,0.0,0.0
2025-05-07 08:42:00-05:00,24.860000610351562,24.860000610351562,24.850000381469727,24.860000610351562,0,0.0,0.0
2025-05-07 08:43:00-05:00,24.81999969482422,24.829999923706055,24.81999969482422,24.81999969482422,0,0.0,0.0
2025-05-07 08:44:00-05:00,24.829999923706055,24.829999923706055,24.770000457763672,24.81999969482422,0,0.0,0.0
2025-05-07 08:45:00-05:00,24.829999923706055,24.84000015258789,24.809999465942383,24.84000015258789,0,0.0,0.0
2025-05-07 08:46:00-05:00,24.8700008392334,24.899999618530273,24.829999923706055,24.8700008392334,0,0.0,0.0
2025-05-07 08:47:00-05:00,24.889999389648438,24.889999389648438,24.84000015258789,24.84000015258789,0,0.0,0.0
2025-05-07 08:48:00-05:00,24.84000015258789,24.84000015258789,24.790000915527344,24.790000915527344,0,0.0,0.0
2025-05-07 08:49:00-05:00,24.959999084472656,25.190000534057617,24.959999084472656,25.139999389648438,0,0.0,0.0
2025-05-07 08:50:00-05:00,25.1299991607666,25.1299991607666,25.030000686645508,25.040000915527344,0,0.0,0.0
2025-05-07 08:51:00-05:00,25.100000381469727,25.100000381469727,24.959999084472656,24.989999771118164,0,0.0,0.0
2025-05-07 08:52:00-05:00,25.020000457763672,25.030000686645508,24.959999084472656,24.959999084472656,0,0.0,0.0
2025-05-07 08:53:00-05:00,24.93000030517578,24.93000030517578,24.850000381469727,24.8700008392334,0,0.0,0.0
2025-05-07 08:54:00-05:00,24.899999618530273,24.940000534057617,24.899999618530273,24.920000076293945,0,0.0,0.0
2025-05-07 08:55:00-05:00,24.8700008392334,24.8700008392334,24.760000228881836,24.760000228881836,0,0.0,0.0
2025-05-07 08:56:00-05:00,24.75,24.760000228881836,24.700000762939453,24.700000762939453,0,0.0,0.0
2025-05-07 08:57:00-05:00,24.709999084472656,24.709999084472656,24.6299991607666,24.6299991607666,0,0.0,0.0
2025-05-07 08:58:00-05:00,24.649999618530273,24.690000534057617,24.649999618530273,24.670000076293945,0,0.0,0.0
2025-05-07 08:59:00-05:00,24.639999389648438,24.65999984741211,24.610000610351562,24.65999984741211,0,0.0,0.0
2025-05-07 09:00:00-05:00,24.610000610351562,24.68000030517578,24.610000610351562,24.68000030517578,0,0.0,0.0
2025-05-07 09:01:00-05:00,24.65999984741211,24.65999984741211,24.6200008392334,24.649999618530273,0,0.0,0.0
2025-05-07 09:02:00-05:00,24.6299991607666,24.670000076293945,24.6299991607666,24.639999389648438,0,0.0,0.0
2025-05-07 09:03:00-05:00,24.639999389648438,24.639999389648438,24.6200008392334,24.6200008392334,0,0.0,0.0
2025-05-07 09:04:00-05:00,24.610000610351562,24.639999389648438,24.610000610351562,24.6299991607666,0,0.0,0.0
2025-05-07 09:05:00-05:00,24.6200008392334,24.639999389648438,24.59000015258789,24.639999389648438,0,0.0,0.0
2025-05-07 09:06:00-05:00,24.690000534057617,24.690000534057617,24.600000381469727,24.600000381469727,0,0.0,0.0
2025-05-07 09:07:00-05:00,24.610000610351562,24.610000610351562,24.559999465942383,24.56999969482422,0,0.0,0.0
2025-05-07 09:08:00-05:00,24.610000610351562,24.610000610351562,24.559999465942383,24.559999465942383,0,0.0,0.0
2025-05-07 09:09:00-05:00,24.56999969482422,24.579999923706055,24.56999969482422,24.579999923706055,0,0.0,0.0
2025-05-07 09:10:00-05:00,24.56999969482422,24.56999969482422,24.520000457763672,24.520000457763672,0,0.0,0.0
2025-05-07 09:11:00-05:00,24.510000228881836,24.530000686645508,24.510000228881836,24.530000686645508,0,0.0,0.0
2025-05-07 09:12:00-05:00,24.549999237060547,24.579999923706055,24.549999237060547,24.579999923706055,0,0.0,0.0
2025-05-07 09:13:00-05:00,24.579999923706055,24.610000610351562,24.579999923706055,24.600000381469727,0,0.0,0.0
2025-05-07 09:14:00-05:00,24.530000686645508,24.559999465942383,24.530000686645508,24.530000686645508,0,0.0,0.0
2025-05-07 09:15:00-05:00,24.520000457763672,24.520000457763672,24.489999771118164,24.510000228881836,0,0.0,0.0
2025-05-07 09:16:00-05:00,24.489999771118164,24.549999237060547,24.489999771118164,24.549999237060547,0,0.0,0.0
2025-05-07 09:17:00-05:00,24.549999237060547,24.56999969482422,24.489999771118164,24.489999771118164,0,0.0,0.0
2025-05-07 09:18:00-05:00,24.459999084472656,24.489999771118164,24.440000534057617,24.489999771118164,0,0.0,0.0
2025-05-07 09:19:00-05:00,24.510000228881836,24.549999237060547,24.5,24.540000915527344,0,0.0,0.0
2025-05-07 09:20:00-05:00,24.510000228881836,24.520000457763672,24.510000228881836,24.520000457763672,0,0.0,0.0
2025-05-07 09:21:00-05:00,24.489999771118164,24.540000915527344,24.489999771118164,24.530000686645508,0,0.0,0.0
2025-05-07 09:22:00-05:00,24.520000457763672,24.6299991607666,24.520000457763672,24.6299991607666,0,0.0,0.0
2025-05-07 09:23:00-05:00,24.6299991607666,24.6299991607666,24.540000915527344,24.540000915527344,0,0.0,0.0
2025-05-07 09:24:00-05:00,24.469999313354492,24.530000686645508,24.469999313354492,24.530000686645508,0,0.0,0.0
2025-05-07 09:25:00-05:00,24.540000915527344,24.6200008392334,24.540000915527344,24.6200008392334,0,0.0,0.0
2025-05-07 09:26:00-05:00,24.579999923706055,24.59000015258789,24.56999969482422,24.56999969482422,0,0.0,0.0
2025-05-07 09:27:00-05:00,24.540000915527344,24.540000915527344,24.520000457763672,24.520000457763672,0,0.0,0.0
2025-05-07 09:28:00-05:00,24.520000457763672,24.520000457763672,24.469999313354492,24.469999313354492,0,0.0,0.0
2025-05-07 09:29:00-05:00,24.459999084472656,24.469999313354492,24.459999084472656,24.469999313354492,0,0.0,0.0
2025-05-07 09:30:00-05:00,24.469999313354492,24.479999542236328,24.469999313354492,24.469999313354492,0,0.0,0.0
2025-05-07 09:31:00-05:00,24.479999542236328,24.479999542236328,24.450000762939453,24.450000762939453,0,0.0,0.0
2025-05-07 09:32:00-05:00,24.450000762939453,24.489999771118164,24.450000762939453,24.479999542236328,0,0.0,0.0
2025-05-07 09:33:00-05:00,24.469999313354492,24.510000228881836,24.469999313354492,24.510000228881836,0,0.0,0.0
2025-05-07 09:34:00-05:00,24.479999542236328,24.530000686645508,24.479999542236328,24.530000686645508,0,0.0,0.0
2025-05-07 09:35:00-05:00,24.510000228881836,24.530000686645508,24.5,24.520000457763672,0,0.0,0.0
2025-05-07 09:36:00-05:00,24.489999771118164,24.5,24.479999542236328,24.489999771118164,0,0.0,0.0
2025-05-07 09:37:00-05:00,24.459999084472656,24.459999084472656,24.440000534057617,24.450000762939453,0,0.0,0.0
2025-05-07 09:38:00-05:00,24.440000534057617,24.459999084472656,24.440000534057617,24.450000762939453,0,0.0,0.0
2025-05-07 09:39:00-05:00,24.469999313354492,24.469999313354492,24.450000762939453,24.450000762939453,0,0.0,0.0
2025-05-07 09:40:00-05:00,24.450000762939453,24.479999542236328,24.450000762939453,24.479999542236328,0,0.0,0.0
2025-05-07 09:41:00-05:00,24.489999771118164,24.489999771118164,24.469999313354492,24.469999313354492,0,0.0,0.0
2025-05-07 09:42:00-05:00,24.459999084472656,24.469999313354492,24.440000534057617,24.469999313354492,0,0.0,0.0
2025-05-07 09:43:00-05:00,24.450000762939453,24.459999084472656,24.450000762939453,24.459999084472656,0,0.0,0.0
2025-05-07 09:44:00-05:00,24.43000030517578,24.43000030517578,24.40999984741211,24.40999984741211,0,0.0,0.0
2025-05-07 09:45:00-05:00,24.40999984741211,24.40999984741211,24.399999618530273,24.399999618530273,0,0.0,0.0
2025-05-07 09:46:00-05:00,24.389999389648438,24.440000534057617,24.389999389648438,24.399999618530273,0,0.0,0.0
2025-05-07 09:47:00-05:00,24.40999984741211,24.440000534057617,24.40999984741211,24.440000534057617,0,0.0,0.0
2025-05-07 09:48:00-05:00,24.43000030517578,24.43000030517578,24.420000076293945,24.420000076293945,0,0.0,0.0
2025-05-07 09:49:00-05:00,24.459999084472656,24.489999771118164,24.459999084472656,24.469999313354492,0,0.0,0.0
2025-05-07 09:50:00-05:00,24.489999771118164,24.530000686645508,24.459999084472656,24.5,0,0.0,0.0
2025-05-07 09:51:00-05:00,24.559999465942383,24.579999923706055,24.549999237060547,24.579999923706055,0,0.0,0.0
2025-05-07 09:52:00-05:00,24.6200008392334,24.639999389648438,24.6200008392334,24.6299991607666,0,0.0,0.0
2025-05-07 09:53:00-05:00,24.6299991607666,24.65999984741211,24.6299991607666,24.65999984741211,0,0.0,0.0
2025-05-07 09:54:00-05:00,24.709999084472656,24.889999389648438,24.709999084472656,24.8700008392334,0,0.0,0.0
2025-05-07 09:55:00-05:00,24.860000610351562,24.889999389648438,24.81999969482422,24.889999389648438,0,0.0,0.0
2025-05-07 09:56:00-05:00,24.8799991607666,24.8799991607666,24.8799991607666,24.8799991607666,0,0.0,0.0
2025-05-07 09:58:00-05:00,24.760000228881836,24.760000228881836,24.739999771118164,24.739999771118164,0,0.0,0.0
2025-05-07 09:59:00-05:00,24.790000915527344,24.790000915527344,24.729999542236328,24.760000228881836,0,0.0,0.0
2025-05-07 10:00:00-05:00,24.780000686645508,24.829999923706055,24.780000686645508,24.829999923706055,0,0.0,0.0
2025-05-07 10:01:00-05:00,24.850000381469727,24.920000076293945,24.850000381469727,24.90999984741211,0,0.0,0.0
2025-05-07 10:02:00-05:00,24.90999984741211,24.969999313354492,24.90999984741211,24.920000076293945,0,0.0,0.0
2025-05-07 10:03:00-05:00,24.959999084472656,24.979999542236328,24.959999084472656,24.959999084472656,0,0.0,0.0
2025-05-07 10:04:00-05:00,24.959999084472656,24.959999084472656,24.829999923706055,24.829999923706055,0,0.0,0.0
2025-05-07 10:05:00-05:00,24.850000381469727,24.850000381469727,24.790000915527344,24.790000915527344,0,0.0,0.0
2025-05-07 10:06:00-05:00,24.770000457763672,24.860000610351562,24.770000457763672,24.860000610351562,0,0.0,0.0
2025-05-07 10:07:00-05:00,24.850000381469727,24.950000762939453,24.850000381469727,24.899999618530273,0,0.0,0.0
2025-05-07 10:08:00-05:00,24.899999618530273,24.899999618530273,24.829999923706055,24.829999923706055,0,0.0,0.0
2025-05-07 10:09:00-05:00,24.75,24.8700008392334,24.75,24.829999923706055,0,0.0,0.0
2025-05-07 10:10:00-05:00,24.790000915527344,24.81999969482422,24.75,24.75,0,0.0,0.0
2025-05-07 10:11:00-05:00,24.780000686645508,24.790000915527344,24.780000686645508,24.790000915527344,0,0.0,0.0
2025-05-07 10:12:00-05:00,24.799999237060547,24.850000381469727,24.799999237060547,24.84000015258789,0,0.0,0.0
2025-05-07 10:13:00-05:00,24.889999389648438,25.049999237060547,24.889999389648438,25.049999237060547,0,0.0,0.0
2025-05-07 10:14:00-05:00,25.030000686645508,25.030000686645508,25.0,25.0,0,0.0,0.0
2025-05-07 10:15:00-05:00,25.010000228881836,25.010000228881836,24.969999313354492,24.989999771118164,0,0.0,0.0
2025-05-07 10:16:00-05:00,24.989999771118164,24.989999771118164,24.8700008392334,24.8799991607666,0,0.0,0.0
2025-05-07 10:17:00-05:00,24.93000030517578,24.959999084472656,24.93000030517578,24.950000762939453,0,0.0,0.0
2025-05-07 10:18:00-05:00,24.950000762939453,24.950000762939453,24.93000030517578,24.940000534057617,0,0.0,0.0
2025-05-07 10:19:00-05:00,24.940000534057617,24.950000762939453,24.940000534057617,24.940000534057617,0,0.0,0.0
2025-05-07 10:20:00-05:00,24.950000762939453,24.969999313354492,24.899999618530273,24.969999313354492,0,0.0,0.0
2025-05-07 10:21:00-05:00,24.989999771118164,24.989999771118164,24.860000610351562,24.860000610351562,0,0.0,0.0
2025-05-07 10:22:00-05:00,24.860000610351562,24.93000030517578,24.860000610351562,24.8799991607666,0,0.0,0.0
2025-05-07 10:23:00-05:00,24.8700008392334,24.8700008392334,24.850000381469727,24.8700008392334,0,0.0,0.0
2025-05-07 10:24:00-05:00,24.8799991607666,24.8799991607666,24.850000381469727,24.850000381469727,0,0.0,0.0
2025-05-07 10:25:00-05:00,24.860000610351562,24.8700008392334,24.860000610351562,24.8700008392334,0,0.0,0.0
2025-05-07 10:26:00-05:00,24.8799991607666,24.899999618530273,24.8799991607666,24.889999389648438,0,0.0,0.0
2025-05-07 10:27:00-05:00,24.8799991607666,24.899999618530273,24.860000610351562,24.889999389648438,0,0.0,0.0
2025-05-07 10:28:00-05:00,24.8799991607666,24.8799991607666,24.84000015258789,24.8799991607666,0,0.0,0.0
2025-05-07 10:29:00-05:00,24.8799991607666,24.8799991607666,24.780000686645508,24.780000686645508,0,0.0,0.0
2025-05-07 10:30:00-05:00,24.799999237060547,24.829999923706055,24.790000915527344,24.790000915527344,0,0.0,0.0
2025-05-07 10:31:00-05:00,24.799999237060547,24.809999465942383,24.780000686645508,24.790000915527344,0,0.0,0.0
2025-05-07 10:32:00-05:00,24.770000457763672,24.790000915527344,24.760000228881836,24.770000457763672,0,0.0,0.0
2025-05-07 10:33:00-05:00,24.799999237060547,24.799999237060547,24.760000228881836,24.780000686645508,0,0.0,0.0
2025-05-07 10:34:00-05:00,24.780000686645508,24.84000015258789,24.780000686645508,24.84000015258789,0,0.0,0.0
2025-05-07 10:35:00-05:00,24.850000381469727,24.850000381469727,24.790000915527344,24.790000915527344,0,0.0,0.0
2025-05-07 10:36:00-05:00,24.790000915527344,24.899999618530273,24.790000915527344,24.899999618530273,0,0.0,0.0
2025-05-07 10:37:00-05:00,24.84000015258789,24.850000381469727,24.799999237060547,24.850000381469727,0,0.0,0.0
2025-05-07 10:38:00-05:00,24.799999237060547,24.799999237060547,24.729999542236328,24.729999542236328,0,0.0,0.0
2025-05-07 10:39:00-05:00,24.729999542236328,24.75,24.729999542236328,24.75,0,0.0,0.0
2025-05-07 10:40:00-05:00,24.75,24.75,24.670000076293945,24.670000076293945,0,0.0,0.0
2025-05-07 10:41:00-05:00,24.65999984741211,24.65999984741211,24.610000610351562,24.610000610351562,0,0.0,0.0
2025-05-07 10:42:00-05:00,24.579999923706055,24.59000015258789,24.56999969482422,24.56999969482422,0,0.0,0.0
2025-05-07 10:43:00-05:00,24.579999923706055,24.579999923706055,24.520000457763672,24.520000457763672,0,0.0,0.0
2025-05-07 10:44:00-05:00,24.510000228881836,24.510000228881836,24.5,24.510000228881836,0,0.0,0.0
2025-05-07 10:45:00-05:00,24.520000457763672,24.540000915527344,24.5,24.540000915527344,0,0.0,0.0
2025-05-07 10:46:00-05:00,24.520000457763672,24.559999465942383,24.510000228881836,24.549999237060547,0,0.0,0.0
2025-05-07 10:47:00-05:00,24.579999923706055,24.709999084472656,24.579999923706055,24.709999084472656,0,0.0,0.0
2025-05-07 10:48:00-05:00,24.75,24.81999969482422,24.75,24.81999969482422,0,0.0,0.0
2025-05-07 10:49:00-05:00,24.829999923706055,24.829999923706055,24.809999465942383,24.809999465942383,0,0.0,0.0
2025-05-07 10:50:00-05:00,24.829999923706055,24.860000610351562,24.799999237060547,24.860000610351562,0,0.0,0.0
2025-05-07 10:51:00-05:00,24.850000381469727,24.850000381469727,24.760000228881836,24.760000228881836,0,0.0,0.0
2025-05-07 10:52:00-05:00,24.739999771118164,24.739999771118164,24.670000076293945,24.670000076293945,0,0.0,0.0
2025-05-07 10:53:00-05:00,24.6200008392334,24.6200008392334,24.59000015258789,24.600000381469727,0,0.0,0.0
2025-05-07 10:54:00-05:00,24.600000381469727,24.610000610351562,24.579999923706055,24.610000610351562,0,0.0,0.0
2025-05-07 10:55:00-05:00,24.6299991607666,24.6299991607666,24.610000610351562,24.610000610351562,0,0.0,0.0
2025-05-07 10:56:00-05:00,24.610000610351562,24.639999389648438,24.56999969482422,24.56999969482422,0,0.0,0.0
2025-05-07 10:57:00-05:00,24.559999465942383,24.579999923706055,24.530000686645508,24.530000686645508,0,0.0,0.0
2025-05-07 10:58:00-05:00,24.540000915527344,24.559999465942383,24.540000915527344,24.559999465942383,0,0.0,0.0
2025-05-07 10:59:00-05:00,24.559999465942383,24.56999969482422,24.530000686645508,24.530000686645508,0,0.0,0.0
2025-05-07 11:00:00-05:00,24.520000457763672,24.559999465942383,24.520000457763672,24.549999237060547,0,0.0,0.0
2025-05-07 11:01:00-05:00,24.549999237060547,24.549999237060547,24.489999771118164,24.489999771118164,0,0.0,0.0
2025-05-07 11:02:00-05:00,24.469999313354492,24.520000457763672,24.469999313354492,24.520000457763672,0,0.0,0.0
2025-05-07 11:03:00-05:00,24.5,24.510000228881836,24.479999542236328,24.479999542236328,0,0.0,0.0
2025-05-07 11:04:00-05:00,24.5,24.520000457763672,24.489999771118164,24.489999771118164,0,0.0,0.0
2025-05-07 11:05:00-05:00,24.489999771118164,24.489999771118164,24.43000030517578,24.440000534057617,0,0.0,0.0
2025-05-07 11:06:00-05:00,24.450000762939453,24.540000915527344,24.450000762939453,24.540000915527344,0,0.0,0.0
2025-05-07 11:07:00-05:00,24.559999465942383,24.59000015258789,24.489999771118164,24.489999771118164,0,0.0,0.0
2025-05-07 11:08:00-05:00,24.469999313354492,24.549999237060547,24.469999313354492,24.510000228881836,0,0.0,0.0
2025-05-07 11:09:00-05:00,24.489999771118164,24.489999771118164,24.479999542236328,24.489999771118164,0,0.0,0.0
2025-05-07 11:10:00-05:00,24.489999771118164,24.5,24.450000762939453,24.450000762939453,0,0.0,0.0
2025-05-07 11:11:00-05:00,24.459999084472656,24.510000228881836,24.459999084472656,24.510000228881836,0,0.0,0.0
2025-05-07 11:12:00-05:00,24.540000915527344,24.540000915527344,24.530000686645508,24.540000915527344,0,0.0,0.0
2025-05-07 11:13:00-05:00,24.549999237060547,24.56999969482422,24.540000915527344,24.549999237060547,0,0.0,0.0
2025-05-07 11:14:00-05:00,24.530000686645508,24.540000915527344,24.530000686645508,24.540000915527344,0,0.0,0.0
2025-05-07 11:15:00-05:00,24.530000686645508,24.559999465942383,24.530000686645508,24.559999465942383,0,0.0,0.0
2025-05-07 11:16:00-05:00,24.559999465942383,24.59000015258789,24.559999465942383,24.59000015258789,0,0.0,0.0
2025-05-07 11:17:00-05:00,24.56999969482422,24.59000015258789,24.479999542236328,24.479999542236328,0,0.0,0.0
2025-05-07 11:18:00-05:00,24.469999313354492,24.510000228881836,24.469999313354492,24.510000228881836,0,0.0,0.0
2025-05-07 11:19:00-05:00,24.510000228881836,24.510000228881836,24.450000762939453,24.450000762939453,0,0.0,0.0
2025-05-07 11:20:00-05:00,24.43000030517578,24.469999313354492,24.43000030517578,24.459999084472656,0,0.0,0.0
2025-05-07 11:21:00-05:00,24.459999084472656,24.600000381469727,24.459999084472656,24.59000015258789,0,0.0,0.0
2025-05-07 11:22:00-05:00,24.59000015258789,24.6200008392334,24.59000015258789,24.6200008392334,0,0.0,0.0
2025-05-07 11:23:00-05:00,24.649999618530273,24.670000076293945,24.649999618530273,24.670000076293945,0,0.0,0.0
2025-05-07 11:24:00-05:00,24.649999618530273,24.670000076293945,24.639999389648438,24.639999389648438,0,0.0,0.0
2025-05-07 11:25:00-05:00,24.649999618530273,24.649999618530273,24.600000381469727,24.600000381469727,0,0.0,0.0
2025-05-07 11:26:00-05:00,24.600000381469727,24.610000610351562,24.600000381469727,24.600000381469727,0,0.0,0.0
2025-05-07 11:27:00-05:00,24.639999389648438,24.649999618530273,24.6299991607666,24.6299991607666,0,0.0,0.0
2025-05-07 11:28:00-05:00,24.6299991607666,24.709999084472656,24.6299991607666,24.709999084472656,0,0.0,0.0
2025-05-07 11:29:00-05:00,24.719999313354492,24.739999771118164,24.719999313354492,24.739999771118164,0,0.0,0.0
2025-05-07 11:30:00-05:00,24.739999771118164,24.739999771118164,24.719999313354492,24.729999542236328,0,0.0,0.0
2025-05-07 11:31:00-05:00,24.780000686645508,24.780000686645508,24.700000762939453,24.75,0,0.0,0.0
2025-05-07 11:32:00-05:00,24.75,24.75,24.690000534057617,24.690000534057617,0,0.0,0.0
2025-05-07 11:33:00-05:00,24.700000762939453,24.700000762939453,24.670000076293945,24.670000076293945,0,0.0,0.0
2025-05-07 11:34:00-05:00,24.670000076293945,24.690000534057617,24.670000076293945,24.68000030517578,0,0.0,0.0
2025-05-07 11:35:00-05:00,24.68000030517578,24.700000762939453,24.68000030517578,24.68000030517578,0,0.0,0.0
2025-05-07 11:36:00-05:00,24.690000534057617,24.690000534057617,24.649999618530273,24.649999618530273,0,0.0,0.0
2025-05-07 11:37:00-05:00,24.670000076293945,24.690000534057617,24.670000076293945,24.68000030517578,0,0.0,0.0
2025-05-07 11:38:00-05:00,24.670000076293945,24.670000076293945,24.65999984741211,24.65999984741211,0,0.0,0.0
2025-05-07 11:39:00-05:00,24.6299991607666,24.6299991607666,24.59000015258789,24.59000015258789,0,0.0,0.0
2025-05-07 11:40:00-05:00,24.59000015258789,24.59000015258789,24.5,24.5,0,0.0,0.0
2025-05-07 11:41:00-05:00,24.479999542236328,24.479999542236328,24.420000076293945,24.420000076293945,0,0.0,0.0
2025-05-07 11:42:00-05:00,24.440000534057617,24.440000534057617,24.389999389648438,24.389999389648438,0,0.0,0.0
2025-05-07 11:43:00-05:00,24.479999542236328,24.479999542236328,24.43000030517578,24.459999084472656,0,0.0,0.0
2025-05-07 11:44:00-05:00,24.450000762939453,24.450000762939453,24.40999984741211,24.40999984741211,0,0.0,0.0
2025-05-07 11:45:00-05:00,24.389999389648438,24.389999389648438,24.3700008392334,24.3700008392334,0,0.0,0.0
2025-05-07 11:46:00-05:00,24.3799991607666,24.399999618530273,24.3799991607666,24.399999618530273,0,0.0,0.0
2025-05-07 11:47:00-05:00,24.40999984741211,24.40999984741211,24.360000610351562,24.360000610351562,0,0.0,0.0
2025-05-07 11:48:00-05:00,24.3700008392334,24.3700008392334,24.31999969482422,24.350000381469727,0,0.0,0.0
2025-05-07 11:49:00-05:00,24.360000610351562,24.360000610351562,24.34000015258789,24.360000610351562,0,0.0,0.0
2025-05-07 11:50:00-05:00,24.360000610351562,24.360000610351562,24.34000015258789,24.360000610351562,0,0.0,0.0
2025-05-07 11:51:00-05:00,24.360000610351562,24.389999389648438,24.360000610351562,24.360000610351562,0,0.0,0.0
2025-05-07 11:52:00-05:00,24.350000381469727,24.350000381469727,24.309999465942383,24.309999465942383,0,0.0,0.0
2025-05-07 11:53:00-05:00,24.290000915527344,24.309999465942383,24.280000686645508,24.280000686645508,0,0.0,0.0
2025-05-07 11:54:00-05:00,24.280000686645508,24.280000686645508,24.239999771118164,24.260000228881836,0,0.0,0.0
2025-05-07 11:55:00-05:00,24.260000228881836,24.260000228881836,24.239999771118164,24.25,0,0.0,0.0
2025-05-07 11:56:00-05:00,24.239999771118164,24.239999771118164,24.190000534057617,24.190000534057617,0,0.0,0.0
2025-05-07 11:57:00-05:00,24.170000076293945,24.190000534057617,24.170000076293945,24.190000534057617,0,0.0,0.0
2025-05-07 11:58:00-05:00,24.18000030517578,24.229999542236328,24.18000030517578,24.229999542236328,0,0.0,0.0
2025-05-07 11:59:00-05:00,24.209999084472656,24.229999542236328,24.200000762939453,24.229999542236328,0,0.0,0.0
2025-05-07 12:00:00-05:00,24.209999084472656,24.239999771118164,24.209999084472656,24.229999542236328,0,0.0,0.0
2025-05-07 12:01:00-05:00,24.219999313354492,24.219999313354492,24.200000762939453,24.219999313354492,0,0.0,0.0
2025-05-07 12:02:00-05:00,24.239999771118164,24.25,24.229999542236328,24.25,0,0.0,0.0
2025-05-07 12:03:00-05:00,24.229999542236328,24.229999542236328,24.18000030517578,24.18000030517578,0,0.0,0.0
2025-05-07 12:04:00-05:00,24.170000076293945,24.190000534057617,24.170000076293945,24.18000030517578,0,0.0,0.0
2025-05-07 12:05:00-05:00,24.190000534057617,24.209999084472656,24.190000534057617,24.190000534057617,0,0.0,0.0
2025-05-07 12:06:00-05:00,24.190000534057617,24.190000534057617,24.18000030517578,24.190000534057617,0,0.0,0.0
2025-05-07 12:07:00-05:00,24.190000534057617,24.190000534057617,24.18000030517578,24.190000534057617,0,0.0,0.0
2025-05-07 12:08:00-05:00,24.190000534057617,24.209999084472656,24.18000030517578,24.209999084472656,0,0.0,0.0
2025-05-07 12:09:00-05:00,24.229999542236328,24.239999771118164,24.229999542236328,24.229999542236328,0,0.0,0.0
2025-05-07 12:10:00-05:00,24.229999542236328,24.229999542236328,24.200000762939453,24.209999084472656,0,0.0,0.0
2025-05-07 12:11:00-05:00,24.209999084472656,24.219999313354492,24.209999084472656,24.209999084472656,0,0.0,0.0
2025-05-07 12:12:00-05:00,24.219999313354492,24.229999542236328,24.209999084472656,24.209999084472656,0,0.0,0.0
2025-05-07 12:13:00-05:00,24.209999084472656,24.209999084472656,24.149999618530273,24.149999618530273,0,0.0,0.0
2025-05-07 12:14:00-05:00,24.139999389648438,24.149999618530273,24.139999389648438,24.139999389648438,0,0.0,0.0
2025-05-07 12:15:00-05:00,24.139999389648438,24.18000030517578,24.139999389648438,24.18000030517578,0,0.0,0.0
2025-05-07 12:16:00-05:00,24.170000076293945,24.170000076293945,24.149999618530273,24.149999618530273,0,0.0,0.0
2025-05-07 12:17:00-05:00,24.170000076293945,24.209999084472656,24.170000076293945,24.209999084472656,0,0.0,0.0
2025-05-07 12:18:00-05:00,24.229999542236328,24.229999542236328,24.200000762939453,24.209999084472656,0,0.0,0.0
2025-05-07 12:19:00-05:00,24.219999313354492,24.229999542236328,24.219999313354492,24.229999542236328,0,0.0,0.0
2025-05-07 12:20:00-05:00,24.239999771118164,24.309999465942383,24.239999771118164,24.309999465942383,0,0.0,0.0
2025-05-07 12:21:00-05:00,24.31999969482422,24.360000610351562,24.31999969482422,24.350000381469727,0,0.0,0.0
2025-05-07 12:22:00-05:00,24.31999969482422,24.329999923706055,24.31999969482422,24.31999969482422,0,0.0,0.0
2025-05-07 12:23:00-05:00,24.31999969482422,24.31999969482422,24.280000686645508,24.309999465942383,0,0.0,0.0
2025-05-07 12:24:00-05:00,24.25,24.25,24.200000762939453,24.209999084472656,0,0.0,0.0
2025-05-07 12:25:00-05:00,24.209999084472656,24.239999771118164,24.209999084472656,24.219999313354492,0,0.0,0.0
2025-05-07 12:26:00-05:00,24.229999542236328,24.270000457763672,24.229999542236328,24.260000228881836,0,0.0,0.0
2025-05-07 12:27:00-05:00,24.270000457763672,24.270000457763672,24.260000228881836,24.260000228881836,0,0.0,0.0
2025-05-07 12:28:00-05:00,24.260000228881836,24.280000686645508,24.260000228881836,24.280000686645508,0,0.0,0.0
2025-05-07 12:29:00-05:00,24.290000915527344,24.309999465942383,24.290000915527344,24.309999465942383,0,0.0,0.0
2025-05-07 12:30:00-05:00,24.309999465942383,24.31999969482422,24.309999465942383,24.31999969482422,0,0.0,0.0
2025-05-07 12:31:00-05:00,24.299999237060547,24.329999923706055,24.280000686645508,24.309999465942383,0,0.0,0.0
2025-05-07 12:32:00-05:00,24.290000915527344,24.360000610351562,24.290000915527344,24.360000610351562,0,0.0,0.0
2025-05-07 12:33:00-05:00,24.360000610351562,24.399999618530273,24.360000610351562,24.399999618530273,0,0.0,0.0
2025-05-07 12:34:00-05:00,24.399999618530273,24.420000076293945,24.389999389648438,24.420000076293945,0,0.0,0.0
2025-05-07 12:35:00-05:00,24.43000030517578,24.520000457763672,24.43000030517578,24.520000457763672,0,0.0,0.0
2025-05-07 12:36:00-05:00,24.520000457763672,24.56999969482422,24.510000228881836,24.510000228881836,0,0.0,0.0
2025-05-07 12:37:00-05:00,24.549999237060547,24.56999969482422,24.540000915527344,24.56999969482422,0,0.0,0.0
2025-05-07 12:38:00-05:00,24.56999969482422,24.579999923706055,24.559999465942383,24.559999465942383,0,0.0,0.0
2025-05-07 12:39:00-05:00,24.510000228881836,24.540000915527344,24.510000228881836,24.530000686645508,0,0.0,0.0
2025-05-07 12:40:00-05:00,24.510000228881836,24.549999237060547,24.510000228881836,24.549999237060547,0,0.0,0.0
2025-05-07 12:41:00-05:00,24.530000686645508,24.549999237060547,24.520000457763672,24.530000686645508,0,0.0,0.0
2025-05-07 12:42:00-05:00,24.520000457763672,24.530000686645508,24.479999542236328,24.479999542236328,0,0.0,0.0
2025-05-07 12:43:00-05:00,24.469999313354492,24.469999313354492,24.450000762939453,24.459999084472656,0,0.0,0.0
2025-05-07 12:44:00-05:00,24.489999771118164,24.520000457763672,24.489999771118164,24.520000457763672,0,0.0,0.0
2025-05-07 12:45:00-05:00,24.540000915527344,24.540000915527344,24.510000228881836,24.510000228881836,0,0.0,0.0
2025-05-07 12:46:00-05:00,24.5,24.5,24.420000076293945,24.420000076293945,0,0.0,0.0
2025-05-07 12:47:00-05:00,24.420000076293945,24.420000076293945,24.40999984741211,24.420000076293945,0,0.0,0.0
2025-05-07 12:48:00-05:00,24.420000076293945,24.43000030517578,24.420000076293945,24.43000030517578,0,0.0,0.0
2025-05-07 12:49:00-05:00,24.440000534057617,24.440000534057617,24.440000534057617,24.440000534057617,0,0.0,0.0
2025-05-07 12:50:00-05:00,24.43000030517578,24.440000534057617,24.399999618530273,24.440000534057617,0,0.0,0.0
2025-05-07 12:51:00-05:00,24.450000762939453,24.450000762939453,24.420000076293945,24.420000076293945,0,0.0,0.0
2025-05-07 12:52:00-05:00,24.229999542236328,24.799999237060547,24.229999542236328,24.799999237060547,0,0.0,0.0
2025-05-07 12:53:00-05:00,24.829999923706055,25.010000228881836,24.829999923706055,24.93000030517578,0,0.0,0.0
2025-05-07 12:54:00-05:00,24.799999237060547,24.969999313354492,24.799999237060547,24.940000534057617,0,0.0,0.0
2025-05-07 12:55:00-05:00,24.90999984741211,25.020000457763672,24.90999984741211,25.020000457763672,0,0.0,0.0
2025-05-07 12:56:00-05:00,25.010000228881836,25.030000686645508,24.979999542236328,25.030000686645508,0,0.0,0.0
2025-05-07 12:57:00-05:00,25.030000686645508,25.030000686645508,24.969999313354492,24.969999313354492,0,0.0,0.0
2025-05-07 12:58:00-05:00,24.940000534057617,24.940000534057617,24.809999465942383,24.809999465942383,0,0.0,0.0
2025-05-07 12:59:00-05:00,24.809999465942383,24.8700008392334,24.809999465942383,24.8700008392334,0,0.0,0.0
2025-05-07 13:00:00-05:00,24.8700008392334,25.020000457763672,24.6200008392334,24.729999542236328,0,0.0,0.0
2025-05-07 13:01:00-05:00,24.729999542236328,24.729999542236328,24.6200008392334,24.6200008392334,0,0.0,0.0
2025-05-07 13:02:00-05:00,24.520000457763672,24.520000457763672,24.440000534057617,24.5,0,0.0,0.0
2025-05-07 13:03:00-05:00,24.510000228881836,24.6299991607666,24.510000228881836,24.6299991607666,0,0.0,0.0
2025-05-07 13:04:00-05:00,24.639999389648438,24.68000030517578,24.639999389648438,24.670000076293945,0,0.0,0.0
2025-05-07 13:05:00-05:00,24.68000030517578,24.81999969482422,24.68000030517578,24.81999969482422,0,0.0,0.0
2025-05-07 13:06:00-05:00,24.899999618530273,25.270000457763672,24.899999618530273,25.270000457763672,0,0.0,0.0
2025-05-07 13:07:00-05:00,25.309999465942383,25.40999984741211,25.190000534057617,25.190000534057617,0,0.0,0.0
2025-05-07 13:08:00-05:00,25.280000686645508,25.540000915527344,25.280000686645508,25.540000915527344,0,0.0,0.0
2025-05-07 13:09:00-05:00,25.600000381469727,25.6200008392334,25.600000381469727,25.600000381469727,0,0.0,0.0
2025-05-07 13:10:00-05:00,25.579999923706055,25.600000381469727,25.450000762939453,25.450000762939453,0,0.0,0.0
2025-05-07 13:11:00-05:00,25.399999618530273,25.420000076293945,25.309999465942383,25.420000076293945,0,0.0,0.0
2025-05-07 13:12:00-05:00,25.510000228881836,25.559999465942383,25.459999084472656,25.459999084472656,0,0.0,0.0
2025-05-07 13:13:00-05:00,25.479999542236328,25.479999542236328,25.450000762939453,25.459999084472656,0,0.0,0.0
2025-05-07 13:14:00-05:00,25.459999084472656,25.510000228881836,25.450000762939453,25.510000228881836,0,0.0,0.0
2025-05-07 13:15:00-05:00,25.510000228881836,25.59000015258789,25.510000228881836,25.579999923706055,0,0.0,0.0
2025-05-07 13:16:00-05:00,25.540000915527344,25.610000610351562,25.540000915527344,25.600000381469727,0,0.0,0.0
2025-05-07 13:17:00-05:00,25.540000915527344,25.540000915527344,25.350000381469727,25.350000381469727,0,0.0,0.0
2025-05-07 13:18:00-05:00,25.34000015258789,25.34000015258789,25.270000457763672,25.34000015258789,0,0.0,0.0
2025-05-07 13:19:00-05:00,25.280000686645508,25.31999969482422,25.260000228881836,25.270000457763672,0,0.0,0.0
2025-05-07 13:20:00-05:00,25.200000762939453,25.200000762939453,25.030000686645508,25.059999465942383,0,0.0,0.0
2025-05-07 13:21:00-05:00,25.0,25.06999969482422,24.979999542236328,25.030000686645508,0,0.0,0.0
2025-05-07 13:22:00-05:00,25.1299991607666,25.239999771118164,25.110000610351562,25.110000610351562,0,0.0,0.0
2025-05-07 13:23:00-05:00,25.059999465942383,25.09000015258789,25.059999465942383,25.09000015258789,0,0.0,0.0
2025-05-07 13:24:00-05:00,25.100000381469727,25.139999389648438,25.049999237060547,25.139999389648438,0,0.0,0.0
2025-05-07 13:25:00-05:00,25.18000030517578,25.18000030517578,25.1299991607666,25.1299991607666,0,0.0,0.0
2025-05-07 13:26:00-05:00,25.1299991607666,25.139999389648438,25.110000610351562,25.110000610351562,0,0.0,0.0
2025-05-07 13:27:00-05:00,25.100000381469727,25.100000381469727,24.93000030517578,24.93000030517578,0,0.0,0.0
2025-05-07 13:28:00-05:00,24.920000076293945,24.93000030517578,24.920000076293945,24.920000076293945,0,0.0,0.0
2025-05-07 13:29:00-05:00,24.90999984741211,24.989999771118164,24.90999984741211,24.989999771118164,0,0.0,0.0
2025-05-07 13:30:00-05:00,25.0,25.09000015258789,25.0,25.09000015258789,0,0.0,0.0
2025-05-07 13:31:00-05:00,25.049999237060547,25.049999237060547,24.81999969482422,24.81999969482422,0,0.0,0.0
2025-05-07 13:32:00-05:00,24.799999237060547,24.799999237060547,24.6200008392334,24.670000076293945,0,0.0,0.0
2025-05-07 13:33:00-05:00,24.6200008392334,24.6200008392334,24.549999237060547,24.600000381469727,0,0.0,0.0
2025-05-07 13:34:00-05:00,24.579999923706055,24.579999923706055,24.530000686645508,24.530000686645508,0,0.0,0.0
2025-05-07 13:35:00-05:00,24.559999465942383,24.670000076293945,24.559999465942383,24.670000076293945,0,0.0,0.0
2025-05-07 13:36:00-05:00,24.700000762939453,24.700000762939453,24.520000457763672,24.520000457763672,0,0.0,0.0
2025-05-07 13:37:00-05:00,24.479999542236328,24.479999542236328,24.309999465942383,24.309999465942383,0,0.0,0.0
2025-05-07 13:38:00-05:00,24.31999969482422,24.40999984741211,24.31999969482422,24.360000610351562,0,0.0,0.0
2025-05-07 13:39:00-05:00,24.420000076293945,24.520000457763672,24.420000076293945,24.440000534057617,0,0.0,0.0
2025-05-07 13:40:00-05:00,24.360000610351562,24.3700008392334,24.34000015258789,24.34000015258789,0,0.0,0.0
2025-05-07 13:41:00-05:00,24.350000381469727,24.479999542236328,24.34000015258789,24.459999084472656,0,0.0,0.0
2025-05-07 13:42:00-05:00,24.3799991607666,24.450000762939453,24.34000015258789,24.34000015258789,0,0.0,0.0
2025-05-07 13:43:00-05:00,24.350000381469727,24.40999984741211,24.350000381469727,24.40999984741211,0,0.0,0.0
2025-05-07 13:44:00-05:00,24.350000381469727,24.520000457763672,24.350000381469727,24.520000457763672,0,0.0,0.0
2025-05-07 13:45:00-05:00,24.459999084472656,24.469999313354492,24.420000076293945,24.469999313354492,0,0.0,0.0
2025-05-07 13:46:00-05:00,24.56999969482422,24.65999984741211,24.56999969482422,24.65999984741211,0,0.0,0.0
2025-05-07 13:47:00-05:00,24.65999984741211,24.729999542236328,24.610000610351562,24.729999542236328,0,0.0,0.0
2025-05-07 13:48:00-05:00,24.700000762939453,24.8799991607666,24.700000762939453,24.8799991607666,0,0.0,0.0
2025-05-07 13:49:00-05:00,24.920000076293945,25.06999969482422,24.899999618530273,24.899999618530273,0,0.0,0.0
2025-05-07 13:50:00-05:00,24.8799991607666,24.899999618530273,24.739999771118164,24.899999618530273,0,0.0,0.0
2025-05-07 13:51:00-05:00,24.90999984741211,24.90999984741211,24.850000381469727,24.850000381469727,0,0.0,0.0
2025-05-07 13:52:00-05:00,24.860000610351562,24.90999984741211,24.790000915527344,24.90999984741211,0,0.0,0.0
2025-05-07 13:53:00-05:00,24.93000030517578,24.989999771118164,24.790000915527344,24.790000915527344,0,0.0,0.0
2025-05-07 13:54:00-05:00,24.90999984741211,24.90999984741211,24.700000762939453,24.700000762939453,0,0.0,0.0
2025-05-07 13:55:00-05:00,24.709999084472656,24.709999084472656,24.440000534057617,24.440000534057617,0,0.0,0.0
2025-05-07 13:56:00-05:00,24.3799991607666,24.389999389648438,24.260000228881836,24.260000228881836,0,0.0,0.0
2025-05-07 13:57:00-05:00,24.15999984741211,24.15999984741211,23.950000762939453,23.950000762939453,0,0.0,0.0
2025-05-07 13:58:00-05:00,23.920000076293945,23.920000076293945,23.860000610351562,23.90999984741211,0,0.0,0.0
2025-05-07 13:59:00-05:00,24.020000457763672,24.020000457763672,23.940000534057617,23.940000534057617,0,0.0,0.0
2025-05-07 14:00:00-05:00,23.950000762939453,24.09000015258789,23.950000762939453,24.059999465942383,0,0.0,0.0
2025-05-07 14:01:00-05:00,24.079999923706055,24.09000015258789,23.989999771118164,24.09000015258789,0,0.0,0.0
2025-05-07 14:02:00-05:00,24.079999923706055,24.190000534057617,24.079999923706055,24.190000534057617,0,0.0,0.0
2025-05-07 14:03:00-05:00,24.239999771118164,24.239999771118164,24.1299991607666,24.170000076293945,0,0.0,0.0
2025-05-07 14:04:00-05:00,24.15999984741211,24.15999984741211,24.079999923706055,24.079999923706055,0,0.0,0.0
2025-05-07 14:05:00-05:00,24.06999969482422,24.170000076293945,24.06999969482422,24.170000076293945,0,0.0,0.0
2025-05-07 14:06:00-05:00,24.139999389648438,24.18000030517578,24.06999969482422,24.06999969482422,0,0.0,0.0
2025-05-07 14:07:00-05:00,24.030000686645508,24.09000015258789,24.020000457763672,24.079999923706055,0,0.0,0.0
2025-05-07 14:08:00-05:00,24.030000686645508,24.040000915527344,23.979999542236328,23.979999542236328,0,0.0,0.0
2025-05-07 14:09:00-05:00,23.899999618530273,23.940000534057617,23.860000610351562,23.940000534057617,0,0.0,0.0
2025-05-07 14:10:00-05:00,23.90999984741211,23.989999771118164,23.90999984741211,23.989999771118164,0,0.0,0.0
2025-05-07 14:11:00-05:00,24.030000686645508,24.219999313354492,24.030000686645508,24.209999084472656,0,0.0,0.0
2025-05-07 14:12:00-05:00,24.219999313354492,24.229999542236328,24.15999984741211,24.190000534057617,0,0.0,0.0
2025-05-07 14:13:00-05:00,24.1200008392334,24.1200008392334,24.020000457763672,24.030000686645508,0,0.0,0.0
2025-05-07 14:14:00-05:00,24.049999237060547,24.09000015258789,24.020000457763672,24.049999237060547,0,0.0,0.0
2025-05-07 14:15:00-05:00,24.09000015258789,24.09000015258789,24.030000686645508,24.079999923706055,0,0.0,0.0
2025-05-07 14:16:00-05:00,24.059999465942383,24.09000015258789,24.0,24.09000015258789,0,0.0,0.0
2025-05-07 14:17:00-05:00,24.15999984741211,24.239999771118164,24.110000610351562,24.110000610351562,0,0.0,0.0
2025-05-07 14:18:00-05:00,24.190000534057617,24.290000915527344,24.190000534057617,24.25,0,0.0,0.0
2025-05-07 14:19:00-05:00,24.209999084472656,24.209999084472656,24.040000915527344,24.040000915527344,0,0.0,0.0
2025-05-07 14:20:00-05:00,23.989999771118164,24.06999969482422,23.989999771118164,24.06999969482422,0,0.0,0.0
2025-05-07 14:21:00-05:00,24.049999237060547,24.110000610351562,24.049999237060547,24.110000610351562,0,0.0,0.0
2025-05-07 14:22:00-05:00,24.010000228881836,24.06999969482422,24.010000228881836,24.030000686645508,0,0.0,0.0
2025-05-07 14:23:00-05:00,24.06999969482422,24.09000015258789,24.040000915527344,24.09000015258789,0,0.0,0.0
2025-05-07 14:24:00-05:00,24.100000381469727,24.209999084472656,24.100000381469727,24.139999389648438,0,0.0,0.0
2025-05-07 14:25:00-05:00,24.18000030517578,24.3700008392334,24.18000030517578,24.3700008392334,0,0.0,0.0
2025-05-07 14:26:00-05:00,24.31999969482422,24.40999984741211,24.31999969482422,24.40999984741211,0,0.0,0.0
2025-05-07 14:27:00-05:00,24.510000228881836,24.600000381469727,24.510000228881836,24.600000381469727,0,0.0,0.0
2025-05-07 14:28:00-05:00,24.549999237060547,24.600000381469727,24.540000915527344,24.540000915527344,0,0.0,0.0
2025-05-07 14:29:00-05:00,24.5,24.600000381469727,24.5,24.579999923706055,0,0.0,0.0
2025-05-07 14:30:00-05:00,24.59000015258789,24.6299991607666,24.520000457763672,24.520000457763672,0,0.0,0.0
2025-05-07 14:31:00-05:00,24.549999237060547,24.59000015258789,24.540000915527344,24.549999237060547,0,0.0,0.0
2025-05-07 14:32:00-05:00,24.489999771118164,24.559999465942383,24.489999771118164,24.559999465942383,0,0.0,0.0
2025-05-07 14:33:00-05:00,24.559999465942383,24.559999465942383,24.489999771118164,24.489999771118164,0,0.0,0.0
2025-05-07 14:34:00-05:00,24.520000457763672,24.65999984741211,24.520000457763672,24.65999984741211,0,0.0,0.0
2025-05-07 14:35:00-05:00,24.68000030517578,24.68000030517578,24.639999389648438,24.639999389648438,0,0.0,0.0
2025-05-07 14:36:00-05:00,24.6299991607666,24.6299991607666,24.479999542236328,24.489999771118164,0,0.0,0.0
2025-05-07 14:37:00-05:00,24.420000076293945,24.420000076293945,24.350000381469727,24.350000381469727,0,0.0,0.0
2025-05-07 14:38:00-05:00,24.280000686645508,24.360000610351562,24.280000686645508,24.360000610351562,0,0.0,0.0
2025-05-07 14:39:00-05:00,24.40999984741211,24.440000534057617,24.3799991607666,24.389999389648438,0,0.0,0.0
2025-05-07 14:40:00-05:00,24.350000381469727,24.350000381469727,24.270000457763672,24.34000015258789,0,0.0,0.0
2025-05-07 14:41:00-05:00,24.31999969482422,24.360000610351562,24.06999969482422,24.06999969482422,0,0.0,0.0
2025-05-07 14:42:00-05:00,23.84000015258789,23.84000015258789,23.420000076293945,23.420000076293945,0,0.0,0.0
2025-05-07 14:43:00-05:00,23.440000534057617,23.440000534057617,23.290000915527344,23.3700008392334,0,0.0,0.0
2025-05-07 14:44:00-05:00,23.469999313354492,23.639999389648438,23.459999084472656,23.639999389648438,0,0.0,0.0
2025-05-07 14:45:00-05:00,23.6299991607666,23.6299991607666,23.5,23.600000381469727,0,0.0,0.0
2025-05-07 14:46:00-05:00,23.6200008392334,23.790000915527344,23.6200008392334,23.760000228881836,0,0.0,0.0
2025-05-07 14:47:00-05:00,23.84000015258789,24.010000228881836,23.84000015258789,23.959999084472656,0,0.0,0.0
2025-05-07 14:48:00-05:00,23.940000534057617,23.940000534057617,23.739999771118164,23.739999771118164,0,0.0,0.0
2025-05-07 14:49:00-05:00,23.829999923706055,23.979999542236328,23.829999923706055,23.979999542236328,0,0.0,0.0
2025-05-07 14:50:00-05:00,24.030000686645508,24.260000228881836,24.030000686645508,24.260000228881836,0,0.0,0.0
2025-05-07 14:51:00-05:00,24.350000381469727,24.350000381469727,24.1200008392334,24.1200008392334,0,0.0,0.0
2025-05-07 14:52:00-05:00,24.06999969482422,24.06999969482422,23.969999313354492,23.989999771118164,0,0.0,0.0
2025-05-07 14:53:00-05:00,23.90999984741211,23.940000534057617,23.90999984741211,23.93000030517578,0,0.0,0.0
2025-05-07 14:54:00-05:00,23.940000534057617,23.989999771118164,23.93000030517578,23.93000030517578,0,0.0,0.0
2025-05-07 14:55:00-05:00,24.020000457763672,24.020000457763672,23.8700008392334,23.8700008392334,0,0.0,0.0
2025-05-07 14:56:00-05:00,23.829999923706055,23.829999923706055,23.770000457763672,23.799999237060547,0,0.0,0.0
2025-05-07 14:57:00-05:00,23.799999237060547,23.799999237060547,23.739999771118164,23.739999771118164,0,0.0,0.0
2025-05-07 14:58:00-05:00,23.729999542236328,23.780000686645508,23.729999542236328,23.729999542236328,0,0.0,0.0
2025-05-07 14:59:00-05:00,23.719999313354492,23.719999313354492,23.6200008392334,23.639999389648438,0,0.0,0.0
2025-05-07 15:00:00-05:00,23.719999313354492,23.719999313354492,23.549999237060547,23.549999237060547,0,0.0,0.0
2025-05-07 15:02:00-05:00,23.540000915527344,23.600000381469727,23.540000915527344,23.600000381469727,0,0.0,0.0
2025-05-07 15:03:00-05:00,23.610000610351562,23.610000610351562,23.600000381469727,23.610000610351562,0,0.0,0.0
2025-05-07 15:04:00-05:00,23.59000015258789,23.59000015258789,23.549999237060547,23.549999237060547,0,0.0,0.0
2025-05-07 15:05:00-05:00,23.56999969482422,23.56999969482422,23.530000686645508,23.530000686645508,0,0.0,0.0
2025-05-07 15:06:00-05:00,23.549999237060547,23.610000610351562,23.549999237060547,23.610000610351562,0,0.0,0.0
2025-05-07 15:07:00-05:00,23.610000610351562,23.6299991607666,23.600000381469727,23.600000381469727,0,0.0,0.0
2025-05-07 15:08:00-05:00,23.649999618530273,23.649999618530273,23.6299991607666,23.639999389648438,0,0.0,0.0
2025-05-07 15:09:00-05:00,23.639999389648438,23.68000030517578,23.639999389648438,23.670000076293945,0,0.0,0.0
2025-05-07 15:10:00-05:00,23.65999984741211,23.670000076293945,23.649999618530273,23.670000076293945,0,0.0,0.0
2025-05-07 15:11:00-05:00,23.639999389648438,23.639999389648438,23.6200008392334,23.6200008392334,0,0.0,0.0
2025-05-07 15:12:00-05:00,23.610000610351562,23.610000610351562,23.59000015258789,23.610000610351562,0,0.0,0.0
2025-05-07 15:13:00-05:00,23.610000610351562,23.610000610351562,23.600000381469727,23.610000610351562,0,0.0,0.0
2025-05-07 15:14:00-05:00,23.610000610351562,23.610000610351562,23.56999969482422,23.56999969482422,0,0.0,0.0
2025-05-08 02:15:00-05:00,22.84000015258789,22.860000610351562,22.829999923706055,22.829999923706055,0,0.0,0.0
2025-05-08 02:16:00-05:00,22.829999923706055,22.850000381469727,22.829999923706055,22.84000015258789,0,0.0,0.0
2025-05-08 02:17:00-05:00,22.84000015258789,22.850000381469727,22.829999923706055,22.850000381469727,0,0.0,0.0
2025-05-08 02:18:00-05:00,22.84000015258789,22.84000015258789,22.84000015258789,22.84000015258789,0,0.0,0.0
2025-05-08 02:19:00-05:00,22.84000015258789,22.84000015258789,22.809999465942383,22.809999465942383,0,0.0,0.0
2025-05-08 02:20:00-05:00,22.809999465942383,22.809999465942383,22.799999237060547,22.799999237060547,0,0.0,0.0
2025-05-08 02:21:00-05:00,22.799999237060547,22.81999969482422,22.799999237060547,22.81999969482422,0,0.0,0.0
2025-05-08 02:22:00-05:00,22.81999969482422,22.829999923706055,22.81999969482422,22.81999969482422,0,0.0,0.0
2025-05-08 02:23:00-05:00,22.809999465942383,22.809999465942383,22.799999237060547,22.799999237060547,0,0.0,0.0
2025-05-08 02:24:00-05:00,22.799999237060547,22.799999237060547,22.799999237060547,22.799999237060547,0,0.0,0.0
2025-05-08 02:25:00-05:00,22.809999465942383,22.829999923706055,22.809999465942383,22.809999465942383,0,0.0,0.0
2025-05-08 02:26:00-05:00,22.81999969482422,22.81999969482422,22.809999465942383,22.809999465942383,0,0.0,0.0
2025-05-08 02:27:00-05:00,22.809999465942383,22.809999465942383,22.790000915527344,22.799999237060547,0,0.0,0.0
2025-05-08 02:28:00-05:00,22.790000915527344,22.790000915527344,22.770000457763672,22.780000686645508,0,0.0,0.0
2025-05-08 02:29:00-05:00,22.799999237060547,22.809999465942383,22.799999237060547,22.799999237060547,0,0.0,0.0
2025-05-08 02:30:00-05:00,22.809999465942383,22.809999465942383,22.790000915527344,22.799999237060547,0,0.0,0.0
2025-05-08 02:31:00-05:00,22.799999237060547,22.829999923706055,22.799999237060547,22.829999923706055,0,0.0,0.0
2025-05-08 02:32:00-05:00,22.829999923706055,22.850000381469727,22.829999923706055,22.850000381469727,0,0.0,0.0
2025-05-08 02:33:00-05:00,22.850000381469727,22.8799991607666,22.850000381469727,22.860000610351562,0,0.0,0.0
2025-05-08 02:34:00-05:00,22.850000381469727,22.850000381469727,22.850000381469727,22.850000381469727,0,0.0,0.0
2025-05-08 02:35:00-05:00,22.850000381469727,22.860000610351562,22.850000381469727,22.850000381469727,0,0.0,0.0
2025-05-08 02:36:00-05:00,22.84000015258789,22.8799991607666,22.84000015258789,22.8700008392334,0,0.0,0.0
2025-05-08 02:37:00-05:00,22.8700008392334,22.8799991607666,22.8700008392334,22.8700008392334,0,0.0,0.0
2025-05-08 02:38:00-05:00,22.8700008392334,22.8799991607666,22.8700008392334,22.8700008392334,0,0.0,0.0
2025-05-08 02:39:00-05:00,22.8700008392334,22.8799991607666,22.84000015258789,22.84000015258789,0,0.0,0.0
2025-05-08 02:40:00-05:00,22.84000015258789,22.84000015258789,22.81999969482422,22.81999969482422,0,0.0,0.0
2025-05-08 02:41:00-05:00,22.799999237060547,22.799999237060547,22.780000686645508,22.780000686645508,0,0.0,0.0
2025-05-08 02:42:00-05:00,22.780000686645508,22.809999465942383,22.770000457763672,22.809999465942383,0,0.0,0.0
2025-05-08 02:43:00-05:00,22.81999969482422,22.850000381469727,22.81999969482422,22.850000381469727,0,0.0,0.0
2025-05-08 02:44:00-05:00,22.84000015258789,22.84000015258789,22.829999923706055,22.829999923706055,0,0.0,0.0
2025-05-08 02:45:00-05:00,22.81999969482422,22.84000015258789,22.81999969482422,22.84000015258789,0,0.0,0.0
2025-05-08 02:46:00-05:00,22.84000015258789,22.850000381469727,22.84000015258789,22.84000015258789,0,0.0,0.0
2025-05-08 02:47:00-05:00,22.850000381469727,22.8799991607666,22.850000381469727,22.8799991607666,0,0.0,0.0
2025-05-08 02:48:00-05:00,22.889999389648438,22.889999389648438,22.8799991607666,22.889999389648438,0,0.0,0.0
2025-05-08 02:49:00-05:00,22.899999618530273,22.899999618530273,22.889999389648438,22.889999389648438,0,0.0,0.0
2025-05-08 02:50:00-05:00,22.899999618530273,22.899999618530273,22.889999389648438,22.899999618530273,0,0.0,0.0
2025-05-08 02:51:00-05:00,22.889999389648438,22.899999618530273,22.889999389648438,22.899999618530273,0,0.0,0.0
2025-05-08 02:52:00-05:00,22.920000076293945,22.920000076293945,22.920000076293945,22.920000076293945,0,0.0,0.0
2025-05-08 02:53:00-05:00,22.920000076293945,22.93000030517578,22.920000076293945,22.93000030517578,0,0.0,0.0
2025-05-08 02:54:00-05:00,22.93000030517578,22.93000030517578,22.920000076293945,22.920000076293945,0,0.0,0.0
2025-05-08 02:55:00-05:00,22.90999984741211,22.90999984741211,22.899999618530273,22.899999618530273,0,0.0,0.0
2025-05-08 02:56:00-05:00,22.899999618530273,22.90999984741211,22.899999618530273,22.90999984741211,0,0.0,0.0
2025-05-08 02:57:00-05:00,22.90999984741211,22.90999984741211,22.899999618530273,22.90999984741211,0,0.0,0.0
2025-05-08 02:58:00-05:00,22.899999618530273,22.899999618530273,22.899999618530273,22.899999618530273,0,0.0,0.0
2025-05-08 02:59:00-05:00,22.90999984741211,22.90999984741211,22.899999618530273,22.899999618530273,0,0.0,0.0
2025-05-08 03:00:00-05:00,22.899999618530273,22.93000030517578,22.899999618530273,22.93000030517578,0,0.0,0.0
2025-05-08 03:01:00-05:00,22.920000076293945,22.93000030517578,22.90999984741211,22.920000076293945,0,0.0,0.0
2025-05-08 03:02:00-05:00,22.920000076293945,22.920000076293945,22.899999618530273,22.899999618530273,0,0.0,0.0
2025-05-08 03:03:00-05:00,22.90999984741211,22.90999984741211,22.899999618530273,22.899999618530273,0,0.0,0.0
2025-05-08 03:04:00-05:00,22.899999618530273,22.899999618530273,22.889999389648438,22.889999389648438,0,0.0,0.0
2025-05-08 03:05:00-05:00,22.889999389648438,22.90999984741211,22.889999389648438,22.90999984741211,0,0.0,0.0
2025-05-08 03:06:00-05:00,22.920000076293945,22.950000762939453,22.920000076293945,22.950000762939453,0,0.0,0.0
2025-05-08 03:07:00-05:00,22.959999084472656,22.969999313354492,22.959999084472656,22.959999084472656,0,0.0,0.0
2025-05-08 03:08:00-05:00,22.959999084472656,22.969999313354492,22.959999084472656,22.969999313354492,0,0.0,0.0
2025-05-08 03:09:00-05:00,22.969999313354492,22.969999313354492,22.950000762939453,22.950000762939453,0,0.0,0.0
2025-05-08 03:10:00-05:00,22.940000534057617,22.959999084472656,22.920000076293945,22.920000076293945,0,0.0,0.0
2025-05-08 03:11:00-05:00,22.899999618530273,22.90999984741211,22.899999618530273,22.90999984741211,0,0.0,0.0
2025-05-08 03:12:00-05:00,22.899999618530273,22.899999618530273,22.8700008392334,22.8700008392334,0,0.0,0.0
2025-05-08 03:13:00-05:00,22.8700008392334,22.8700008392334,22.860000610351562,22.860000610351562,0,0.0,0.0
2025-05-08 03:14:00-05:00,22.850000381469727,22.850000381469727,22.84000015258789,22.84000015258789,0,0.0,0.0
2025-05-08 03:15:00-05:00,22.829999923706055,22.84000015258789,22.829999923706055,22.84000015258789,0,0.0,0.0
2025-05-08 03:16:00-05:00,22.829999923706055,22.829999923706055,22.799999237060547,22.799999237060547,0,0.0,0.0
2025-05-08 03:17:00-05:00,22.799999237060547,22.799999237060547,22.75,22.75,0,0.0,0.0
2025-05-08 03:18:00-05:00,22.760000228881836,22.770000457763672,22.760000228881836,22.770000457763672,0,0.0,0.0
2025-05-08 03:19:00-05:00,22.760000228881836,22.760000228881836,22.75,22.75,0,0.0,0.0
2025-05-08 03:20:00-05:00,22.739999771118164,22.739999771118164,22.709999084472656,22.709999084472656,0,0.0,0.0
2025-05-08 03:21:00-05:00,22.719999313354492,22.739999771118164,22.709999084472656,22.739999771118164,0,0.0,0.0
2025-05-08 03:22:00-05:00,22.739999771118164,22.770000457763672,22.739999771118164,22.760000228881836,0,0.0,0.0
2025-05-08 03:23:00-05:00,22.760000228881836,22.760000228881836,22.739999771118164,22.739999771118164,0,0.0,0.0
2025-05-08 03:24:00-05:00,22.75,22.75,22.739999771118164,22.739999771118164,0,0.0,0.0
2025-05-08 03:25:00-05:00,22.739999771118164,22.75,22.739999771118164,22.75,0,0.0,0.0
2025-05-08 03:26:00-05:00,22.739999771118164,22.739999771118164,22.729999542236328,22.729999542236328,0,0.0,0.0
2025-05-08 03:27:00-05:00,22.729999542236328,22.729999542236328,22.719999313354492,22.729999542236328,0,0.0,0.0
2025-05-08 03:28:00-05:00,22.719999313354492,22.719999313354492,22.700000762939453,22.709999084472656,0,0.0,0.0
2025-05-08 03:29:00-05:00,22.709999084472656,22.709999084472656,22.700000762939453,22.700000762939453,0,0.0,0.0
2025-05-08 03:30:00-05:00,22.700000762939453,22.700000762939453,22.68000030517578,22.68000030517578,0,0.0,0.0
2025-05-08 03:31:00-05:00,22.68000030517578,22.68000030517578,22.68000030517578,22.68000030517578,0,0.0,0.0
2025-05-08 03:32:00-05:00,22.68000030517578,22.68000030517578,22.68000030517578,22.68000030517578,0,0.0,0.0
2025-05-08 03:33:00-05:00,22.68000030517578,22.68000030517578,22.68000030517578,22.68000030517578,0,0.0,0.0
2025-05-08 03:34:00-05:00,22.68000030517578,22.690000534057617,22.68000030517578,22.68000030517578,0,0.0,0.0
2025-05-08 03:35:00-05:00,22.68000030517578,22.68000030517578,22.68000030517578,22.68000030517578,0,0.0,0.0
2025-05-08 03:36:00-05:00,22.68000030517578,22.690000534057617,22.68000030517578,22.68000030517578,0,0.0,0.0
2025-05-08 03:37:00-05:00,22.68000030517578,22.68000030517578,22.68000030517578,22.68000030517578,0,0.0,0.0
2025-05-08 03:38:00-05:00,22.68000030517578,22.690000534057617,22.68000030517578,22.690000534057617,0,0.0,0.0
2025-05-08 03:39:00-05:00,22.68000030517578,22.68000030517578,22.68000030517578,22.68000030517578,0,0.0,0.0
2025-05-08 03:40:00-05:00,22.68000030517578,22.68000030517578,22.670000076293945,22.670000076293945,0,0.0,0.0
2025-05-08 03:41:00-05:00,22.670000076293945,22.670000076293945,22.649999618530273,22.649999618530273,0,0.0,0.0
2025-05-08 03:42:00-05:00,22.649999618530273,22.649999618530273,22.639999389648438,22.639999389648438,0,0.0,0.0
2025-05-08 03:43:00-05:00,22.639999389648438,22.649999618530273,22.639999389648438,22.649999618530273,0,0.0,0.0
2025-05-08 03:44:00-05:00,22.649999618530273,22.649999618530273,22.639999389648438,22.639999389648438,0,0.0,0.0
2025-05-08 03:45:00-05:00,22.639999389648438,22.649999618530273,22.639999389648438,22.639999389648438,0,0.0,0.0
2025-05-08 03:46:00-05:00,22.639999389648438,22.639999389648438,22.6200008392334,22.6200008392334,0,0.0,0.0
2025-05-08 03:47:00-05:00,22.6299991607666,22.6299991607666,22.610000610351562,22.610000610351562,0,0.0,0.0
2025-05-08 03:48:00-05:00,22.610000610351562,22.610000610351562,22.600000381469727,22.600000381469727,0,0.0,0.0
2025-05-08 03:49:00-05:00,22.600000381469727,22.600000381469727,22.59000015258789,22.59000015258789,0,0.0,0.0
2025-05-08 03:50:00-05:00,22.59000015258789,22.59000015258789,22.59000015258789,22.59000015258789,0,0.0,0.0
2025-05-08 03:51:00-05:00,22.59000015258789,22.59000015258789,22.579999923706055,22.579999923706055,0,0.0,0.0
2025-05-08 03:52:00-05:00,22.559999465942383,22.579999923706055,22.559999465942383,22.56999969482422,0,0.0,0.0
2025-05-08 03:53:00-05:00,22.56999969482422,22.59000015258789,22.56999969482422,22.59000015258789,0,0.0,0.0
2025-05-08 03:54:00-05:00,22.610000610351562,22.6200008392334,22.610000610351562,22.610000610351562,0,0.0,0.0
2025-05-08 03:55:00-05:00,22.610000610351562,22.610000610351562,22.600000381469727,22.600000381469727,0,0.0,0.0
2025-05-08 03:56:00-05:00,22.610000610351562,22.610000610351562,22.600000381469727,22.610000610351562,0,0.0,0.0
2025-05-08 03:57:00-05:00,22.610000610351562,22.610000610351562,22.610000610351562,22.610000610351562,0,0.0,0.0
2025-05-08 03:58:00-05:00,22.610000610351562,22.610000610351562,22.59000015258789,22.600000381469727,0,0.0,0.0
2025-05-08 03:59:00-05:00,22.600000381469727,22.600000381469727,22.600000381469727,22.600000381469727,0,0.0,0.0
2025-05-08 04:00:00-05:00,22.600000381469727,22.600000381469727,22.600000381469727,22.600000381469727,0,0.0,0.0
2025-05-08 04:01:00-05:00,22.610000610351562,22.610000610351562,22.59000015258789,22.59000015258789,0,0.0,0.0
2025-05-08 04:02:00-05:00,22.59000015258789,22.59000015258789,22.59000015258789,22.59000015258789,0,0.0,0.0
2025-05-08 04:03:00-05:00,22.59000015258789,22.59000015258789,22.59000015258789,22.59000015258789,0,0.0,0.0
2025-05-08 04:04:00-05:00,22.600000381469727,22.600000381469727,22.59000015258789,22.600000381469727,0,0.0,0.0
2025-05-08 04:05:00-05:00,22.600000381469727,22.6200008392334,22.600000381469727,22.6200008392334,0,0.0,0.0
2025-05-08 04:06:00-05:00,22.6200008392334,22.6200008392334,22.6200008392334,22.6200008392334,0,0.0,0.0
2025-05-08 04:07:00-05:00,22.6200008392334,22.6200008392334,22.6200008392334,22.6200008392334,0,0.0,0.0
2025-05-08 04:08:00-05:00,22.6200008392334,22.6299991607666,22.6200008392334,22.6299991607666,0,0.0,0.0
2025-05-08 04:09:00-05:00,22.6299991607666,22.6299991607666,22.6299991607666,22.6299991607666,0,0.0,0.0
2025-05-08 04:10:00-05:00,22.6299991607666,22.6299991607666,22.6299991607666,22.6299991607666,0,0.0,0.0
2025-05-08 04:11:00-05:00,22.6299991607666,22.6299991607666,22.6299991607666,22.6299991607666,0,0.0,0.0
2025-05-08 04:12:00-05:00,22.6299991607666,22.6299991607666,22.6299991607666,22.6299991607666,0,0.0,0.0
2025-05-08 04:13:00-05:00,22.6299991607666,22.6299991607666,22.6299991607666,22.6299991607666,0,0.0,0.0
2025-05-08 04:14:00-05:00,22.6299991607666,22.6299991607666,22.6200008392334,22.6200008392334,0,0.0,0.0
2025-05-08 04:15:00-05:00,22.6299991607666,22.6299991607666,22.6299991607666,22.6299991607666,0,0.0,0.0
2025-05-08 04:16:00-05:00,22.6299991607666,22.6299991607666,22.6299991607666,22.6299991607666,0,0.0,0.0
2025-05-08 04:17:00-05:00,22.6299991607666,22.6299991607666,22.6200008392334,22.6200008392334,0,0.0,0.0
2025-05-08 04:18:00-05:00,22.6200008392334,22.6200008392334,22.6200008392334,22.6200008392334,0,0.0,0.0
2025-05-08 04:19:00-05:00,22.6200008392334,22.6200008392334,22.6200008392334,22.6200008392334,0,0.0,0.0
2025-05-08 04:20:00-05:00,22.6200008392334,22.6200008392334,22.579999923706055,22.59000015258789,0,0.0,0.0
2025-05-08 04:21:00-05:00,22.579999923706055,22.579999923706055,22.56999969482422,22.56999969482422,0,0.0,0.0
2025-05-08 04:22:00-05:00,22.579999923706055,22.579999923706055,22.579999923706055,22.579999923706055,0,0.0,0.0
2025-05-08 04:23:00-05:00,22.579999923706055,22.579999923706055,22.56999969482422,22.56999969482422,0,0.0,0.0
2025-05-08 04:24:00-05:00,22.56999969482422,22.56999969482422,22.549999237060547,22.559999465942383,0,0.0,0.0
2025-05-08 04:25:00-05:00,22.549999237060547,22.549999237060547,22.5,22.5,0,0.0,0.0
2025-05-08 04:26:00-05:00,22.520000457763672,22.520000457763672,22.5,22.5,0,0.0,0.0
2025-05-08 04:27:00-05:00,22.510000228881836,22.530000686645508,22.510000228881836,22.530000686645508,0,0.0,0.0
2025-05-08 04:28:00-05:00,22.530000686645508,22.530000686645508,22.530000686645508,22.530000686645508,0,0.0,0.0
2025-05-08 04:29:00-05:00,22.530000686645508,22.530000686645508,22.530000686645508,22.530000686645508,0,0.0,0.0
2025-05-08 04:30:00-05:00,22.530000686645508,22.530000686645508,22.520000457763672,22.520000457763672,0,0.0,0.0
2025-05-08 04:31:00-05:00,22.510000228881836,22.510000228881836,22.5,22.5,0,0.0,0.0
2025-05-08 04:32:00-05:00,22.5,22.530000686645508,22.489999771118164,22.489999771118164,0,0.0,0.0
2025-05-08 04:33:00-05:00,22.489999771118164,22.5,22.489999771118164,22.489999771118164,0,0.0,0.0
2025-05-08 04:34:00-05:00,22.489999771118164,22.489999771118164,22.489999771118164,22.489999771118164,0,0.0,0.0
2025-05-08 04:35:00-05:00,22.489999771118164,22.5,22.489999771118164,22.5,0,0.0,0.0
2025-05-08 04:36:00-05:00,22.489999771118164,22.489999771118164,22.489999771118164,22.489999771118164,0,0.0,0.0
2025-05-08 04:37:00-05:00,22.489999771118164,22.489999771118164,22.479999542236328,22.479999542236328,0,0.0,0.0
2025-05-08 04:38:00-05:00,22.479999542236328,22.479999542236328,22.469999313354492,22.469999313354492,0,0.0,0.0
2025-05-08 04:39:00-05:00,22.479999542236328,22.479999542236328,22.459999084472656,22.459999084472656,0,0.0,0.0
2025-05-08 04:40:00-05:00,22.459999084472656,22.459999084472656,22.450000762939453,22.450000762939453,0,0.0,0.0
2025-05-08 04:41:00-05:00,22.450000762939453,22.450000762939453,22.440000534057617,22.440000534057617,0,0.0,0.0
2025-05-08 04:42:00-05:00,22.440000534057617,22.440000534057617,22.440000534057617,22.440000534057617,0,0.0,0.0
2025-05-08 04:43:00-05:00,22.440000534057617,22.440000534057617,22.40999984741211,22.420000076293945,0,0.0,0.0
2025-05-08 04:44:00-05:00,22.43000030517578,22.43000030517578,22.43000030517578,22.43000030517578,0,0.0,0.0
2025-05-08 04:45:00-05:00,22.43000030517578,22.43000030517578,22.43000030517578,22.43000030517578,0,0.0,0.0
2025-05-08 04:46:00-05:00,22.43000030517578,22.43000030517578,22.420000076293945,22.420000076293945,0,0.0,0.0
2025-05-08 04:47:00-05:00,22.420000076293945,22.440000534057617,22.420000076293945,22.440000534057617,0,0.0,0.0
2025-05-08 04:48:00-05:00,22.43000030517578,22.43000030517578,22.420000076293945,22.420000076293945,0,0.0,0.0
2025-05-08 04:49:00-05:00,22.420000076293945,22.420000076293945,22.420000076293945,22.420000076293945,0,0.0,0.0
2025-05-08 04:50:00-05:00,22.399999618530273,22.399999618530273,22.399999618530273,22.399999618530273,0,0.0,0.0
2025-05-08 04:53:00-05:00,22.40999984741211,22.420000076293945,22.40999984741211,22.420000076293945,0,0.0,0.0
2025-05-08 04:54:00-05:00,22.420000076293945,22.43000030517578,22.420000076293945,22.43000030517578,0,0.0,0.0
2025-05-08 04:55:00-05:00,22.420000076293945,22.420000076293945,22.420000076293945,22.420000076293945,0,0.0,0.0
2025-05-08 04:56:00-05:00,22.420000076293945,22.43000030517578,22.420000076293945,22.43000030517578,0,0.0,0.0
2025-05-08 04:57:00-05:00,22.43000030517578,22.440000534057617,22.43000030517578,22.440000534057617,0,0.0,0.0
2025-05-08 04:58:00-05:00,22.440000534057617,22.440000534057617,22.440000534057617,22.440000534057617,0,0.0,0.0
2025-05-08 04:59:00-05:00,22.440000534057617,22.440000534057617,22.440000534057617,22.440000534057617,0,0.0,0.0
2025-05-08 05:00:00-05:00,22.440000534057617,22.450000762939453,22.440000534057617,22.450000762939453,0,0.0,0.0
2025-05-08 05:01:00-05:00,22.440000534057617,22.440000534057617,22.440000534057617,22.440000534057617,0,0.0,0.0
2025-05-08 05:02:00-05:00,22.450000762939453,22.450000762939453,22.440000534057617,22.440000534057617,0,0.0,0.0
2025-05-08 05:03:00-05:00,22.450000762939453,22.459999084472656,22.450000762939453,22.450000762939453,0,0.0,0.0
2025-05-08 05:04:00-05:00,22.459999084472656,22.459999084472656,22.450000762939453,22.450000762939453,0,0.0,0.0
2025-05-08 05:05:00-05:00,22.450000762939453,22.450000762939453,22.43000030517578,22.43000030517578,0,0.0,0.0
2025-05-08 05:06:00-05:00,22.43000030517578,22.440000534057617,22.43000030517578,22.43000030517578,0,0.0,0.0
2025-05-08 05:07:00-05:00,22.43000030517578,22.440000534057617,22.329999923706055,22.440000534057617,0,0.0,0.0
2025-05-08 05:08:00-05:00,22.40999984741211,22.40999984741211,22.40999984741211,22.40999984741211,0,0.0,0.0
2025-05-08 05:09:00-05:00,22.43000030517578,22.440000534057617,22.40999984741211,22.440000534057617,0,0.0,0.0
2025-05-08 05:10:00-05:00,22.440000534057617,22.450000762939453,22.43000030517578,22.450000762939453,0,0.0,0.0
2025-05-08 05:11:00-05:00,22.450000762939453,22.450000762939453,22.440000534057617,22.450000762939453,0,0.0,0.0
2025-05-08 05:12:00-05:00,22.440000534057617,22.450000762939453,22.440000534057617,22.440000534057617,0,0.0,0.0
2025-05-08 05:13:00-05:00,22.459999084472656,22.459999084472656,22.43000030517578,22.43000030517578,0,0.0,0.0
2025-05-08 05:14:00-05:00,22.40999984741211,22.420000076293945,22.40999984741211,22.420000076293945,0,0.0,0.0
2025-05-08 05:15:00-05:00,22.420000076293945,22.440000534057617,22.420000076293945,22.440000534057617,0,0.0,0.0
2025-05-08 05:16:00-05:00,22.43000030517578,22.440000534057617,22.43000030517578,22.440000534057617,0,0.0,0.0
2025-05-08 05:17:00-05:00,22.450000762939453,22.450000762939453,22.420000076293945,22.420000076293945,0,0.0,0.0
2025-05-08 05:18:00-05:00,22.40999984741211,22.420000076293945,22.40999984741211,22.420000076293945,0,0.0,0.0
2025-05-08 05:19:00-05:00,22.420000076293945,22.420000076293945,22.40999984741211,22.40999984741211,0,0.0,0.0
2025-05-08 05:20:00-05:00,22.40999984741211,22.43000030517578,22.40999984741211,22.420000076293945,0,0.0,0.0
2025-05-08 05:21:00-05:00,22.43000030517578,22.43000030517578,22.43000030517578,22.43000030517578,0,0.0,0.0
2025-05-08 05:22:00-05:00,22.440000534057617,22.440000534057617,22.440000534057617,22.440000534057617,0,0.0,0.0
2025-05-08 05:23:00-05:00,22.440000534057617,22.440000534057617,22.440000534057617,22.440000534057617,0,0.0,0.0
2025-05-08 05:24:00-05:00,22.440000534057617,22.469999313354492,22.43000030517578,22.43000030517578,0,0.0,0.0
2025-05-08 05:25:00-05:00,22.43000030517578,22.43000030517578,22.43000030517578,22.43000030517578,0,0.0,0.0
2025-05-08 05:26:00-05:00,22.43000030517578,22.43000030517578,22.40999984741211,22.40999984741211,0,0.0,0.0
2025-05-08 05:27:00-05:00,22.40999984741211,22.40999984741211,22.40999984741211,22.40999984741211,0,0.0,0.0
2025-05-08 05:28:00-05:00,22.40999984741211,22.420000076293945,22.40999984741211,22.40999984741211,0,0.0,0.0
2025-05-08 05:29:00-05:00,22.40999984741211,22.420000076293945,22.40999984741211,22.420000076293945,0,0.0,0.0
2025-05-08 05:30:00-05:00,22.420000076293945,22.43000030517578,22.420000076293945,22.43000030517578,0,0.0,0.0
2025-05-08 05:31:00-05:00,22.43000030517578,22.450000762939453,22.420000076293945,22.450000762939453,0,0.0,0.0
2025-05-08 05:32:00-05:00,22.440000534057617,22.440000534057617,22.43000030517578,22.440000534057617,0,0.0,0.0
2025-05-08 05:33:00-05:00,22.440000534057617,22.450000762939453,22.440000534057617,22.450000762939453,0,0.0,0.0
2025-05-08 05:34:00-05:00,22.450000762939453,22.450000762939453,22.440000534057617,22.450000762939453,0,0.0,0.0
2025-05-08 05:35:00-05:00,22.450000762939453,22.469999313354492,22.450000762939453,22.469999313354492,0,0.0,0.0
2025-05-08 05:36:00-05:00,22.459999084472656,22.459999084472656,22.459999084472656,22.459999084472656,0,0.0,0.0
2025-05-08 05:37:00-05:00,22.459999084472656,22.479999542236328,22.459999084472656,22.469999313354492,0,0.0,0.0
2025-05-08 05:38:00-05:00,22.479999542236328,22.479999542236328,22.450000762939453,22.450000762939453,0,0.0,0.0
2025-05-08 05:39:00-05:00,22.450000762939453,22.450000762939453,22.450000762939453,22.450000762939453,0,0.0,0.0
2025-05-08 05:40:00-05:00,22.450000762939453,22.450000762939453,22.450000762939453,22.450000762939453,0,0.0,0.0
2025-05-08 05:41:00-05:00,22.450000762939453,22.450000762939453,22.440000534057617,22.450000762939453,0,0.0,0.0
2025-05-08 05:42:00-05:00,22.450000762939453,22.469999313354492,22.450000762939453,22.459999084472656,0,0.0,0.0
2025-05-08 05:43:00-05:00,22.459999084472656,22.459999084472656,22.450000762939453,22.450000762939453,0,0.0,0.0
2025-05-08 05:44:00-05:00,22.459999084472656,22.459999084472656,22.459999084472656,22.459999084472656,0,0.0,0.0
2025-05-08 05:45:00-05:00,22.450000762939453,22.459999084472656,22.450000762939453,22.459999084472656,0,0.0,0.0
2025-05-08 05:46:00-05:00,22.450000762939453,22.459999084472656,22.450000762939453,22.450000762939453,0,0.0,0.0
2025-05-08 05:47:00-05:00,22.450000762939453,22.450000762939453,22.450000762939453,22.450000762939453,0,0.0,0.0
2025-05-08 05:48:00-05:00,22.450000762939453,22.450000762939453,22.43000030517578,22.43000030517578,0,0.0,0.0
2025-05-08 05:49:00-05:00,22.43000030517578,22.43000030517578,22.420000076293945,22.420000076293945,0,0.0,0.0
2025-05-08 05:50:00-05:00,22.420000076293945,22.420000076293945,22.420000076293945,22.420000076293945,0,0.0,0.0
2025-05-08 05:51:00-05:00,22.40999984741211,22.420000076293945,22.40999984741211,22.40999984741211,0,0.0,0.0
2025-05-08 05:52:00-05:00,22.40999984741211,22.40999984741211,22.40999984741211,22.40999984741211,0,0.0,0.0
2025-05-08 05:53:00-05:00,22.40999984741211,22.40999984741211,22.40999984741211,22.40999984741211,0,0.0,0.0
2025-05-08 05:54:00-05:00,22.40999984741211,22.420000076293945,22.40999984741211,22.40999984741211,0,0.0,0.0
2025-05-08 05:55:00-05:00,22.40999984741211,22.40999984741211,22.3700008392334,22.3799991607666,0,0.0,0.0
2025-05-08 05:56:00-05:00,22.3700008392334,22.3799991607666,22.3700008392334,22.3799991607666,0,0.0,0.0
2025-05-08 05:57:00-05:00,22.3799991607666,22.389999389648438,22.3799991607666,22.389999389648438,0,0.0,0.0
2025-05-08 05:58:00-05:00,22.389999389648438,22.389999389648438,22.3799991607666,22.389999389648438,0,0.0,0.0
2025-05-08 05:59:00-05:00,22.389999389648438,22.389999389648438,22.3799991607666,22.3799991607666,0,0.0,0.0
2025-05-08 06:00:00-05:00,22.3700008392334,22.3700008392334,22.360000610351562,22.360000610351562,0,0.0,0.0
2025-05-08 06:01:00-05:00,22.399999618530273,22.399999618530273,22.3799991607666,22.3799991607666,0,0.0,0.0
2025-05-08 06:02:00-05:00,22.389999389648438,22.420000076293945,22.389999389648438,22.40999984741211,0,0.0,0.0
2025-05-08 06:03:00-05:00,22.440000534057617,22.450000762939453,22.43000030517578,22.440000534057617,0,0.0,0.0
2025-05-08 06:04:00-05:00,22.450000762939453,22.450000762939453,22.420000076293945,22.420000076293945,0,0.0,0.0
2025-05-08 06:05:00-05:00,22.420000076293945,22.43000030517578,22.420000076293945,22.420000076293945,0,0.0,0.0
2025-05-08 06:06:00-05:00,22.420000076293945,22.43000030517578,22.420000076293945,22.43000030517578,0,0.0,0.0
2025-05-08 06:07:00-05:00,22.440000534057617,22.459999084472656,22.440000534057617,22.459999084472656,0,0.0,0.0
2025-05-08 06:08:00-05:00,22.459999084472656,22.469999313354492,22.459999084472656,22.469999313354492,0,0.0,0.0
2025-05-08 06:09:00-05:00,22.479999542236328,22.479999542236328,22.479999542236328,22.479999542236328,0,0.0,0.0
2025-05-08 06:10:00-05:00,22.510000228881836,22.540000915527344,22.510000228881836,22.540000915527344,0,0.0,0.0
2025-05-08 06:11:00-05:00,22.540000915527344,22.540000915527344,22.540000915527344,22.540000915527344,0,0.0,0.0
2025-05-08 06:12:00-05:00,22.540000915527344,22.559999465942383,22.540000915527344,22.559999465942383,0,0.0,0.0
2025-05-08 06:13:00-05:00,22.559999465942383,22.559999465942383,22.540000915527344,22.549999237060547,0,0.0,0.0
2025-05-08 06:14:00-05:00,22.549999237060547,22.559999465942383,22.549999237060547,22.559999465942383,0,0.0,0.0
2025-05-08 06:15:00-05:00,22.559999465942383,22.579999923706055,22.559999465942383,22.579999923706055,0,0.0,0.0
2025-05-08 06:16:00-05:00,22.579999923706055,22.579999923706055,22.579999923706055,22.579999923706055,0,0.0,0.0
2025-05-08 06:17:00-05:00,22.59000015258789,22.59000015258789,22.579999923706055,22.579999923706055,0,0.0,0.0
2025-05-08 06:18:00-05:00,22.579999923706055,22.579999923706055,22.56999969482422,22.579999923706055,0,0.0,0.0
2025-05-08 06:19:00-05:00,22.579999923706055,22.59000015258789,22.579999923706055,22.59000015258789,0,0.0,0.0
2025-05-08 06:20:00-05:00,22.59000015258789,22.59000015258789,22.59000015258789,22.59000015258789,0,0.0,0.0
2025-05-08 06:22:00-05:00,22.559999465942383,22.56999969482422,22.559999465942383,22.56999969482422,0,0.0,0.0
2025-05-08 06:23:00-05:00,22.56999969482422,22.56999969482422,22.56999969482422,22.56999969482422,0,0.0,0.0
2025-05-08 06:24:00-05:00,22.56999969482422,22.59000015258789,22.56999969482422,22.59000015258789,0,0.0,0.0
2025-05-08 06:25:00-05:00,22.59000015258789,22.59000015258789,22.59000015258789,22.59000015258789,0,0.0,0.0
2025-05-08 06:26:00-05:00,22.59000015258789,22.59000015258789,22.59000015258789,22.59000015258789,0,0.0,0.0
2025-05-08 06:27:00-05:00,22.59000015258789,22.59000015258789,22.579999923706055,22.579999923706055,0,0.0,0.0
2025-05-08 06:28:00-05:00,22.579999923706055,22.579999923706055,22.579999923706055,22.579999923706055,0,0.0,0.0
2025-05-08 06:29:00-05:00,22.579999923706055,22.579999923706055,22.579999923706055,22.579999923706055,0,0.0,0.0
2025-05-08 06:30:00-05:00,22.579999923706055,22.579999923706055,22.559999465942383,22.56999969482422,0,0.0,0.0
2025-05-08 06:31:00-05:00,22.579999923706055,22.579999923706055,22.579999923706055,22.579999923706055,0,0.0,0.0
2025-05-08 06:32:00-05:00,22.579999923706055,22.59000015258789,22.579999923706055,22.59000015258789,0,0.0,0.0
2025-05-08 06:33:00-05:00,22.59000015258789,22.600000381469727,22.59000015258789,22.59000015258789,0,0.0,0.0
2025-05-08 06:34:00-05:00,22.600000381469727,22.600000381469727,22.600000381469727,22.600000381469727,0,0.0,0.0
2025-05-08 06:35:00-05:00,22.600000381469727,22.600000381469727,22.600000381469727,22.600000381469727,0,0.0,0.0
2025-05-08 06:36:00-05:00,22.600000381469727,22.600000381469727,22.600000381469727,22.600000381469727,0,0.0,0.0
2025-05-08 06:37:00-05:00,22.56999969482422,22.610000610351562,22.56999969482422,22.610000610351562,0,0.0,0.0
2025-05-08 06:38:00-05:00,22.610000610351562,22.68000030517578,22.610000610351562,22.68000030517578,0,0.0,0.0
2025-05-08 06:39:00-05:00,22.670000076293945,22.690000534057617,22.670000076293945,22.68000030517578,0,0.0,0.0
2025-05-08 06:40:00-05:00,22.68000030517578,22.68000030517578,22.65999984741211,22.65999984741211,0,0.0,0.0
2025-05-08 06:41:00-05:00,22.649999618530273,22.65999984741211,22.639999389648438,22.639999389648438,0,0.0,0.0
2025-05-08 06:42:00-05:00,22.6299991607666,22.639999389648438,22.6299991607666,22.639999389648438,0,0.0,0.0
2025-05-08 06:43:00-05:00,22.649999618530273,22.670000076293945,22.649999618530273,22.670000076293945,0,0.0,0.0
2025-05-08 06:44:00-05:00,22.690000534057617,22.690000534057617,22.68000030517578,22.68000030517578,0,0.0,0.0
2025-05-08 06:45:00-05:00,22.690000534057617,22.700000762939453,22.690000534057617,22.700000762939453,0,0.0,0.0
2025-05-08 06:46:00-05:00,22.709999084472656,22.729999542236328,22.700000762939453,22.729999542236328,0,0.0,0.0
2025-05-08 06:47:00-05:00,22.739999771118164,22.739999771118164,22.729999542236328,22.739999771118164,0,0.0,0.0
2025-05-08 06:48:00-05:00,22.739999771118164,22.760000228881836,22.739999771118164,22.75,0,0.0,0.0
2025-05-08 06:49:00-05:00,22.760000228881836,22.760000228881836,22.719999313354492,22.719999313354492,0,0.0,0.0
2025-05-08 06:50:00-05:00,22.709999084472656,22.709999084472656,22.700000762939453,22.709999084472656,0,0.0,0.0
2025-05-08 06:51:00-05:00,22.700000762939453,22.700000762939453,22.690000534057617,22.690000534057617,0,0.0,0.0
2025-05-08 06:52:00-05:00,22.709999084472656,22.709999084472656,22.690000534057617,22.700000762939453,0,0.0,0.0
2025-05-08 06:53:00-05:00,22.700000762939453,22.709999084472656,22.700000762939453,22.700000762939453,0,0.0,0.0
2025-05-08 06:54:00-05:00,22.700000762939453,22.700000762939453,22.700000762939453,22.700000762939453,0,0.0,0.0
2025-05-08 06:55:00-05:00,22.690000534057617,22.690000534057617,22.68000030517578,22.68000030517578,0,0.0,0.0
2025-05-08 06:56:00-05:00,22.68000030517578,22.700000762939453,22.68000030517578,22.690000534057617,0,0.0,0.0
2025-05-08 06:57:00-05:00,22.690000534057617,22.690000534057617,22.690000534057617,22.690000534057617,0,0.0,0.0
2025-05-08 06:58:00-05:00,22.670000076293945,22.690000534057617,22.670000076293945,22.690000534057617,0,0.0,0.0
2025-05-08 06:59:00-05:00,22.690000534057617,22.700000762939453,22.690000534057617,22.700000762939453,0,0.0,0.0
2025-05-08 07:00:00-05:00,22.690000534057617,22.700000762939453,22.690000534057617,22.700000762939453,0,0.0,0.0
2025-05-08 07:01:00-05:00,22.690000534057617,22.700000762939453,22.690000534057617,22.700000762939453,0,0.0,0.0
2025-05-08 07:02:00-05:00,22.700000762939453,22.700000762939453,22.690000534057617,22.690000534057617,0,0.0,0.0
2025-05-08 07:03:00-05:00,22.690000534057617,22.690000534057617,22.649999618530273,22.649999618530273,0,0.0,0.0
2025-05-08 07:04:00-05:00,22.649999618530273,22.649999618530273,22.6299991607666,22.6299991607666,0,0.0,0.0
2025-05-08 07:05:00-05:00,22.639999389648438,22.639999389648438,22.6200008392334,22.639999389648438,0,0.0,0.0
2025-05-08 07:06:00-05:00,22.649999618530273,22.649999618530273,22.6299991607666,22.6299991607666,0,0.0,0.0
2025-05-08 07:07:00-05:00,22.6299991607666,22.6299991607666,22.6200008392334,22.6200008392334,0,0.0,0.0
2025-05-08 07:08:00-05:00,22.6200008392334,22.639999389648438,22.6200008392334,22.639999389648438,0,0.0,0.0
2025-05-08 07:09:00-05:00,22.65999984741211,22.65999984741211,22.639999389648438,22.639999389648438,0,0.0,0.0
2025-05-08 07:10:00-05:00,22.649999618530273,22.649999618530273,22.6299991607666,22.6299991607666,0,0.0,0.0
2025-05-08 07:11:00-05:00,22.649999618530273,22.649999618530273,22.6299991607666,22.6299991607666,0,0.0,0.0
2025-05-08 07:12:00-05:00,22.6299991607666,22.6299991607666,22.6200008392334,22.6299991607666,0,0.0,0.0
2025-05-08 07:13:00-05:00,22.6299991607666,22.6299991607666,22.6200008392334,22.6200008392334,0,0.0,0.0
2025-05-08 07:14:00-05:00,22.6299991607666,22.690000534057617,22.6299991607666,22.690000534057617,0,0.0,0.0
2025-05-08 07:15:00-05:00,22.690000534057617,22.700000762939453,22.690000534057617,22.700000762939453,0,0.0,0.0
2025-05-08 07:16:00-05:00,22.709999084472656,22.709999084472656,22.700000762939453,22.709999084472656,0,0.0,0.0
2025-05-08 07:17:00-05:00,22.709999084472656,22.709999084472656,22.68000030517578,22.68000030517578,0,0.0,0.0
2025-05-08 07:18:00-05:00,22.690000534057617,22.690000534057617,22.68000030517578,22.690000534057617,0,0.0,0.0
2025-05-08 07:19:00-05:00,22.690000534057617,22.690000534057617,22.670000076293945,22.670000076293945,0,0.0,0.0
2025-05-08 07:20:00-05:00,22.68000030517578,22.68000030517578,22.670000076293945,22.670000076293945,0,0.0,0.0
2025-05-08 07:21:00-05:00,22.670000076293945,22.670000076293945,22.65999984741211,22.65999984741211,0,0.0,0.0
2025-05-08 07:22:00-05:00,22.65999984741211,22.690000534057617,22.65999984741211,22.690000534057617,0,0.0,0.0
2025-05-08 07:23:00-05:00,22.690000534057617,22.690000534057617,22.68000030517578,22.68000030517578,0,0.0,0.0
2025-05-08 07:24:00-05:00,22.68000030517578,22.68000030517578,22.670000076293945,22.670000076293945,0,0.0,0.0
2025-05-08 07:25:00-05:00,22.670000076293945,22.670000076293945,22.65999984741211,22.65999984741211,0,0.0,0.0
2025-05-08 07:26:00-05:00,22.649999618530273,22.65999984741211,22.649999618530273,22.65999984741211,0,0.0,0.0
2025-05-08 07:27:00-05:00,22.65999984741211,22.690000534057617,22.65999984741211,22.690000534057617,0,0.0,0.0
2025-05-08 07:28:00-05:00,22.670000076293945,22.68000030517578,22.670000076293945,22.68000030517578,0,0.0,0.0
2025-05-08 07:29:00-05:00,22.709999084472656,22.719999313354492,22.700000762939453,22.700000762939453,0,0.0,0.0
2025-05-08 07:30:00-05:00,22.729999542236328,22.729999542236328,22.6299991607666,22.6299991607666,0,0.0,0.0
2025-05-08 07:31:00-05:00,22.639999389648438,22.639999389648438,22.610000610351562,22.610000610351562,0,0.0,0.0
2025-05-08 07:32:00-05:00,22.6200008392334,22.6200008392334,22.59000015258789,22.600000381469727,0,0.0,0.0
2025-05-08 07:33:00-05:00,22.610000610351562,22.6200008392334,22.600000381469727,22.600000381469727,0,0.0,0.0
2025-05-08 07:34:00-05:00,22.600000381469727,22.639999389648438,22.600000381469727,22.639999389648438,0,0.0,0.0
2025-05-08 07:35:00-05:00,22.6299991607666,22.719999313354492,22.6299991607666,22.719999313354492,0,0.0,0.0
2025-05-08 07:36:00-05:00,22.739999771118164,22.75,22.739999771118164,22.75,0,0.0,0.0
2025-05-08 07:37:00-05:00,22.860000610351562,22.899999618530273,22.510000228881836,22.899999618530273,0,0.0,0.0
2025-05-08 07:38:00-05:00,22.90999984741211,22.920000076293945,22.860000610351562,22.920000076293945,0,0.0,0.0
2025-05-08 07:39:00-05:00,22.920000076293945,23.059999465942383,22.920000076293945,23.059999465942383,0,0.0,0.0
2025-05-08 07:40:00-05:00,23.079999923706055,23.09000015258789,23.030000686645508,23.030000686645508,0,0.0,0.0
2025-05-08 07:41:00-05:00,23.010000228881836,23.010000228881836,22.959999084472656,22.959999084472656,0,0.0,0.0
2025-05-08 07:42:00-05:00,22.940000534057617,23.010000228881836,22.940000534057617,23.010000228881836,0,0.0,0.0
2025-05-08 07:43:00-05:00,23.020000457763672,23.110000610351562,23.020000457763672,23.110000610351562,0,0.0,0.0
2025-05-08 07:44:00-05:00,23.110000610351562,23.110000610351562,23.049999237060547,23.049999237060547,0,0.0,0.0
2025-05-08 07:45:00-05:00,23.020000457763672,23.020000457763672,22.950000762939453,22.950000762939453,0,0.0,0.0
2025-05-08 07:46:00-05:00,22.920000076293945,22.93000030517578,22.899999618530273,22.899999618530273,0,0.0,0.0
2025-05-08 07:47:00-05:00,22.899999618530273,22.899999618530273,22.829999923706055,22.829999923706055,0,0.0,0.0
2025-05-08 07:48:00-05:00,22.829999923706055,22.829999923706055,22.809999465942383,22.81999969482422,0,0.0,0.0
2025-05-08 07:49:00-05:00,22.809999465942383,22.809999465942383,22.770000457763672,22.770000457763672,0,0.0,0.0
2025-05-08 07:50:00-05:00,22.770000457763672,22.770000457763672,22.739999771118164,22.739999771118164,0,0.0,0.0
2025-05-08 07:51:00-05:00,22.729999542236328,22.760000228881836,22.729999542236328,22.760000228881836,0,0.0,0.0
2025-05-08 07:52:00-05:00,22.75,22.809999465942383,22.75,22.809999465942383,0,0.0,0.0
2025-05-08 07:53:00-05:00,22.809999465942383,22.829999923706055,22.809999465942383,22.829999923706055,0,0.0,0.0
2025-05-08 07:54:00-05:00,22.81999969482422,22.84000015258789,22.81999969482422,22.84000015258789,0,0.0,0.0
2025-05-08 07:55:00-05:00,22.81999969482422,22.829999923706055,22.809999465942383,22.81999969482422,0,0.0,0.0
2025-05-08 07:56:00-05:00,22.81999969482422,22.850000381469727,22.81999969482422,22.850000381469727,0,0.0,0.0
2025-05-08 07:57:00-05:00,22.850000381469727,22.850000381469727,22.829999923706055,22.829999923706055,0,0.0,0.0
2025-05-08 07:58:00-05:00,22.84000015258789,22.850000381469727,22.84000015258789,22.850000381469727,0,0.0,0.0
2025-05-08 07:59:00-05:00,22.850000381469727,22.850000381469727,22.829999923706055,22.84000015258789,0,0.0,0.0
2025-05-08 08:00:00-05:00,22.850000381469727,22.860000610351562,22.84000015258789,22.84000015258789,0,0.0,0.0
2025-05-08 08:01:00-05:00,22.829999923706055,22.8700008392334,22.829999923706055,22.8700008392334,0,0.0,0.0
2025-05-08 08:02:00-05:00,22.8700008392334,22.8700008392334,22.84000015258789,22.850000381469727,0,0.0,0.0
2025-05-08 08:03:00-05:00,22.84000015258789,22.850000381469727,22.84000015258789,22.850000381469727,0,0.0,0.0
2025-05-08 08:04:00-05:00,22.860000610351562,22.860000610351562,22.850000381469727,22.860000610351562,0,0.0,0.0
2025-05-08 08:05:00-05:00,22.860000610351562,22.8799991607666,22.850000381469727,22.850000381469727,0,0.0,0.0
2025-05-08 08:06:00-05:00,22.8700008392334,22.899999618530273,22.850000381469727,22.899999618530273,0,0.0,0.0
2025-05-08 08:07:00-05:00,22.90999984741211,22.90999984741211,22.8799991607666,22.8799991607666,0,0.0,0.0
2025-05-08 08:08:00-05:00,22.8700008392334,22.8799991607666,22.860000610351562,22.860000610351562,0,0.0,0.0
2025-05-08 08:09:00-05:00,22.889999389648438,22.920000076293945,22.889999389648438,22.920000076293945,0,0.0,0.0
2025-05-08 08:10:00-05:00,22.899999618530273,22.920000076293945,22.899999618530273,22.920000076293945,0,0.0,0.0
2025-05-08 08:11:00-05:00,22.920000076293945,22.93000030517578,22.90999984741211,22.90999984741211,0,0.0,0.0
2025-05-08 08:12:00-05:00,22.920000076293945,22.93000030517578,22.920000076293945,22.93000030517578,0,0.0,0.0
2025-05-08 08:13:00-05:00,22.940000534057617,22.959999084472656,22.940000534057617,22.950000762939453,0,0.0,0.0
2025-05-08 08:14:00-05:00,22.940000534057617,22.940000534057617,22.940000534057617,22.940000534057617,0,0.0,0.0
2025-05-08 08:15:00-05:00,22.950000762939453,22.950000762939453,22.90999984741211,22.93000030517578,0,0.0,0.0
2025-05-08 08:16:00-05:00,22.920000076293945,22.93000030517578,22.920000076293945,22.93000030517578,0,0.0,0.0
2025-05-08 08:17:00-05:00,22.940000534057617,22.940000534057617,22.889999389648438,22.889999389648438,0,0.0,0.0
2025-05-08 08:18:00-05:00,22.899999618530273,22.90999984741211,22.899999618530273,22.90999984741211,0,0.0,0.0
2025-05-08 08:19:00-05:00,22.90999984741211,22.90999984741211,22.90999984741211,22.90999984741211,0,0.0,0.0
2025-05-08 08:20:00-05:00,22.899999618530273,22.899999618530273,22.860000610351562,22.860000610351562,0,0.0,0.0
2025-05-08 08:21:00-05:00,22.850000381469727,22.850000381469727,22.809999465942383,22.81999969482422,0,0.0,0.0
2025-05-08 08:22:00-05:00,22.81999969482422,22.84000015258789,22.81999969482422,22.84000015258789,0,0.0,0.0
2025-05-08 08:23:00-05:00,22.829999923706055,22.850000381469727,22.829999923706055,22.850000381469727,0,0.0,0.0
2025-05-08 08:24:00-05:00,22.850000381469727,22.860000610351562,22.850000381469727,22.860000610351562,0,0.0,0.0
2025-05-08 08:25:00-05:00,22.8799991607666,22.8799991607666,22.8799991607666,22.8799991607666,0,0.0,0.0
2025-05-08 08:31:00-05:00,22.809999465942383,22.860000610351562,22.809999465942383,22.860000610351562,0,0.0,0.0
2025-05-08 08:32:00-05:00,22.920000076293945,23.010000228881836,22.920000076293945,23.010000228881836,0,0.0,0.0
2025-05-08 08:33:00-05:00,22.979999542236328,23.020000457763672,22.979999542236328,23.020000457763672,0,0.0,0.0
2025-05-08 08:34:00-05:00,22.979999542236328,22.979999542236328,22.959999084472656,22.979999542236328,0,0.0,0.0
2025-05-08 08:35:00-05:00,22.959999084472656,22.959999084472656,22.90999984741211,22.90999984741211,0,0.0,0.0
2025-05-08 08:36:00-05:00,22.90999984741211,22.920000076293945,22.8799991607666,22.920000076293945,0,0.0,0.0
2025-05-08 08:37:00-05:00,22.950000762939453,22.979999542236328,22.950000762939453,22.950000762939453,0,0.0,0.0
2025-05-08 08:38:00-05:00,22.899999618530273,23.020000457763672,22.899999618530273,23.020000457763672,0,0.0,0.0
2025-05-08 08:39:00-05:00,23.030000686645508,23.079999923706055,23.030000686645508,23.079999923706055,0,0.0,0.0
2025-05-08 08:40:00-05:00,23.06999969482422,23.06999969482422,22.93000030517578,22.93000030517578,0,0.0,0.0
2025-05-08 08:41:00-05:00,22.950000762939453,22.950000762939453,22.90999984741211,22.90999984741211,0,0.0,0.0
2025-05-08 08:42:00-05:00,22.93000030517578,22.940000534057617,22.93000030517578,22.940000534057617,0,0.0,0.0
2025-05-08 08:43:00-05:00,22.989999771118164,22.989999771118164,22.920000076293945,22.920000076293945,0,0.0,0.0
2025-05-08 08:44:00-05:00,22.940000534057617,22.959999084472656,22.940000534057617,22.959999084472656,0,0.0,0.0
2025-05-08 08:45:00-05:00,22.93000030517578,23.010000228881836,22.93000030517578,23.010000228881836,0,0.0,0.0
2025-05-08 08:46:00-05:00,23.0,23.0,22.969999313354492,22.969999313354492,0,0.0,0.0
2025-05-08 08:47:00-05:00,22.989999771118164,23.010000228881836,22.989999771118164,23.010000228881836,0,0.0,0.0
2025-05-08 08:48:00-05:00,22.969999313354492,23.09000015258789,22.969999313354492,23.09000015258789,0,0.0,0.0
2025-05-08 08:49:00-05:00,23.09000015258789,23.149999618530273,23.09000015258789,23.139999389648438,0,0.0,0.0
2025-05-08 08:50:00-05:00,23.1200008392334,23.170000076293945,23.1200008392334,23.170000076293945,0,0.0,0.0
2025-05-08 08:51:00-05:00,23.139999389648438,23.139999389648438,23.079999923706055,23.079999923706055,0,0.0,0.0
2025-05-08 08:52:00-05:00,23.079999923706055,23.200000762939453,23.079999923706055,23.18000030517578,0,0.0,0.0
2025-05-08 08:53:00-05:00,23.15999984741211,23.15999984741211,23.1200008392334,23.149999618530273,0,0.0,0.0
2025-05-08 08:54:00-05:00,23.139999389648438,23.139999389648438,23.1299991607666,23.1299991607666,0,0.0,0.0
2025-05-08 08:55:00-05:00,23.1200008392334,23.139999389648438,23.06999969482422,23.06999969482422,0,0.0,0.0
2025-05-08 08:56:00-05:00,23.06999969482422,23.06999969482422,23.010000228881836,23.010000228881836,0,0.0,0.0
2025-05-08 08:57:00-05:00,23.010000228881836,23.010000228881836,22.969999313354492,22.969999313354492,0,0.0,0.0
2025-05-08 08:58:00-05:00,22.959999084472656,23.1200008392334,22.959999084472656,23.1200008392334,0,0.0,0.0
2025-05-08 08:59:00-05:00,23.139999389648438,23.139999389648438,23.1200008392334,23.1299991607666,0,0.0,0.0
2025-05-08 09:00:00-05:00,23.100000381469727,23.1200008392334,23.06999969482422,23.06999969482422,0,0.0,0.0
2025-05-08 09:01:00-05:00,23.059999465942383,23.059999465942383,23.040000915527344,23.040000915527344,0,0.0,0.0
2025-05-08 09:02:00-05:00,23.020000457763672,23.020000457763672,23.0,23.0,0,0.0,0.0
2025-05-08 09:03:00-05:00,23.020000457763672,23.020000457763672,22.979999542236328,22.989999771118164,0,0.0,0.0
2025-05-08 09:04:00-05:00,23.030000686645508,23.040000915527344,23.010000228881836,23.040000915527344,0,0.0,0.0
2025-05-08 09:05:00-05:00,23.06999969482422,23.09000015258789,23.06999969482422,23.09000015258789,0,0.0,0.0
2025-05-08 09:06:00-05:00,23.06999969482422,23.100000381469727,23.06999969482422,23.100000381469727,0,0.0,0.0
2025-05-08 09:07:00-05:00,23.100000381469727,23.149999618530273,23.100000381469727,23.1299991607666,0,0.0,0.0
2025-05-08 09:08:00-05:00,23.1200008392334,23.25,23.1200008392334,23.15999984741211,0,0.0,0.0
2025-05-08 09:09:00-05:00,23.190000534057617,23.25,23.190000534057617,23.219999313354492,0,0.0,0.0
2025-05-08 09:10:00-05:00,23.190000534057617,23.25,23.190000534057617,23.190000534057617,0,0.0,0.0
2025-05-08 09:11:00-05:00,23.219999313354492,23.309999465942383,23.200000762939453,23.309999465942383,0,0.0,0.0
2025-05-08 09:12:00-05:00,23.3700008392334,23.420000076293945,23.3700008392334,23.3700008392334,0,0.0,0.0
2025-05-08 09:13:00-05:00,23.3700008392334,23.3700008392334,23.299999237060547,23.299999237060547,0,0.0,0.0
2025-05-08 09:14:00-05:00,23.31999969482422,23.31999969482422,23.260000228881836,23.280000686645508,0,0.0,0.0
2025-05-08 09:15:00-05:00,23.290000915527344,23.299999237060547,23.239999771118164,23.239999771118164,0,0.0,0.0
2025-05-08 09:16:00-05:00,23.239999771118164,23.25,23.190000534057617,23.190000534057617,0,0.0,0.0
2025-05-08 09:17:00-05:00,23.149999618530273,23.18000030517578,23.1200008392334,23.18000030517578,0,0.0,0.0
2025-05-08 09:18:00-05:00,23.110000610351562,23.1299991607666,23.100000381469727,23.100000381469727,0,0.0,0.0
2025-05-08 09:19:00-05:00,23.1299991607666,23.18000030517578,23.110000610351562,23.110000610351562,0,0.0,0.0
2025-05-08 09:20:00-05:00,23.09000015258789,23.100000381469727,23.030000686645508,23.030000686645508,0,0.0,0.0
2025-05-08 09:21:00-05:00,23.06999969482422,23.06999969482422,23.010000228881836,23.010000228881836,0,0.0,0.0
2025-05-08 09:22:00-05:00,22.979999542236328,23.059999465942383,22.90999984741211,22.989999771118164,0,0.0,0.0
2025-05-08 09:23:00-05:00,23.06999969482422,23.100000381469727,22.989999771118164,23.100000381469727,0,0.0,0.0
2025-05-08 09:24:00-05:00,23.079999923706055,23.079999923706055,23.030000686645508,23.030000686645508,0,0.0,0.0
2025-05-08 09:25:00-05:00,23.030000686645508,23.030000686645508,22.950000762939453,22.950000762939453,0,0.0,0.0
2025-05-08 09:26:00-05:00,22.950000762939453,22.950000762939453,22.889999389648438,22.889999389648438,0,0.0,0.0
2025-05-08 09:27:00-05:00,22.8799991607666,22.8799991607666,22.81999969482422,22.81999969482422,0,0.0,0.0
2025-05-08 09:28:00-05:00,22.780000686645508,22.81999969482422,22.780000686645508,22.799999237060547,0,0.0,0.0
2025-05-08 09:29:00-05:00,22.799999237060547,22.829999923706055,22.780000686645508,22.829999923706055,0,0.0,0.0
2025-05-08 09:30:00-05:00,22.760000228881836,22.799999237060547,22.760000228881836,22.780000686645508,0,0.0,0.0
2025-05-08 09:31:00-05:00,22.780000686645508,22.829999923706055,22.780000686645508,22.790000915527344,0,0.0,0.0
2025-05-08 09:32:00-05:00,22.799999237060547,22.799999237060547,22.719999313354492,22.719999313354492,0,0.0,0.0
2025-05-08 09:33:00-05:00,22.709999084472656,22.709999084472656,22.68000030517578,22.690000534057617,0,0.0,0.0
2025-05-08 09:34:00-05:00,22.65999984741211,22.700000762939453,22.649999618530273,22.690000534057617,0,0.0,0.0
2025-05-08 09:35:00-05:00,22.729999542236328,22.760000228881836,22.729999542236328,22.760000228881836,0,0.0,0.0
2025-05-08 09:36:00-05:00,22.770000457763672,22.8799991607666,22.770000457763672,22.81999969482422,0,0.0,0.0
2025-05-08 09:37:00-05:00,22.850000381469727,22.920000076293945,22.850000381469727,22.920000076293945,0,0.0,0.0
2025-05-08 09:38:00-05:00,22.899999618530273,22.93000030517578,22.8799991607666,22.93000030517578,0,0.0,0.0
2025-05-08 09:39:00-05:00,22.90999984741211,22.920000076293945,22.889999389648438,22.920000076293945,0,0.0,0.0
2025-05-08 09:40:00-05:00,22.969999313354492,22.989999771118164,22.940000534057617,22.950000762939453,0,0.0,0.0
2025-05-08 09:41:00-05:00,22.8799991607666,22.920000076293945,22.8799991607666,22.889999389648438,0,0.0,0.0
2025-05-08 09:42:00-05:00,22.90999984741211,22.959999084472656,22.90999984741211,22.93000030517578,0,0.0,0.0
2025-05-08 09:43:00-05:00,22.93000030517578,22.989999771118164,22.90999984741211,22.989999771118164,0,0.0,0.0
2025-05-08 09:44:00-05:00,22.969999313354492,23.0,22.93000030517578,22.93000030517578,0,0.0,0.0
2025-05-08 09:45:00-05:00,22.889999389648438,22.920000076293945,22.8799991607666,22.920000076293945,0,0.0,0.0
2025-05-08 09:48:00-05:00,22.989999771118164,23.020000457763672,22.969999313354492,22.969999313354492,0,0.0,0.0
2025-05-08 09:49:00-05:00,22.979999542236328,23.040000915527344,22.979999542236328,23.040000915527344,0,0.0,0.0
2025-05-08 09:50:00-05:00,23.010000228881836,23.030000686645508,23.0,23.0,0,0.0,0.0
2025-05-08 09:51:00-05:00,22.989999771118164,22.989999771118164,22.920000076293945,22.920000076293945,0,0.0,0.0
2025-05-08 09:52:00-05:00,22.8799991607666,22.889999389648438,22.850000381469727,22.889999389648438,0,0.0,0.0
2025-05-08 09:53:00-05:00,22.989999771118164,23.25,22.989999771118164,23.25,0,0.0,0.0
2025-05-08 09:54:00-05:00,23.440000534057617,23.479999542236328,23.389999389648438,23.479999542236328,0,0.0,0.0
2025-05-08 09:55:00-05:00,23.399999618530273,23.579999923706055,23.399999618530273,23.579999923706055,0,0.0,0.0
2025-05-08 09:56:00-05:00,23.610000610351562,23.610000610351562,23.34000015258789,23.450000762939453,0,0.0,0.0
2025-05-08 09:57:00-05:00,23.489999771118164,23.489999771118164,23.360000610351562,23.360000610351562,0,0.0,0.0
2025-05-08 09:58:00-05:00,23.360000610351562,23.360000610351562,23.329999923706055,23.329999923706055,0,0.0,0.0
2025-05-08 09:59:00-05:00,23.34000015258789,23.399999618530273,23.309999465942383,23.399999618530273,0,0.0,0.0
2025-05-08 10:00:00-05:00,23.3700008392334,23.450000762939453,23.290000915527344,23.290000915527344,0,0.0,0.0
2025-05-08 10:01:00-05:00,23.329999923706055,23.329999923706055,23.270000457763672,23.270000457763672,0,0.0,0.0
2025-05-08 10:02:00-05:00,23.280000686645508,23.399999618530273,23.280000686645508,23.3700008392334,0,0.0,0.0
2025-05-08 10:03:00-05:00,23.34000015258789,23.399999618530273,23.34000015258789,23.399999618530273,0,0.0,0.0
2025-05-08 10:04:00-05:00,23.3700008392334,23.43000030517578,23.3700008392334,23.40999984741211,0,0.0,0.0
2025-05-08 10:05:00-05:00,23.40999984741211,23.40999984741211,23.219999313354492,23.219999313354492,0,0.0,0.0
2025-05-08 10:06:00-05:00,23.239999771118164,23.239999771118164,23.1200008392334,23.1200008392334,0,0.0,0.0
2025-05-08 10:07:00-05:00,23.149999618530273,23.170000076293945,23.09000015258789,23.09000015258789,0,0.0,0.0
2025-05-08 10:08:00-05:00,23.06999969482422,23.06999969482422,23.030000686645508,23.040000915527344,0,0.0,0.0
2025-05-08 10:09:00-05:00,23.030000686645508,23.040000915527344,23.030000686645508,23.030000686645508,0,0.0,0.0
2025-05-08 10:10:00-05:00,23.030000686645508,23.030000686645508,22.950000762939453,22.950000762939453,0,0.0,0.0
2025-05-08 10:11:00-05:00,22.93000030517578,22.950000762939453,22.920000076293945,22.940000534057617,0,0.0,0.0
2025-05-08 10:12:00-05:00,22.940000534057617,22.950000762939453,22.920000076293945,22.950000762939453,0,0.0,0.0
2025-05-08 10:13:00-05:00,22.959999084472656,22.959999084472656,22.93000030517578,22.93000030517578,0,0.0,0.0
2025-05-08 10:14:00-05:00,22.8799991607666,22.8799991607666,22.809999465942383,22.829999923706055,0,0.0,0.0
2025-05-08 10:15:00-05:00,22.799999237060547,22.829999923706055,22.780000686645508,22.780000686645508,0,0.0,0.0
2025-05-08 10:16:00-05:00,22.829999923706055,22.829999923706055,22.799999237060547,22.799999237060547,0,0.0,0.0
2025-05-08 10:17:00-05:00,22.780000686645508,22.799999237060547,22.75,22.799999237060547,0,0.0,0.0
2025-05-08 10:18:00-05:00,22.760000228881836,22.770000457763672,22.709999084472656,22.709999084472656,0,0.0,0.0
2025-05-08 10:19:00-05:00,22.709999084472656,22.75,22.709999084472656,22.75,0,0.0,0.0
2025-05-08 10:20:00-05:00,22.729999542236328,22.729999542236328,22.690000534057617,22.690000534057617,0,0.0,0.0
2025-05-08 10:21:00-05:00,22.489999771118164,22.6299991607666,22.489999771118164,22.6299991607666,0,0.0,0.0
2025-05-08 10:22:00-05:00,22.6200008392334,22.6200008392334,22.530000686645508,22.530000686645508,0,0.0,0.0
2025-05-08 10:23:00-05:00,22.510000228881836,22.520000457763672,22.479999542236328,22.479999542236328,0,0.0,0.0
2025-05-08 10:24:00-05:00,22.459999084472656,22.469999313354492,22.399999618530273,22.399999618530273,0,0.0,0.0
2025-05-08 10:25:00-05:00,22.3799991607666,22.389999389648438,22.3799991607666,22.389999389648438,0,0.0,0.0
2025-05-08 10:26:00-05:00,22.350000381469727,22.360000610351562,22.350000381469727,22.350000381469727,0,0.0,0.0
2025-05-08 10:27:00-05:00,22.34000015258789,22.34000015258789,22.34000015258789,22.34000015258789,0,0.0,0.0
2025-05-08 10:28:00-05:00,22.34000015258789,22.34000015258789,22.299999237060547,22.299999237060547,0,0.0,0.0
2025-05-08 10:29:00-05:00,22.260000228881836,22.299999237060547,22.239999771118164,22.299999237060547,0,0.0,0.0
2025-05-08 10:30:00-05:00,22.43000030517578,22.600000381469727,22.43000030517578,22.600000381469727,0,0.0,0.0
2025-05-08 10:31:00-05:00,22.489999771118164,22.489999771118164,22.43000030517578,22.489999771118164,0,0.0,0.0
2025-05-08 10:32:00-05:00,22.469999313354492,22.469999313354492,22.3700008392334,22.3700008392334,0,0.0,0.0
2025-05-08 10:33:00-05:00,22.3799991607666,22.3799991607666,22.299999237060547,22.31999969482422,0,0.0,0.0
2025-05-08 10:34:00-05:00,22.31999969482422,22.34000015258789,22.299999237060547,22.329999923706055,0,0.0,0.0
2025-05-08 10:35:00-05:00,22.290000915527344,22.290000915527344,22.229999542236328,22.280000686645508,0,0.0,0.0
2025-05-08 10:36:00-05:00,22.280000686645508,22.280000686645508,22.229999542236328,22.260000228881836,0,0.0,0.0
2025-05-08 10:37:00-05:00,22.270000457763672,22.270000457763672,22.229999542236328,22.260000228881836,0,0.0,0.0
2025-05-08 10:38:00-05:00,22.229999542236328,22.299999237060547,22.229999542236328,22.299999237060547,0,0.0,0.0
2025-05-08 10:39:00-05:00,22.309999465942383,22.309999465942383,22.209999084472656,22.209999084472656,0,0.0,0.0
2025-05-08 10:40:00-05:00,22.15999984741211,22.15999984741211,22.049999237060547,22.049999237060547,0,0.0,0.0
2025-05-08 10:41:00-05:00,22.059999465942383,22.06999969482422,21.989999771118164,21.989999771118164,0,0.0,0.0
2025-05-08 10:42:00-05:00,21.959999084472656,21.959999084472656,21.889999389648438,21.93000030517578,0,0.0,0.0
2025-05-08 10:43:00-05:00,21.899999618530273,21.989999771118164,21.889999389648438,21.889999389648438,0,0.0,0.0
2025-05-08 10:44:00-05:00,21.8799991607666,21.959999084472656,21.8799991607666,21.959999084472656,0,0.0,0.0
2025-05-08 10:45:00-05:00,21.989999771118164,22.030000686645508,21.93000030517578,22.0,0,0.0,0.0
2025-05-08 10:46:00-05:00,22.030000686645508,22.049999237060547,22.030000686645508,22.049999237060547,0,0.0,0.0
2025-05-08 10:47:00-05:00,22.110000610351562,22.1299991607666,22.110000610351562,22.1299991607666,0,0.0,0.0
2025-05-08 10:48:00-05:00,22.110000610351562,22.110000610351562,22.06999969482422,22.110000610351562,0,0.0,0.0
2025-05-08 10:49:00-05:00,22.1299991607666,22.18000030517578,22.1299991607666,22.18000030517578,0,0.0,0.0
2025-05-08 10:50:00-05:00,22.149999618530273,22.200000762939453,22.149999618530273,22.200000762939453,0,0.0,0.0
2025-05-08 10:51:00-05:00,22.209999084472656,22.219999313354492,22.209999084472656,22.219999313354492,0,0.0,0.0
2025-05-08 10:52:00-05:00,22.219999313354492,22.260000228881836,22.219999313354492,22.229999542236328,0,0.0,0.0
2025-05-08 10:53:00-05:00,22.309999465942383,22.309999465942383,22.290000915527344,22.299999237060547,0,0.0,0.0
2025-05-08 10:54:00-05:00,22.329999923706055,22.329999923706055,22.209999084472656,22.209999084472656,0,0.0,0.0
2025-05-08 10:55:00-05:00,22.219999313354492,22.31999969482422,22.219999313354492,22.31999969482422,0,0.0,0.0
2025-05-08 10:56:00-05:00,22.299999237060547,22.360000610351562,22.299999237060547,22.309999465942383,0,0.0,0.0
2025-05-08 10:57:00-05:00,22.260000228881836,22.260000228881836,22.260000228881836,22.260000228881836,0,0.0,0.0
2025-05-08 10:58:00-05:00,22.270000457763672,22.270000457763672,22.239999771118164,22.25,0,0.0,0.0
2025-05-08 10:59:00-05:00,22.260000228881836,22.280000686645508,22.239999771118164,22.280000686645508,0,0.0,0.0
2025-05-08 11:00:00-05:00,22.270000457763672,22.270000457763672,22.209999084472656,22.209999084472656,0,0.0,0.0
2025-05-08 11:01:00-05:00,22.209999084472656,22.229999542236328,22.200000762939453,22.219999313354492,0,0.0,0.0
2025-05-08 11:02:00-05:00,22.209999084472656,22.229999542236328,22.209999084472656,22.219999313354492,0,0.0,0.0
2025-05-08 11:03:00-05:00,22.219999313354492,22.25,22.219999313354492,22.239999771118164,0,0.0,0.0
2025-05-08 11:04:00-05:00,22.209999084472656,22.219999313354492,22.209999084472656,22.219999313354492,0,0.0,0.0
2025-05-08 11:05:00-05:00,22.219999313354492,22.219999313354492,22.170000076293945,22.170000076293945,0,0.0,0.0
2025-05-08 11:06:00-05:00,22.190000534057617,22.190000534057617,22.170000076293945,22.170000076293945,0,0.0,0.0
2025-05-08 11:07:00-05:00,22.139999389648438,22.139999389648438,22.110000610351562,22.110000610351562,0,0.0,0.0
2025-05-08 11:08:00-05:00,22.1200008392334,22.1299991607666,22.1200008392334,22.1299991607666,0,0.0,0.0
2025-05-08 11:09:00-05:00,22.1299991607666,22.1299991607666,22.100000381469727,22.100000381469727,0,0.0,0.0
2025-05-08 11:10:00-05:00,22.09000015258789,22.100000381469727,22.079999923706055,22.100000381469727,0,0.0,0.0
2025-05-08 11:11:00-05:00,22.100000381469727,22.18000030517578,22.100000381469727,22.18000030517578,0,0.0,0.0
2025-05-08 11:12:00-05:00,22.18000030517578,22.18000030517578,22.100000381469727,22.100000381469727,0,0.0,0.0
2025-05-08 11:13:00-05:00,22.09000015258789,22.09000015258789,22.06999969482422,22.09000015258789,0,0.0,0.0
2025-05-08 11:14:00-05:00,22.079999923706055,22.079999923706055,22.06999969482422,22.079999923706055,0,0.0,0.0
2025-05-08 11:15:00-05:00,22.09000015258789,22.09000015258789,22.06999969482422,22.06999969482422,0,0.0,0.0
2025-05-08 11:16:00-05:00,22.06999969482422,22.06999969482422,22.030000686645508,22.059999465942383,0,0.0,0.0
2025-05-08 11:17:00-05:00,22.110000610351562,22.15999984741211,22.110000610351562,22.15999984741211,0,0.0,0.0
2025-05-08 11:18:00-05:00,22.15999984741211,22.15999984741211,22.139999389648438,22.15999984741211,0,0.0,0.0
2025-05-08 11:19:00-05:00,22.15999984741211,22.15999984741211,22.139999389648438,22.139999389648438,0,0.0,0.0
2025-05-08 11:20:00-05:00,22.149999618530273,22.149999618530273,22.110000610351562,22.149999618530273,0,0.0,0.0
2025-05-08 11:21:00-05:00,22.190000534057617,22.209999084472656,22.170000076293945,22.209999084472656,0,0.0,0.0
2025-05-08 11:22:00-05:00,22.229999542236328,22.260000228881836,22.229999542236328,22.239999771118164,0,0.0,0.0
2025-05-08 11:23:00-05:00,22.260000228881836,22.260000228881836,22.229999542236328,22.229999542236328,0,0.0,0.0
2025-05-08 11:24:00-05:00,22.25,22.25,22.239999771118164,22.239999771118164,0,0.0,0.0
2025-05-08 11:25:00-05:00,22.239999771118164,22.260000228881836,22.239999771118164,22.260000228881836,0,0.0,0.0
2025-05-08 11:26:00-05:00,22.239999771118164,22.299999237060547,22.239999771118164,22.290000915527344,0,0.0,0.0
2025-05-08 11:27:00-05:00,22.299999237060547,22.299999237060547,22.260000228881836,22.270000457763672,0,0.0,0.0
2025-05-08 11:28:00-05:00,22.299999237060547,22.299999237060547,22.280000686645508,22.299999237060547,0,0.0,0.0
2025-05-08 11:29:00-05:00,22.290000915527344,22.309999465942383,22.290000915527344,22.299999237060547,0,0.0,0.0
2025-05-08 11:30:00-05:00,22.299999237060547,22.299999237060547,22.270000457763672,22.270000457763672,0,0.0,0.0
2025-05-08 11:31:00-05:00,22.299999237060547,22.299999237060547,22.260000228881836,22.260000228881836,0,0.0,0.0
2025-05-08 11:32:00-05:00,22.260000228881836,22.260000228881836,22.219999313354492,22.219999313354492,0,0.0,0.0
2025-05-08 11:33:00-05:00,22.239999771118164,22.25,22.219999313354492,22.219999313354492,0,0.0,0.0
2025-05-08 11:34:00-05:00,22.219999313354492,22.219999313354492,22.190000534057617,22.200000762939453,0,0.0,0.0
2025-05-08 11:35:00-05:00,22.209999084472656,22.219999313354492,22.200000762939453,22.209999084472656,0,0.0,0.0
2025-05-08 11:36:00-05:00,22.219999313354492,22.229999542236328,22.209999084472656,22.229999542236328,0,0.0,0.0
2025-05-08 11:37:00-05:00,22.219999313354492,22.239999771118164,22.209999084472656,22.209999084472656,0,0.0,0.0
2025-05-08 11:38:00-05:00,22.219999313354492,22.219999313354492,22.190000534057617,22.190000534057617,0,0.0,0.0
2025-05-08 11:39:00-05:00,22.190000534057617,22.190000534057617,22.18000030517578,22.18000030517578,0,0.0,0.0
2025-05-08 11:40:00-05:00,22.18000030517578,22.219999313354492,22.18000030517578,22.219999313354492,0,0.0,0.0
2025-05-08 11:41:00-05:00,22.219999313354492,22.219999313354492,22.209999084472656,22.209999084472656,0,0.0,0.0
2025-05-08 11:42:00-05:00,22.200000762939453,22.200000762939453,22.190000534057617,22.190000534057617,0,0.0,0.0
2025-05-08 11:43:00-05:00,22.200000762939453,22.200000762939453,22.1299991607666,22.1299991607666,0,0.0,0.0
2025-05-08 11:44:00-05:00,22.15999984741211,22.15999984741211,22.149999618530273,22.15999984741211,0,0.0,0.0
2025-05-08 11:45:00-05:00,22.15999984741211,22.170000076293945,22.139999389648438,22.139999389648438,0,0.0,0.0
2025-05-08 11:46:00-05:00,22.139999389648438,22.149999618530273,22.139999389648438,22.149999618530273,0,0.0,0.0
2025-05-08 11:47:00-05:00,22.139999389648438,22.139999389648438,22.1200008392334,22.1200008392334,0,0.0,0.0
2025-05-08 11:48:00-05:00,22.110000610351562,22.110000610351562,22.06999969482422,22.06999969482422,0,0.0,0.0
2025-05-08 11:49:00-05:00,22.06999969482422,22.06999969482422,22.049999237060547,22.049999237060547,0,0.0,0.0
2025-05-08 11:50:00-05:00,22.049999237060547,22.06999969482422,22.049999237060547,22.06999969482422,0,0.0,0.0
2025-05-08 11:51:00-05:00,22.06999969482422,22.1200008392334,22.059999465942383,22.1200008392334,0,0.0,0.0
2025-05-08 11:52:00-05:00,22.1200008392334,22.1299991607666,22.110000610351562,22.1299991607666,0,0.0,0.0
2025-05-08 11:53:00-05:00,22.139999389648438,22.149999618530273,22.139999389648438,22.139999389648438,0,0.0,0.0
2025-05-08 11:54:00-05:00,22.149999618530273,22.149999618530273,22.149999618530273,22.149999618530273,0,0.0,0.0
2025-05-08 11:55:00-05:00,22.149999618530273,22.170000076293945,22.149999618530273,22.15999984741211,0,0.0,0.0
2025-05-08 11:56:00-05:00,22.15999984741211,22.170000076293945,22.15999984741211,22.170000076293945,0,0.0,0.0
2025-05-08 11:57:00-05:00,22.170000076293945,22.190000534057617,22.170000076293945,22.190000534057617,0,0.0,0.0
2025-05-08 11:58:00-05:00,22.18000030517578,22.190000534057617,22.18000030517578,22.190000534057617,0,0.0,0.0
2025-05-08 11:59:00-05:00,22.18000030517578,22.190000534057617,22.170000076293945,22.190000534057617,0,0.0,0.0
2025-05-08 12:00:00-05:00,22.18000030517578,22.190000534057617,22.18000030517578,22.190000534057617,0,0.0,0.0
2025-05-08 12:01:00-05:00,22.209999084472656,22.219999313354492,22.200000762939453,22.200000762939453,0,0.0,0.0
2025-05-08 12:02:00-05:00,22.190000534057617,22.270000457763672,22.190000534057617,22.260000228881836,0,0.0,0.0
2025-05-08 12:03:00-05:00,22.260000228881836,22.260000228881836,22.219999313354492,22.229999542236328,0,0.0,0.0
2025-05-08 12:04:00-05:00,22.219999313354492,22.219999313354492,22.209999084472656,22.209999084472656,0,0.0,0.0
2025-05-08 12:05:00-05:00,22.229999542236328,22.25,22.229999542236328,22.25,0,0.0,0.0
2025-05-08 12:06:00-05:00,22.229999542236328,22.25,22.229999542236328,22.25,0,0.0,0.0
2025-05-08 12:07:00-05:00,22.25,22.25,22.209999084472656,22.209999084472656,0,0.0,0.0
2025-05-08 12:08:00-05:00,22.200000762939453,22.239999771118164,22.200000762939453,22.239999771118164,0,0.0,0.0
2025-05-08 12:09:00-05:00,22.239999771118164,22.260000228881836,22.239999771118164,22.260000228881836,0,0.0,0.0
2025-05-08 12:10:00-05:00,22.270000457763672,22.280000686645508,22.239999771118164,22.239999771118164,0,0.0,0.0
2025-05-08 12:11:00-05:00,22.239999771118164,22.260000228881836,22.239999771118164,22.260000228881836,0,0.0,0.0
2025-05-08 12:12:00-05:00,22.260000228881836,22.299999237060547,22.260000228881836,22.299999237060547,0,0.0,0.0
2025-05-08 12:13:00-05:00,22.290000915527344,22.290000915527344,22.260000228881836,22.260000228881836,0,0.0,0.0
2025-05-08 12:14:00-05:00,22.270000457763672,22.309999465942383,22.270000457763672,22.309999465942383,0,0.0,0.0
2025-05-08 12:15:00-05:00,22.299999237060547,22.299999237060547,22.290000915527344,22.299999237060547,0,0.0,0.0
2025-05-08 12:16:00-05:00,22.299999237060547,22.299999237060547,22.290000915527344,22.299999237060547,0,0.0,0.0
2025-05-08 12:17:00-05:00,22.290000915527344,22.309999465942383,22.290000915527344,22.309999465942383,0,0.0,0.0
2025-05-08 12:18:00-05:00,22.299999237060547,22.31999969482422,22.299999237060547,22.31999969482422,0,0.0,0.0
2025-05-08 12:19:00-05:00,22.299999237060547,22.3799991607666,22.299999237060547,22.3799991607666,0,0.0,0.0
2025-05-08 12:20:00-05:00,22.3700008392334,22.420000076293945,22.3700008392334,22.420000076293945,0,0.0,0.0
2025-05-08 12:21:00-05:00,22.420000076293945,22.420000076293945,22.389999389648438,22.399999618530273,0,0.0,0.0
2025-05-08 12:22:00-05:00,22.40999984741211,22.40999984741211,22.350000381469727,22.350000381469727,0,0.0,0.0
2025-05-08 12:23:00-05:00,22.34000015258789,22.34000015258789,22.309999465942383,22.309999465942383,0,0.0,0.0
2025-05-08 12:24:00-05:00,22.309999465942383,22.329999923706055,22.299999237060547,22.31999969482422,0,0.0,0.0
2025-05-08 12:25:00-05:00,22.31999969482422,22.389999389648438,22.31999969482422,22.389999389648438,0,0.0,0.0
2025-05-08 12:26:00-05:00,22.3700008392334,22.3700008392334,22.350000381469727,22.350000381469727,0,0.0,0.0
2025-05-08 12:27:00-05:00,22.350000381469727,22.3700008392334,22.350000381469727,22.3700008392334,0,0.0,0.0
2025-05-08 12:28:00-05:00,22.3700008392334,22.3700008392334,22.350000381469727,22.350000381469727,0,0.0,0.0
2025-05-08 12:29:00-05:00,22.31999969482422,22.360000610351562,22.31999969482422,22.350000381469727,0,0.0,0.0
2025-05-08 12:30:00-05:00,22.350000381469727,22.360000610351562,22.350000381469727,22.350000381469727,0,0.0,0.0
2025-05-08 12:31:00-05:00,22.350000381469727,22.350000381469727,22.329999923706055,22.34000015258789,0,0.0,0.0
2025-05-08 12:32:00-05:00,22.34000015258789,22.34000015258789,22.31999969482422,22.31999969482422,0,0.0,0.0
2025-05-08 12:33:00-05:00,22.329999923706055,22.40999984741211,22.329999923706055,22.399999618530273,0,0.0,0.0
2025-05-08 12:34:00-05:00,22.399999618530273,22.440000534057617,22.399999618530273,22.440000534057617,0,0.0,0.0
2025-05-08 12:35:00-05:00,22.440000534057617,22.479999542236328,22.440000534057617,22.459999084472656,0,0.0,0.0
2025-05-08 12:36:00-05:00,22.469999313354492,22.5,22.459999084472656,22.489999771118164,0,0.0,0.0
2025-05-08 12:37:00-05:00,22.5,22.5,22.440000534057617,22.440000534057617,0,0.0,0.0
2025-05-08 12:38:00-05:00,22.450000762939453,22.450000762939453,22.389999389648438,22.389999389648438,0,0.0,0.0
2025-05-08 12:39:00-05:00,22.389999389648438,22.420000076293945,22.3799991607666,22.420000076293945,0,0.0,0.0
2025-05-08 12:40:00-05:00,22.399999618530273,22.40999984741211,22.389999389648438,22.40999984741211,0,0.0,0.0
2025-05-08 12:41:00-05:00,22.399999618530273,22.420000076293945,22.399999618530273,22.420000076293945,0,0.0,0.0
2025-05-08 12:42:00-05:00,22.420000076293945,22.440000534057617,22.399999618530273,22.399999618530273,0,0.0,0.0
2025-05-08 12:43:00-05:00,22.389999389648438,22.389999389648438,22.3700008392334,22.3700008392334,0,0.0,0.0
2025-05-08 12:44:00-05:00,22.360000610351562,22.389999389648438,22.360000610351562,22.389999389648438,0,0.0,0.0
2025-05-08 12:45:00-05:00,22.389999389648438,22.389999389648438,22.3799991607666,22.389999389648438,0,0.0,0.0
2025-05-08 12:46:00-05:00,22.3799991607666,22.43000030517578,22.3799991607666,22.43000030517578,0,0.0,0.0
2025-05-08 12:47:00-05:00,22.43000030517578,22.43000030517578,22.43000030517578,22.43000030517578,0,0.0,0.0
2025-05-08 12:48:00-05:00,22.420000076293945,22.440000534057617,22.40999984741211,22.440000534057617,0,0.0,0.0
2025-05-08 12:49:00-05:00,22.399999618530273,22.399999618530273,22.3799991607666,22.3799991607666,0,0.0,0.0
2025-05-08 12:50:00-05:00,22.389999389648438,22.420000076293945,22.389999389648438,22.389999389648438,0,0.0,0.0
2025-05-08 12:51:00-05:00,22.3700008392334,22.3700008392334,22.350000381469727,22.350000381469727,0,0.0,0.0
2025-05-08 12:52:00-05:00,22.329999923706055,22.34000015258789,22.31999969482422,22.31999969482422,0,0.0,0.0
2025-05-08 12:53:00-05:00,22.329999923706055,22.329999923706055,22.309999465942383,22.309999465942383,0,0.0,0.0
2025-05-08 12:54:00-05:00,22.329999923706055,22.3700008392334,22.31999969482422,22.31999969482422,0,0.0,0.0
2025-05-08 12:55:00-05:00,22.360000610351562,22.40999984741211,22.360000610351562,22.40999984741211,0,0.0,0.0
2025-05-08 12:56:00-05:00,22.420000076293945,22.5,22.420000076293945,22.5,0,0.0,0.0
2025-05-08 12:57:00-05:00,22.5,22.510000228881836,22.489999771118164,22.510000228881836,0,0.0,0.0
2025-05-08 12:58:00-05:00,22.549999237060547,22.56999969482422,22.510000228881836,22.549999237060547,0,0.0,0.0
2025-05-08 12:59:00-05:00,22.56999969482422,22.579999923706055,22.56999969482422,22.56999969482422,0,0.0,0.0
2025-05-08 13:00:00-05:00,22.600000381469727,22.6200008392334,22.579999923706055,22.610000610351562,0,0.0,0.0
2025-05-08 13:01:00-05:00,22.559999465942383,22.56999969482422,22.540000915527344,22.559999465942383,0,0.0,0.0
2025-05-08 13:02:00-05:00,22.540000915527344,22.579999923706055,22.540000915527344,22.579999923706055,0,0.0,0.0
2025-05-08 13:03:00-05:00,22.59000015258789,22.600000381469727,22.559999465942383,22.600000381469727,0,0.0,0.0
2025-05-08 13:04:00-05:00,22.610000610351562,22.6200008392334,22.600000381469727,22.600000381469727,0,0.0,0.0
2025-05-08 13:05:00-05:00,22.59000015258789,22.59000015258789,22.559999465942383,22.559999465942383,0,0.0,0.0
2025-05-08 13:06:00-05:00,22.549999237060547,22.559999465942383,22.530000686645508,22.559999465942383,0,0.0,0.0
2025-05-08 13:07:00-05:00,22.530000686645508,22.530000686645508,22.469999313354492,22.469999313354492,0,0.0,0.0
2025-05-08 13:08:00-05:00,22.450000762939453,22.450000762939453,22.40999984741211,22.40999984741211,0,0.0,0.0
2025-05-08 13:09:00-05:00,22.389999389648438,22.389999389648438,22.3799991607666,22.389999389648438,0,0.0,0.0
2025-05-08 13:10:00-05:00,22.3799991607666,22.3799991607666,22.31999969482422,22.31999969482422,0,0.0,0.0
2025-05-08 13:11:00-05:00,22.31999969482422,22.420000076293945,22.31999969482422,22.420000076293945,0,0.0,0.0
2025-05-08 13:12:00-05:00,22.3700008392334,22.3700008392334,22.329999923706055,22.329999923706055,0,0.0,0.0
2025-05-08 13:13:00-05:00,22.350000381469727,22.350000381469727,22.329999923706055,22.350000381469727,0,0.0,0.0
2025-05-08 13:14:00-05:00,22.3700008392334,22.3700008392334,22.34000015258789,22.34000015258789,0,0.0,0.0
2025-05-08 13:15:00-05:00,22.3700008392334,22.3700008392334,22.329999923706055,22.329999923706055,0,0.0,0.0
2025-05-08 13:16:00-05:00,22.329999923706055,22.329999923706055,22.270000457763672,22.270000457763672,0,0.0,0.0
2025-05-08 13:17:00-05:00,22.280000686645508,22.309999465942383,22.270000457763672,22.309999465942383,0,0.0,0.0
2025-05-08 13:18:00-05:00,22.309999465942383,22.31999969482422,22.309999465942383,22.31999969482422,0,0.0,0.0
2025-05-08 13:19:00-05:00,22.31999969482422,22.31999969482422,22.309999465942383,22.31999969482422,0,0.0,0.0
2025-05-08 13:20:00-05:00,22.309999465942383,22.309999465942383,22.270000457763672,22.270000457763672,0,0.0,0.0
2025-05-08 13:21:00-05:00,22.290000915527344,22.290000915527344,22.270000457763672,22.280000686645508,0,0.0,0.0
2025-05-08 13:22:00-05:00,22.280000686645508,22.31999969482422,22.280000686645508,22.31999969482422,0,0.0,0.0
2025-05-08 13:23:00-05:00,22.31999969482422,22.3700008392334,22.309999465942383,22.3700008392334,0,0.0,0.0
2025-05-08 13:24:00-05:00,22.399999618530273,22.420000076293945,22.399999618530273,22.40999984741211,0,0.0,0.0
2025-05-08 13:25:00-05:00,22.40999984741211,22.40999984741211,22.350000381469727,22.350000381469727,0,0.0,0.0
2025-05-08 13:26:00-05:00,22.329999923706055,22.3799991607666,22.329999923706055,22.3799991607666,0,0.0,0.0
2025-05-08 13:27:00-05:00,22.389999389648438,22.389999389648438,22.350000381469727,22.350000381469727,0,0.0,0.0
2025-05-08 13:28:00-05:00,22.34000015258789,22.360000610351562,22.34000015258789,22.360000610351562,0,0.0,0.0
2025-05-08 13:29:00-05:00,22.34000015258789,22.360000610351562,22.329999923706055,22.360000610351562,0,0.0,0.0
2025-05-08 13:30:00-05:00,22.350000381469727,22.350000381469727,22.309999465942383,22.309999465942383,0,0.0,0.0
2025-05-08 13:31:00-05:00,22.309999465942383,22.309999465942383,22.270000457763672,22.270000457763672,0,0.0,0.0
2025-05-08 13:32:00-05:00,22.229999542236328,22.25,22.209999084472656,22.209999084472656,0,0.0,0.0
2025-05-08 13:33:00-05:00,22.200000762939453,22.200000762939453,22.149999618530273,22.149999618530273,0,0.0,0.0
2025-05-08 13:34:00-05:00,22.139999389648438,22.139999389648438,22.1299991607666,22.1299991607666,0,0.0,0.0
2025-05-08 13:35:00-05:00,22.1299991607666,22.1299991607666,22.110000610351562,22.110000610351562,0,0.0,0.0
2025-05-08 13:36:00-05:00,22.110000610351562,22.110000610351562,22.079999923706055,22.079999923706055,0,0.0,0.0
2025-05-08 13:37:00-05:00,22.079999923706055,22.100000381469727,22.079999923706055,22.100000381469727,0,0.0,0.0
2025-05-08 13:38:00-05:00,22.100000381469727,22.100000381469727,22.09000015258789,22.100000381469727,0,0.0,0.0
2025-05-08 13:39:00-05:00,22.09000015258789,22.1299991607666,22.09000015258789,22.1299991607666,0,0.0,0.0
2025-05-08 13:40:00-05:00,22.110000610351562,22.110000610351562,22.059999465942383,22.09000015258789,0,0.0,0.0
2025-05-08 13:41:00-05:00,22.100000381469727,22.1200008392334,22.100000381469727,22.110000610351562,0,0.0,0.0
2025-05-08 13:42:00-05:00,22.100000381469727,22.110000610351562,22.09000015258789,22.110000610351562,0,0.0,0.0
2025-05-08 13:43:00-05:00,22.110000610351562,22.1200008392334,22.110000610351562,22.110000610351562,0,0.0,0.0
2025-05-08 13:44:00-05:00,22.1200008392334,22.1299991607666,22.110000610351562,22.1200008392334,0,0.0,0.0
2025-05-08 13:45:00-05:00,22.15999984741211,22.219999313354492,22.15999984741211,22.170000076293945,0,0.0,0.0
2025-05-08 13:46:00-05:00,22.170000076293945,22.170000076293945,22.15999984741211,22.15999984741211,0,0.0,0.0
2025-05-08 13:47:00-05:00,22.18000030517578,22.18000030517578,22.1299991607666,22.1299991607666,0,0.0,0.0
2025-05-08 13:48:00-05:00,22.1200008392334,22.1299991607666,22.1200008392334,22.1299991607666,0,0.0,0.0
2025-05-08 13:49:00-05:00,22.1299991607666,22.1299991607666,22.1200008392334,22.1200008392334,0,0.0,0.0
2025-05-08 13:50:00-05:00,22.139999389648438,22.190000534057617,22.139999389648438,22.170000076293945,0,0.0,0.0
2025-05-08 13:51:00-05:00,22.18000030517578,22.200000762939453,22.18000030517578,22.18000030517578,0,0.0,0.0
2025-05-08 13:52:00-05:00,22.18000030517578,22.18000030517578,22.1200008392334,22.1200008392334,0,0.0,0.0
2025-05-08 13:53:00-05:00,22.100000381469727,22.1200008392334,22.079999923706055,22.079999923706055,0,0.0,0.0
2025-05-08 13:54:00-05:00,22.06999969482422,22.1200008392334,22.06999969482422,22.1200008392334,0,0.0,0.0
2025-05-08 13:55:00-05:00,22.100000381469727,22.110000610351562,22.09000015258789,22.09000015258789,0,0.0,0.0
2025-05-08 13:56:00-05:00,22.100000381469727,22.15999984741211,22.06999969482422,22.15999984741211,0,0.0,0.0
2025-05-08 13:57:00-05:00,22.1200008392334,22.1299991607666,22.110000610351562,22.1299991607666,0,0.0,0.0
2025-05-08 13:58:00-05:00,22.09000015258789,22.110000610351562,22.09000015258789,22.110000610351562,0,0.0,0.0
2025-05-08 13:59:00-05:00,22.15999984741211,22.15999984741211,22.139999389648438,22.139999389648438,0,0.0,0.0
2025-05-08 14:00:00-05:00,22.15999984741211,22.170000076293945,22.139999389648438,22.170000076293945,0,0.0,0.0
2025-05-08 14:01:00-05:00,22.209999084472656,22.219999313354492,22.190000534057617,22.209999084472656,0,0.0,0.0
2025-05-08 14:02:00-05:00,22.200000762939453,22.229999542236328,22.200000762939453,22.229999542236328,0,0.0,0.0
2025-05-08 14:03:00-05:00,22.209999084472656,22.209999084472656,22.1299991607666,22.1299991607666,0,0.0,0.0
2025-05-08 14:04:00-05:00,22.1299991607666,22.1299991607666,22.110000610351562,22.1200008392334,0,0.0,0.0
2025-05-08 14:05:00-05:00,22.1200008392334,22.149999618530273,22.110000610351562,22.149999618530273,0,0.0,0.0
2025-05-08 14:06:00-05:00,22.18000030517578,22.229999542236328,22.18000030517578,22.229999542236328,0,0.0,0.0
2025-05-08 14:07:00-05:00,22.219999313354492,22.229999542236328,22.209999084472656,22.229999542236328,0,0.0,0.0
2025-05-08 14:08:00-05:00,22.260000228881836,22.260000228881836,22.209999084472656,22.209999084472656,0,0.0,0.0
2025-05-08 14:09:00-05:00,22.260000228881836,22.260000228881836,22.190000534057617,22.200000762939453,0,0.0,0.0
2025-05-08 14:10:00-05:00,22.219999313354492,22.270000457763672,22.219999313354492,22.25,0,0.0,0.0
2025-05-08 14:11:00-05:00,22.25,22.25,22.219999313354492,22.219999313354492,0,0.0,0.0
2025-05-08 14:12:00-05:00,22.239999771118164,22.239999771118164,22.170000076293945,22.18000030517578,0,0.0,0.0
2025-05-08 14:13:00-05:00,22.219999313354492,22.219999313354492,22.209999084472656,22.219999313354492,0,0.0,0.0
2025-05-08 14:14:00-05:00,22.209999084472656,22.239999771118164,22.200000762939453,22.200000762939453,0,0.0,0.0
2025-05-08 14:15:00-05:00,22.190000534057617,22.209999084472656,22.15999984741211,22.170000076293945,0,0.0,0.0
2025-05-08 14:16:00-05:00,22.170000076293945,22.18000030517578,22.149999618530273,22.170000076293945,0,0.0,0.0
2025-05-08 14:17:00-05:00,22.190000534057617,22.209999084472656,22.190000534057617,22.190000534057617,0,0.0,0.0
2025-05-08 14:18:00-05:00,22.18000030517578,22.18000030517578,22.149999618530273,22.15999984741211,0,0.0,0.0
2025-05-08 14:19:00-05:00,22.170000076293945,22.209999084472656,22.15999984741211,22.200000762939453,0,0.0,0.0
2025-05-08 14:20:00-05:00,22.100000381469727,22.100000381469727,22.020000457763672,22.020000457763672,0,0.0,0.0
2025-05-08 14:21:00-05:00,22.06999969482422,22.06999969482422,21.920000076293945,21.920000076293945,0,0.0,0.0
2025-05-08 14:22:00-05:00,21.950000762939453,21.969999313354492,21.940000534057617,21.940000534057617,0,0.0,0.0
2025-05-08 14:23:00-05:00,21.93000030517578,21.969999313354492,21.93000030517578,21.969999313354492,0,0.0,0.0
2025-05-08 14:24:00-05:00,21.979999542236328,21.989999771118164,21.979999542236328,21.979999542236328,0,0.0,0.0
2025-05-08 14:25:00-05:00,21.989999771118164,21.989999771118164,21.959999084472656,21.979999542236328,0,0.0,0.0
2025-05-08 14:26:00-05:00,21.959999084472656,22.030000686645508,21.959999084472656,22.030000686645508,0,0.0,0.0
2025-05-08 14:27:00-05:00,22.06999969482422,22.110000610351562,22.06999969482422,22.110000610351562,0,0.0,0.0
2025-05-08 14:28:00-05:00,22.09000015258789,22.09000015258789,22.049999237060547,22.049999237060547,0,0.0,0.0
2025-05-08 14:29:00-05:00,22.059999465942383,22.059999465942383,22.049999237060547,22.059999465942383,0,0.0,0.0
2025-05-08 14:30:00-05:00,22.059999465942383,22.059999465942383,22.049999237060547,22.049999237060547,0,0.0,0.0
2025-05-08 14:31:00-05:00,22.030000686645508,22.079999923706055,22.030000686645508,22.079999923706055,0,0.0,0.0
2025-05-08 14:32:00-05:00,22.06999969482422,22.079999923706055,22.059999465942383,22.079999923706055,0,0.0,0.0
2025-05-08 14:33:00-05:00,22.100000381469727,22.139999389648438,22.09000015258789,22.139999389648438,0,0.0,0.0
2025-05-08 14:34:00-05:00,22.139999389648438,22.139999389648438,22.1200008392334,22.1200008392334,0,0.0,0.0
2025-05-08 14:35:00-05:00,22.1200008392334,22.170000076293945,22.1200008392334,22.170000076293945,0,0.0,0.0
2025-05-08 14:36:00-05:00,22.25,22.25,22.209999084472656,22.209999084472656,0,0.0,0.0
2025-05-08 14:37:00-05:00,22.219999313354492,22.219999313354492,22.200000762939453,22.219999313354492,0,0.0,0.0
2025-05-08 14:38:00-05:00,22.219999313354492,22.25,22.219999313354492,22.229999542236328,0,0.0,0.0
2025-05-08 14:39:00-05:00,22.260000228881836,22.290000915527344,22.260000228881836,22.290000915527344,0,0.0,0.0
2025-05-08 14:40:00-05:00,22.299999237060547,22.3700008392334,22.299999237060547,22.3700008392334,0,0.0,0.0
2025-05-08 14:41:00-05:00,22.329999923706055,22.329999923706055,22.299999237060547,22.329999923706055,0,0.0,0.0
2025-05-08 14:42:00-05:00,22.34000015258789,22.34000015258789,22.309999465942383,22.31999969482422,0,0.0,0.0
2025-05-08 14:43:00-05:00,22.31999969482422,22.34000015258789,22.31999969482422,22.34000015258789,0,0.0,0.0
2025-05-08 14:44:00-05:00,22.329999923706055,22.34000015258789,22.329999923706055,22.329999923706055,0,0.0,0.0
2025-05-08 14:45:00-05:00,22.31999969482422,22.440000534057617,22.31999969482422,22.440000534057617,0,0.0,0.0
2025-05-08 14:46:00-05:00,22.40999984741211,22.450000762939453,22.40999984741211,22.40999984741211,0,0.0,0.0
2025-05-08 14:47:00-05:00,22.420000076293945,22.440000534057617,22.40999984741211,22.40999984741211,0,0.0,0.0
2025-05-08 14:48:00-05:00,22.389999389648438,22.399999618530273,22.389999389648438,22.399999618530273,0,0.0,0.0
2025-05-08 14:49:00-05:00,22.40999984741211,22.420000076293945,22.40999984741211,22.40999984741211,0,0.0,0.0
2025-05-08 14:50:00-05:00,22.389999389648438,22.56999969482422,22.389999389648438,22.56999969482422,0,0.0,0.0
2025-05-08 14:51:00-05:00,22.579999923706055,22.6299991607666,22.520000457763672,22.520000457763672,0,0.0,0.0
2025-05-08 14:52:00-05:00,22.549999237060547,22.610000610351562,22.549999237060547,22.610000610351562,0,0.0,0.0
2025-05-08 14:53:00-05:00,22.600000381469727,22.6299991607666,22.600000381469727,22.610000610351562,0,0.0,0.0
2025-05-08 14:54:00-05:00,22.579999923706055,22.579999923706055,22.559999465942383,22.559999465942383,0,0.0,0.0
2025-05-08 14:55:00-05:00,22.59000015258789,22.68000030517578,22.59000015258789,22.670000076293945,0,0.0,0.0
2025-05-08 14:56:00-05:00,22.670000076293945,22.68000030517578,22.65999984741211,22.68000030517578,0,0.0,0.0
2025-05-08 14:57:00-05:00,22.65999984741211,22.68000030517578,22.649999618530273,22.649999618530273,0,0.0,0.0
2025-05-08 14:58:00-05:00,22.639999389648438,22.639999389648438,22.6200008392334,22.6200008392334,0,0.0,0.0
2025-05-08 14:59:00-05:00,22.6200008392334,22.649999618530273,22.6200008392334,22.6200008392334,0,0.0,0.0
2025-05-08 15:00:00-05:00,22.579999923706055,22.579999923706055,22.479999542236328,22.479999542236328,0,0.0,0.0
2025-05-08 15:01:00-05:00,22.450000762939453,22.469999313354492,22.440000534057617,22.450000762939453,0,0.0,0.0
2025-05-08 15:02:00-05:00,22.440000534057617,22.469999313354492,22.43000030517578,22.43000030517578,0,0.0,0.0
2025-05-08 15:03:00-05:00,22.450000762939453,22.450000762939453,22.43000030517578,22.440000534057617,0,0.0,0.0
2025-05-08 15:04:00-05:00,22.43000030517578,22.43000030517578,22.420000076293945,22.420000076293945,0,0.0,0.0
2025-05-08 15:05:00-05:00,22.399999618530273,22.399999618530273,22.389999389648438,22.399999618530273,0,0.0,0.0
2025-05-08 15:06:00-05:00,22.389999389648438,22.399999618530273,22.389999389648438,22.399999618530273,0,0.0,0.0
2025-05-08 15:07:00-05:00,22.389999389648438,22.389999389648438,22.3799991607666,22.389999389648438,0,0.0,0.0
2025-05-08 15:08:00-05:00,22.399999618530273,22.399999618530273,22.3799991607666,22.389999389648438,0,0.0,0.0
2025-05-08 15:09:00-05:00,22.3700008392334,22.3799991607666,22.360000610351562,22.360000610351562,0,0.0,0.0
2025-05-08 15:10:00-05:00,22.360000610351562,22.399999618530273,22.360000610351562,22.399999618530273,0,0.0,0.0
2025-05-08 15:11:00-05:00,22.399999618530273,22.43000030517578,22.399999618530273,22.43000030517578,0,0.0,0.0
2025-05-08 15:12:00-05:00,22.420000076293945,22.450000762939453,22.420000076293945,22.450000762939453,0,0.0,0.0
2025-05-08 15:13:00-05:00,22.43000030517578,22.459999084472656,22.43000030517578,22.459999084472656,0,0.0,0.0
2025-05-08 15:14:00-05:00,22.450000762939453,22.450000762939453,22.450000762939453,22.450000762939453,0,0.0,0.0
2025-05-09 02:15:00-05:00,22.399999618530273,22.399999618530273,22.399999618530273,22.399999618530273,0,0.0,0.0
2025-05-09 02:16:00-05:00,22.40999984741211,22.420000076293945,22.40999984741211,22.40999984741211,0,0.0,0.0
2025-05-09 02:18:00-05:00,22.420000076293945,22.420000076293945,22.420000076293945,22.420000076293945,0,0.0,0.0
2025-05-09 02:19:00-05:00,22.420000076293945,22.420000076293945,22.40999984741211,22.40999984741211,0,0.0,0.0
2025-05-09 02:20:00-05:00,22.399999618530273,22.399999618530273,22.389999389648438,22.399999618530273,0,0.0,0.0
2025-05-09 02:21:00-05:00,22.399999618530273,22.40999984741211,22.399999618530273,22.399999618530273,0,0.0,0.0
2025-05-09 02:22:00-05:00,22.399999618530273,22.40999984741211,22.399999618530273,22.40999984741211,0,0.0,0.0
2025-05-09 02:23:00-05:00,22.420000076293945,22.43000030517578,22.420000076293945,22.420000076293945,0,0.0,0.0
2025-05-09 02:24:00-05:00,22.420000076293945,22.420000076293945,22.420000076293945,22.420000076293945,0,0.0,0.0
2025-05-09 02:25:00-05:00,22.420000076293945,22.420000076293945,22.40999984741211,22.40999984741211,0,0.0,0.0
2025-05-09 02:26:00-05:00,22.40999984741211,22.420000076293945,22.40999984741211,22.40999984741211,0,0.0,0.0
2025-05-09 02:27:00-05:00,22.40999984741211,22.40999984741211,22.389999389648438,22.389999389648438,0,0.0,0.0
2025-05-09 02:28:00-05:00,22.389999389648438,22.399999618530273,22.389999389648438,22.399999618530273,0,0.0,0.0
2025-05-09 02:29:00-05:00,22.3799991607666,22.3799991607666,22.3700008392334,22.3700008392334,0,0.0,0.0
2025-05-09 02:30:00-05:00,22.350000381469727,22.360000610351562,22.34000015258789,22.360000610351562,0,0.0,0.0
2025-05-09 02:31:00-05:00,22.360000610351562,22.360000610351562,22.360000610351562,22.360000610351562,0,0.0,0.0
2025-05-09 02:32:00-05:00,22.360000610351562,22.360000610351562,22.329999923706055,22.329999923706055,0,0.0,0.0
2025-05-09 02:33:00-05:00,22.309999465942383,22.309999465942383,22.290000915527344,22.290000915527344,0,0.0,0.0
2025-05-09 02:34:00-05:00,22.299999237060547,22.299999237060547,22.270000457763672,22.270000457763672,0,0.0,0.0
2025-05-09 02:35:00-05:00,22.260000228881836,22.260000228881836,22.25,22.25,0,0.0,0.0
2025-05-09 02:36:00-05:00,22.270000457763672,22.270000457763672,22.260000228881836,22.260000228881836,0,0.0,0.0
2025-05-09 02:37:00-05:00,22.270000457763672,22.270000457763672,22.25,22.25,0,0.0,0.0
2025-05-09 02:38:00-05:00,22.239999771118164,22.239999771118164,22.229999542236328,22.229999542236328,0,0.0,0.0
2025-05-09 02:39:00-05:00,22.239999771118164,22.270000457763672,22.229999542236328,22.229999542236328,0,0.0,0.0
2025-05-09 02:40:00-05:00,22.239999771118164,22.25,22.239999771118164,22.239999771118164,0,0.0,0.0
2025-05-09 02:41:00-05:00,22.229999542236328,22.229999542236328,22.219999313354492,22.219999313354492,0,0.0,0.0
2025-05-09 02:42:00-05:00,22.209999084472656,22.209999084472656,22.209999084472656,22.209999084472656,0,0.0,0.0
2025-05-09 02:43:00-05:00,22.209999084472656,22.209999084472656,22.190000534057617,22.190000534057617,0,0.0,0.0
2025-05-09 02:44:00-05:00,22.190000534057617,22.190000534057617,22.170000076293945,22.170000076293945,0,0.0,0.0
2025-05-09 02:45:00-05:00,22.170000076293945,22.170000076293945,22.139999389648438,22.139999389648438,0,0.0,0.0
2025-05-09 02:46:00-05:00,22.139999389648438,22.149999618530273,22.139999389648438,22.149999618530273,0,0.0,0.0
2025-05-09 02:47:00-05:00,22.149999618530273,22.170000076293945,22.149999618530273,22.170000076293945,0,0.0,0.0
2025-05-09 02:48:00-05:00,22.15999984741211,22.15999984741211,22.15999984741211,22.15999984741211,0,0.0,0.0
2025-05-09 02:49:00-05:00,22.15999984741211,22.170000076293945,22.15999984741211,22.15999984741211,0,0.0,0.0
2025-05-09 02:50:00-05:00,22.15999984741211,22.15999984741211,22.139999389648438,22.15999984741211,0,0.0,0.0
2025-05-09 02:51:00-05:00,22.15999984741211,22.18000030517578,22.15999984741211,22.18000030517578,0,0.0,0.0
2025-05-09 02:52:00-05:00,22.190000534057617,22.209999084472656,22.190000534057617,22.209999084472656,0,0.0,0.0
2025-05-09 02:53:00-05:00,22.209999084472656,22.229999542236328,22.209999084472656,22.229999542236328,0,0.0,0.0
2025-05-09 02:54:00-05:00,22.219999313354492,22.219999313354492,22.209999084472656,22.219999313354492,0,0.0,0.0
2025-05-09 02:55:00-05:00,22.219999313354492,22.239999771118164,22.219999313354492,22.239999771118164,0,0.0,0.0
2025-05-09 02:56:00-05:00,22.260000228881836,22.260000228881836,22.25,22.25,0,0.0,0.0
2025-05-09 02:57:00-05:00,22.260000228881836,22.260000228881836,22.25,22.260000228881836,0,0.0,0.0
2025-05-09 02:58:00-05:00,22.270000457763672,22.290000915527344,22.270000457763672,22.290000915527344,0,0.0,0.0
2025-05-09 02:59:00-05:00,22.290000915527344,22.309999465942383,22.290000915527344,22.309999465942383,0,0.0,0.0
2025-05-09 03:00:00-05:00,22.290000915527344,22.309999465942383,22.290000915527344,22.309999465942383,0,0.0,0.0
2025-05-09 03:01:00-05:00,22.309999465942383,22.309999465942383,22.299999237060547,22.309999465942383,0,0.0,0.0
2025-05-09 03:02:00-05:00,22.329999923706055,22.34000015258789,22.329999923706055,22.329999923706055,0,0.0,0.0
2025-05-09 03:03:00-05:00,22.309999465942383,22.309999465942383,22.299999237060547,22.299999237060547,0,0.0,0.0
2025-05-09 03:04:00-05:00,22.299999237060547,22.360000610351562,22.299999237060547,22.360000610351562,0,0.0,0.0
2025-05-09 03:05:00-05:00,22.350000381469727,22.350000381469727,22.329999923706055,22.329999923706055,0,0.0,0.0
2025-05-09 03:06:00-05:00,22.329999923706055,22.360000610351562,22.329999923706055,22.360000610351562,0,0.0,0.0
2025-05-09 03:07:00-05:00,22.360000610351562,22.360000610351562,22.360000610351562,22.360000610351562,0,0.0,0.0
2025-05-09 03:08:00-05:00,22.360000610351562,22.360000610351562,22.360000610351562,22.360000610351562,0,0.0,0.0
2025-05-09 03:09:00-05:00,22.350000381469727,22.360000610351562,22.350000381469727,22.350000381469727,0,0.0,0.0
2025-05-09 03:10:00-05:00,22.350000381469727,22.3799991607666,22.34000015258789,22.3799991607666,0,0.0,0.0
2025-05-09 03:11:00-05:00,22.3799991607666,22.399999618530273,22.3799991607666,22.389999389648438,0,0.0,0.0
2025-05-09 03:12:00-05:00,22.3799991607666,22.389999389648438,22.3799991607666,22.389999389648438,0,0.0,0.0
2025-05-09 03:13:00-05:00,22.399999618530273,22.399999618530273,22.399999618530273,22.399999618530273,0,0.0,0.0
2025-05-09 03:14:00-05:00,22.389999389648438,22.399999618530273,22.389999389648438,22.399999618530273,0,0.0,0.0
2025-05-09 03:15:00-05:00,22.399999618530273,22.399999618530273,22.389999389648438,22.399999618530273,0,0.0,0.0
2025-05-09 03:16:00-05:00,22.399999618530273,22.43000030517578,22.399999618530273,22.43000030517578,0,0.0,0.0
2025-05-09 03:17:00-05:00,22.420000076293945,22.450000762939453,22.420000076293945,22.420000076293945,0,0.0,0.0
2025-05-09 03:18:00-05:00,22.43000030517578,22.43000030517578,22.420000076293945,22.43000030517578,0,0.0,0.0
2025-05-09 03:19:00-05:00,22.420000076293945,22.43000030517578,22.420000076293945,22.43000030517578,0,0.0,0.0
2025-05-09 03:20:00-05:00,22.420000076293945,22.420000076293945,22.399999618530273,22.420000076293945,0,0.0,0.0
2025-05-09 03:21:00-05:00,22.420000076293945,22.43000030517578,22.420000076293945,22.420000076293945,0,0.0,0.0
2025-05-09 03:22:00-05:00,22.420000076293945,22.420000076293945,22.40999984741211,22.40999984741211,0,0.0,0.0
2025-05-09 03:23:00-05:00,22.40999984741211,22.43000030517578,22.399999618530273,22.40999984741211,0,0.0,0.0
2025-05-09 03:24:00-05:00,22.420000076293945,22.420000076293945,22.40999984741211,22.40999984741211,0,0.0,0.0
2025-05-09 03:25:00-05:00,22.399999618530273,22.40999984741211,22.399999618530273,22.40999984741211,0,0.0,0.0
2025-05-09 03:26:00-05:00,22.40999984741211,22.40999984741211,22.389999389648438,22.389999389648438,0,0.0,0.0
2025-05-09 03:27:00-05:00,22.389999389648438,22.389999389648438,22.329999923706055,22.329999923706055,0,0.0,0.0
2025-05-09 03:28:00-05:00,22.329999923706055,22.34000015258789,22.329999923706055,22.329999923706055,0,0.0,0.0
2025-05-09 03:29:00-05:00,22.329999923706055,22.34000015258789,22.329999923706055,22.329999923706055,0,0.0,0.0
2025-05-09 03:30:00-05:00,22.350000381469727,22.360000610351562,22.350000381469727,22.360000610351562,0,0.0,0.0
2025-05-09 03:31:00-05:00,22.360000610351562,22.360000610351562,22.360000610351562,22.360000610351562,0,0.0,0.0
2025-05-09 03:32:00-05:00,22.360000610351562,22.360000610351562,22.350000381469727,22.350000381469727,0,0.0,0.0
2025-05-09 03:33:00-05:00,22.350000381469727,22.350000381469727,22.34000015258789,22.34000015258789,0,0.0,0.0
2025-05-09 03:34:00-05:00,22.350000381469727,22.360000610351562,22.350000381469727,22.350000381469727,0,0.0,0.0
2025-05-09 03:35:00-05:00,22.350000381469727,22.350000381469727,22.34000015258789,22.34000015258789,0,0.0,0.0
2025-05-09 03:36:00-05:00,22.350000381469727,22.350000381469727,22.350000381469727,22.350000381469727,0,0.0,0.0
2025-05-09 03:37:00-05:00,22.350000381469727,22.399999618530273,22.350000381469727,22.399999618530273,0,0.0,0.0
2025-05-09 03:38:00-05:00,22.399999618530273,22.420000076293945,22.399999618530273,22.399999618530273,0,0.0,0.0
2025-05-09 03:39:00-05:00,22.399999618530273,22.40999984741211,22.389999389648438,22.389999389648438,0,0.0,0.0
2025-05-09 03:40:00-05:00,22.389999389648438,22.399999618530273,22.389999389648438,22.399999618530273,0,0.0,0.0
2025-05-09 03:41:00-05:00,22.40999984741211,22.40999984741211,22.399999618530273,22.399999618530273,0,0.0,0.0
2025-05-09 03:42:00-05:00,22.399999618530273,22.40999984741211,22.399999618530273,22.399999618530273,0,0.0,0.0
2025-05-09 03:43:00-05:00,22.399999618530273,22.40999984741211,22.399999618530273,22.40999984741211,0,0.0,0.0
2025-05-09 03:44:00-05:00,22.40999984741211,22.420000076293945,22.40999984741211,22.420000076293945,0,0.0,0.0
2025-05-09 03:45:00-05:00,22.40999984741211,22.40999984741211,22.40999984741211,22.40999984741211,0,0.0,0.0
2025-05-09 03:46:00-05:00,22.420000076293945,22.420000076293945,22.40999984741211,22.420000076293945,0,0.0,0.0
2025-05-09 03:47:00-05:00,22.420000076293945,22.420000076293945,22.40999984741211,22.420000076293945,0,0.0,0.0
2025-05-09 03:48:00-05:00,22.420000076293945,22.420000076293945,22.420000076293945,22.420000076293945,0,0.0,0.0
2025-05-09 03:49:00-05:00,22.43000030517578,22.459999084472656,22.43000030517578,22.459999084472656,0,0.0,0.0
2025-05-09 03:50:00-05:00,22.459999084472656,22.459999084472656,22.440000534057617,22.440000534057617,0,0.0,0.0
2025-05-09 03:51:00-05:00,22.440000534057617,22.450000762939453,22.440000534057617,22.450000762939453,0,0.0,0.0
2025-05-09 03:52:00-05:00,22.440000534057617,22.440000534057617,22.43000030517578,22.43000030517578,0,0.0,0.0
2025-05-09 03:53:00-05:00,22.43000030517578,22.43000030517578,22.40999984741211,22.40999984741211,0,0.0,0.0
2025-05-09 03:54:00-05:00,22.40999984741211,22.43000030517578,22.40999984741211,22.43000030517578,0,0.0,0.0
2025-05-09 03:55:00-05:00,22.43000030517578,22.440000534057617,22.43000030517578,22.440000534057617,0,0.0,0.0
2025-05-09 03:56:00-05:00,22.440000534057617,22.450000762939453,22.440000534057617,22.440000534057617,0,0.0,0.0
2025-05-09 03:57:00-05:00,22.43000030517578,22.43000030517578,22.40999984741211,22.40999984741211,0,0.0,0.0
2025-05-09 03:58:00-05:00,22.40999984741211,22.40999984741211,22.40999984741211,22.40999984741211,0,0.0,0.0
2025-05-09 03:59:00-05:00,22.399999618530273,22.420000076293945,22.399999618530273,22.420000076293945,0,0.0,0.0
2025-05-09 04:00:00-05:00,22.420000076293945,22.420000076293945,22.399999618530273,22.399999618530273,0,0.0,0.0
2025-05-09 04:01:00-05:00,22.399999618530273,22.399999618530273,22.399999618530273,22.399999618530273,0,0.0,0.0
2025-05-09 04:02:00-05:00,22.399999618530273,22.399999618530273,22.389999389648438,22.399999618530273,0,0.0,0.0
2025-05-09 04:03:00-05:00,22.399999618530273,22.399999618530273,22.399999618530273,22.399999618530273,0,0.0,0.0
2025-05-09 04:04:00-05:00,22.399999618530273,22.399999618530273,22.3799991607666,22.3799991607666,0,0.0,0.0
2025-05-09 04:05:00-05:00,22.389999389648438,22.389999389648438,22.3799991607666,22.3799991607666,0,0.0,0.0
2025-05-09 04:06:00-05:00,22.3799991607666,22.3799991607666,22.3700008392334,22.3700008392334,0,0.0,0.0
2025-05-09 04:07:00-05:00,22.3700008392334,22.3700008392334,22.3700008392334,22.3700008392334,0,0.0,0.0
2025-05-09 04:08:00-05:00,22.3700008392334,22.3799991607666,22.3700008392334,22.3799991607666,0,0.0,0.0
2025-05-09 04:09:00-05:00,22.3799991607666,22.3799991607666,22.360000610351562,22.360000610351562,0,0.0,0.0
2025-05-09 04:10:00-05:00,22.360000610351562,22.360000610351562,22.350000381469727,22.360000610351562,0,0.0,0.0
2025-05-09 04:11:00-05:00,22.360000610351562,22.360000610351562,22.350000381469727,22.350000381469727,0,0.0,0.0
2025-05-09 04:12:00-05:00,22.360000610351562,22.3700008392334,22.360000610351562,22.360000610351562,0,0.0,0.0
2025-05-09 04:13:00-05:00,22.360000610351562,22.360000610351562,22.360000610351562,22.360000610351562,0,0.0,0.0
2025-05-09 04:14:00-05:00,22.360000610351562,22.360000610351562,22.360000610351562,22.360000610351562,0,0.0,0.0
2025-05-09 04:15:00-05:00,22.360000610351562,22.360000610351562,22.350000381469727,22.350000381469727,0,0.0,0.0
2025-05-09 04:16:00-05:00,22.360000610351562,22.360000610351562,22.360000610351562,22.360000610351562,0,0.0,0.0
2025-05-09 04:17:00-05:00,22.360000610351562,22.3700008392334,22.360000610351562,22.3700008392334,0,0.0,0.0
2025-05-09 04:18:00-05:00,22.3700008392334,22.3799991607666,22.360000610351562,22.360000610351562,0,0.0,0.0
2025-05-09 04:19:00-05:00,22.360000610351562,22.360000610351562,22.34000015258789,22.34000015258789,0,0.0,0.0
2025-05-09 04:20:00-05:00,22.350000381469727,22.350000381469727,22.299999237060547,22.299999237060547,0,0.0,0.0
2025-05-09 04:21:00-05:00,22.329999923706055,22.34000015258789,22.329999923706055,22.34000015258789,0,0.0,0.0
2025-05-09 04:22:00-05:00,22.34000015258789,22.360000610351562,22.34000015258789,22.34000015258789,0,0.0,0.0
2025-05-09 04:23:00-05:00,22.34000015258789,22.34000015258789,22.329999923706055,22.329999923706055,0,0.0,0.0
2025-05-09 04:24:00-05:00,22.329999923706055,22.329999923706055,22.329999923706055,22.329999923706055,0,0.0,0.0
2025-05-09 04:25:00-05:00,22.329999923706055,22.34000015258789,22.329999923706055,22.34000015258789,0,0.0,0.0
2025-05-09 04:26:00-05:00,22.34000015258789,22.360000610351562,22.329999923706055,22.350000381469727,0,0.0,0.0
2025-05-09 04:27:00-05:00,22.360000610351562,22.3799991607666,22.360000610351562,22.3799991607666,0,0.0,0.0
2025-05-09 04:28:00-05:00,22.3799991607666,22.389999389648438,22.3799991607666,22.3799991607666,0,0.0,0.0
2025-05-09 04:29:00-05:00,22.3799991607666,22.3799991607666,22.3799991607666,22.3799991607666,0,0.0,0.0
2025-05-09 04:30:00-05:00,22.3799991607666,22.389999389648438,22.3799991607666,22.389999389648438,0,0.0,0.0
2025-05-09 04:31:00-05:00,22.40999984741211,22.40999984741211,22.399999618530273,22.399999618530273,0,0.0,0.0
2025-05-09 04:32:00-05:00,22.399999618530273,22.399999618530273,22.3700008392334,22.3700008392334,0,0.0,0.0
2025-05-09 04:33:00-05:00,22.3700008392334,22.3700008392334,22.350000381469727,22.3700008392334,0,0.0,0.0
2025-05-09 04:34:00-05:00,22.3700008392334,22.3700008392334,22.360000610351562,22.360000610351562,0,0.0,0.0
2025-05-09 04:35:00-05:00,22.360000610351562,22.360000610351562,22.360000610351562,22.360000610351562,0,0.0,0.0
2025-05-09 04:36:00-05:00,22.360000610351562,22.360000610351562,22.350000381469727,22.350000381469727,0,0.0,0.0
2025-05-09 04:37:00-05:00,22.350000381469727,22.350000381469727,22.34000015258789,22.34000015258789,0,0.0,0.0
2025-05-09 04:38:00-05:00,22.34000015258789,22.360000610351562,22.34000015258789,22.360000610351562,0,0.0,0.0
2025-05-09 04:39:00-05:00,22.360000610351562,22.360000610351562,22.350000381469727,22.350000381469727,0,0.0,0.0
2025-05-09 04:40:00-05:00,22.350000381469727,22.360000610351562,22.34000015258789,22.34000015258789,0,0.0,0.0
2025-05-09 04:41:00-05:00,22.329999923706055,22.329999923706055,22.329999923706055,22.329999923706055,0,0.0,0.0
2025-05-09 04:42:00-05:00,22.329999923706055,22.329999923706055,22.329999923706055,22.329999923706055,0,0.0,0.0
2025-05-09 04:43:00-05:00,22.31999969482422,22.31999969482422,22.31999969482422,22.31999969482422,0,0.0,0.0
2025-05-09 04:44:00-05:00,22.31999969482422,22.31999969482422,22.31999969482422,22.31999969482422,0,0.0,0.0
2025-05-09 04:45:00-05:00,22.31999969482422,22.31999969482422,22.309999465942383,22.31999969482422,0,0.0,0.0
2025-05-09 04:46:00-05:00,22.31999969482422,22.31999969482422,22.31999969482422,22.31999969482422,0,0.0,0.0
2025-05-09 04:47:00-05:00,22.31999969482422,22.329999923706055,22.31999969482422,22.329999923706055,0,0.0,0.0
2025-05-09 04:48:00-05:00,22.329999923706055,22.329999923706055,22.31999969482422,22.31999969482422,0,0.0,0.0
2025-05-09 04:49:00-05:00,22.31999969482422,22.31999969482422,22.299999237060547,22.299999237060547,0,0.0,0.0
2025-05-09 04:50:00-05:00,22.299999237060547,22.309999465942383,22.299999237060547,22.309999465942383,0,0.0,0.0
2025-05-09 04:51:00-05:00,22.299999237060547,22.309999465942383,22.299999237060547,22.309999465942383,0,0.0,0.0
2025-05-09 04:52:00-05:00,22.309999465942383,22.31999969482422,22.309999465942383,22.309999465942383,0,0.0,0.0
2025-05-09 04:53:00-05:00,22.309999465942383,22.309999465942383,22.309999465942383,22.309999465942383,0,0.0,0.0
2025-05-09 04:54:00-05:00,22.309999465942383,22.309999465942383,22.299999237060547,22.309999465942383,0,0.0,0.0
2025-05-09 04:55:00-05:00,22.309999465942383,22.309999465942383,22.299999237060547,22.299999237060547,0,0.0,0.0
2025-05-09 04:56:00-05:00,22.299999237060547,22.299999237060547,22.299999237060547,22.299999237060547,0,0.0,0.0
2025-05-09 04:57:00-05:00,22.309999465942383,22.309999465942383,22.299999237060547,22.299999237060547,0,0.0,0.0
2025-05-09 04:58:00-05:00,22.299999237060547,22.299999237060547,22.290000915527344,22.290000915527344,0,0.0,0.0
2025-05-09 04:59:00-05:00,22.290000915527344,22.290000915527344,22.270000457763672,22.290000915527344,0,0.0,0.0
2025-05-09 05:00:00-05:00,22.290000915527344,22.290000915527344,22.290000915527344,22.290000915527344,0,0.0,0.0
2025-05-09 05:01:00-05:00,22.290000915527344,22.290000915527344,22.25,22.25,0,0.0,0.0
2025-05-09 05:02:00-05:00,22.260000228881836,22.260000228881836,22.25,22.25,0,0.0,0.0
2025-05-09 05:03:00-05:00,22.25,22.25,22.239999771118164,22.239999771118164,0,0.0,0.0
2025-05-09 05:04:00-05:00,22.239999771118164,22.239999771118164,22.239999771118164,22.239999771118164,0,0.0,0.0
2025-05-09 05:05:00-05:00,22.239999771118164,22.239999771118164,22.219999313354492,22.229999542236328,0,0.0,0.0
2025-05-09 05:06:00-05:00,22.229999542236328,22.229999542236328,22.219999313354492,22.219999313354492,0,0.0,0.0
2025-05-09 05:07:00-05:00,22.219999313354492,22.219999313354492,22.219999313354492,22.219999313354492,0,0.0,0.0
2025-05-09 05:08:00-05:00,22.219999313354492,22.219999313354492,22.209999084472656,22.209999084472656,0,0.0,0.0
2025-05-09 05:09:00-05:00,22.209999084472656,22.209999084472656,22.209999084472656,22.209999084472656,0,0.0,0.0
2025-05-09 05:10:00-05:00,22.209999084472656,22.209999084472656,22.200000762939453,22.200000762939453,0,0.0,0.0
2025-05-09 05:11:00-05:00,22.200000762939453,22.209999084472656,22.200000762939453,22.200000762939453,0,0.0,0.0
2025-05-09 05:12:00-05:00,22.200000762939453,22.200000762939453,22.18000030517578,22.18000030517578,0,0.0,0.0
2025-05-09 05:13:00-05:00,22.18000030517578,22.190000534057617,22.18000030517578,22.190000534057617,0,0.0,0.0
2025-05-09 05:14:00-05:00,22.190000534057617,22.190000534057617,22.18000030517578,22.18000030517578,0,0.0,0.0
2025-05-09 05:15:00-05:00,22.18000030517578,22.190000534057617,22.18000030517578,22.190000534057617,0,0.0,0.0
2025-05-09 05:16:00-05:00,22.190000534057617,22.190000534057617,22.190000534057617,22.190000534057617,0,0.0,0.0
2025-05-09 05:17:00-05:00,22.190000534057617,22.190000534057617,22.170000076293945,22.170000076293945,0,0.0,0.0
2025-05-09 05:18:00-05:00,22.170000076293945,22.170000076293945,22.149999618530273,22.149999618530273,0,0.0,0.0
2025-05-09 05:19:00-05:00,22.149999618530273,22.149999618530273,22.149999618530273,22.149999618530273,0,0.0,0.0
2025-05-09 05:20:00-05:00,22.149999618530273,22.15999984741211,22.149999618530273,22.15999984741211,0,0.0,0.0
2025-05-09 05:21:00-05:00,22.170000076293945,22.170000076293945,22.170000076293945,22.170000076293945,0,0.0,0.0
2025-05-09 05:22:00-05:00,22.170000076293945,22.190000534057617,22.170000076293945,22.190000534057617,0,0.0,0.0
2025-05-09 05:23:00-05:00,22.190000534057617,22.190000534057617,22.18000030517578,22.18000030517578,0,0.0,0.0
2025-05-09 05:24:00-05:00,22.18000030517578,22.190000534057617,22.18000030517578,22.190000534057617,0,0.0,0.0
2025-05-09 05:25:00-05:00,22.190000534057617,22.190000534057617,22.18000030517578,22.18000030517578,0,0.0,0.0
2025-05-09 05:26:00-05:00,22.190000534057617,22.190000534057617,22.18000030517578,22.18000030517578,0,0.0,0.0
2025-05-09 05:27:00-05:00,22.18000030517578,22.18000030517578,22.170000076293945,22.170000076293945,0,0.0,0.0
2025-05-09 05:28:00-05:00,22.170000076293945,22.170000076293945,22.170000076293945,22.170000076293945,0,0.0,0.0
2025-05-09 05:29:00-05:00,22.18000030517578,22.18000030517578,22.15999984741211,22.15999984741211,0,0.0,0.0
2025-05-09 05:30:00-05:00,22.15999984741211,22.15999984741211,22.149999618530273,22.149999618530273,0,0.0,0.0
2025-05-09 05:31:00-05:00,22.1299991607666,22.139999389648438,22.1299991607666,22.1299991607666,0,0.0,0.0
2025-05-09 05:32:00-05:00,22.1299991607666,22.1299991607666,22.1200008392334,22.1200008392334,0,0.0,0.0
2025-05-09 05:33:00-05:00,22.1200008392334,22.1299991607666,22.1200008392334,22.1299991607666,0,0.0,0.0
2025-05-09 05:34:00-05:00,22.1200008392334,22.1200008392334,22.110000610351562,22.110000610351562,0,0.0,0.0
2025-05-09 05:35:00-05:00,22.110000610351562,22.110000610351562,22.110000610351562,22.110000610351562,0,0.0,0.0
2025-05-09 05:36:00-05:00,22.110000610351562,22.110000610351562,22.110000610351562,22.110000610351562,0,0.0,0.0
2025-05-09 05:37:00-05:00,22.110000610351562,22.1200008392334,22.110000610351562,22.1200008392334,0,0.0,0.0
2025-05-09 05:38:00-05:00,22.1200008392334,22.1200008392334,22.110000610351562,22.1200008392334,0,0.0,0.0
2025-05-09 05:39:00-05:00,22.1200008392334,22.1200008392334,22.110000610351562,22.110000610351562,0,0.0,0.0
2025-05-09 05:40:00-05:00,22.110000610351562,22.110000610351562,22.100000381469727,22.100000381469727,0,0.0,0.0
2025-05-09 05:41:00-05:00,22.100000381469727,22.100000381469727,22.100000381469727,22.100000381469727,0,0.0,0.0
2025-05-09 05:42:00-05:00,22.100000381469727,22.110000610351562,22.100000381469727,22.100000381469727,0,0.0,0.0
2025-05-09 05:43:00-05:00,22.100000381469727,22.1200008392334,22.100000381469727,22.110000610351562,0,0.0,0.0
2025-05-09 05:44:00-05:00,22.110000610351562,22.1200008392334,22.110000610351562,22.1200008392334,0,0.0,0.0
2025-05-09 05:45:00-05:00,22.1200008392334,22.1299991607666,22.1200008392334,22.1299991607666,0,0.0,0.0
2025-05-09 05:46:00-05:00,22.1299991607666,22.1299991607666,22.1200008392334,22.1200008392334,0,0.0,0.0
2025-05-09 05:47:00-05:00,22.1299991607666,22.1299991607666,22.110000610351562,22.110000610351562,0,0.0,0.0
2025-05-09 05:48:00-05:00,22.1200008392334,22.1299991607666,22.1200008392334,22.1299991607666,0,0.0,0.0
2025-05-09 05:49:00-05:00,22.1299991607666,22.1299991607666,22.1200008392334,22.1299991607666,0,0.0,0.0
2025-05-09 05:50:00-05:00,22.1200008392334,22.1200008392334,22.1200008392334,22.1200008392334,0,0.0,0.0
2025-05-09 05:51:00-05:00,22.1200008392334,22.1299991607666,22.1200008392334,22.1299991607666,0,0.0,0.0
2025-05-09 05:52:00-05:00,22.1299991607666,22.1299991607666,22.1299991607666,22.1299991607666,0,0.0,0.0
2025-05-09 05:53:00-05:00,22.1299991607666,22.1299991607666,22.1200008392334,22.1200008392334,0,0.0,0.0
2025-05-09 05:54:00-05:00,22.1299991607666,22.1299991607666,22.1299991607666,22.1299991607666,0,0.0,0.0
2025-05-09 05:55:00-05:00,22.1299991607666,22.1299991607666,22.1299991607666,22.1299991607666,0,0.0,0.0
2025-05-09 05:56:00-05:00,22.1299991607666,22.1299991607666,22.1200008392334,22.1200008392334,0,0.0,0.0
2025-05-09 05:57:00-05:00,22.1200008392334,22.139999389648438,22.1200008392334,22.139999389648438,0,0.0,0.0
2025-05-09 05:58:00-05:00,22.149999618530273,22.149999618530273,22.139999389648438,22.139999389648438,0,0.0,0.0
2025-05-09 05:59:00-05:00,22.149999618530273,22.149999618530273,22.149999618530273,22.149999618530273,0,0.0,0.0
2025-05-09 06:00:00-05:00,22.1299991607666,22.149999618530273,22.1299991607666,22.139999389648438,0,0.0,0.0
2025-05-09 06:01:00-05:00,22.139999389648438,22.139999389648438,22.139999389648438,22.139999389648438,0,0.0,0.0
2025-05-09 06:02:00-05:00,22.139999389648438,22.139999389648438,22.1299991607666,22.139999389648438,0,0.0,0.0
2025-05-09 06:03:00-05:00,22.139999389648438,22.149999618530273,22.139999389648438,22.139999389648438,0,0.0,0.0
2025-05-09 06:04:00-05:00,22.139999389648438,22.149999618530273,22.139999389648438,22.149999618530273,0,0.0,0.0
2025-05-09 06:05:00-05:00,22.149999618530273,22.149999618530273,22.149999618530273,22.149999618530273,0,0.0,0.0
2025-05-09 06:06:00-05:00,22.149999618530273,22.15999984741211,22.139999389648438,22.139999389648438,0,0.0,0.0
2025-05-09 06:07:00-05:00,22.1200008392334,22.1200008392334,22.100000381469727,22.110000610351562,0,0.0,0.0
2025-05-09 06:08:00-05:00,22.110000610351562,22.110000610351562,22.100000381469727,22.100000381469727,0,0.0,0.0
2025-05-09 06:09:00-05:00,22.100000381469727,22.110000610351562,22.100000381469727,22.110000610351562,0,0.0,0.0
2025-05-09 06:10:00-05:00,22.100000381469727,22.100000381469727,22.09000015258789,22.09000015258789,0,0.0,0.0
2025-05-09 06:11:00-05:00,22.079999923706055,22.079999923706055,22.06999969482422,22.06999969482422,0,0.0,0.0
2025-05-09 06:12:00-05:00,22.079999923706055,22.079999923706055,22.079999923706055,22.079999923706055,0,0.0,0.0
2025-05-09 06:13:00-05:00,22.079999923706055,22.079999923706055,22.06999969482422,22.06999969482422,0,0.0,0.0
2025-05-09 06:14:00-05:00,22.06999969482422,22.06999969482422,22.06999969482422,22.06999969482422,0,0.0,0.0
2025-05-09 06:15:00-05:00,22.06999969482422,22.06999969482422,22.06999969482422,22.06999969482422,0,0.0,0.0
2025-05-09 06:16:00-05:00,22.06999969482422,22.06999969482422,22.06999969482422,22.06999969482422,0,0.0,0.0
2025-05-09 06:17:00-05:00,22.06999969482422,22.06999969482422,22.06999969482422,22.06999969482422,0,0.0,0.0
2025-05-09 06:18:00-05:00,22.059999465942383,22.059999465942383,22.059999465942383,22.059999465942383,0,0.0,0.0
2025-05-09 06:19:00-05:00,22.049999237060547,22.059999465942383,22.049999237060547,22.059999465942383,0,0.0,0.0
2025-05-09 06:20:00-05:00,22.059999465942383,22.06999969482422,22.059999465942383,22.06999969482422,0,0.0,0.0
2025-05-09 06:21:00-05:00,22.06999969482422,22.06999969482422,22.06999969482422,22.06999969482422,0,0.0,0.0
2025-05-09 06:22:00-05:00,22.079999923706055,22.079999923706055,22.059999465942383,22.059999465942383,0,0.0,0.0
2025-05-09 06:23:00-05:00,22.059999465942383,22.059999465942383,22.059999465942383,22.059999465942383,0,0.0,0.0
2025-05-09 06:24:00-05:00,22.059999465942383,22.06999969482422,22.059999465942383,22.059999465942383,0,0.0,0.0
2025-05-09 06:25:00-05:00,22.059999465942383,22.059999465942383,22.049999237060547,22.049999237060547,0,0.0,0.0
2025-05-09 06:26:00-05:00,22.049999237060547,22.479999542236328,22.049999237060547,22.479999542236328,0,0.0,0.0
2025-05-09 06:27:00-05:00,22.56999969482422,22.75,22.489999771118164,22.579999923706055,0,0.0,0.0
2025-05-09 06:28:00-05:00,22.43000030517578,22.5,22.40999984741211,22.40999984741211,0,0.0,0.0
2025-05-09 06:29:00-05:00,22.350000381469727,22.350000381469727,22.299999237060547,22.299999237060547,0,0.0,0.0
2025-05-09 06:30:00-05:00,22.25,22.309999465942383,22.25,22.309999465942383,0,0.0,0.0
2025-05-09 06:31:00-05:00,22.31999969482422,22.31999969482422,22.170000076293945,22.170000076293945,0,0.0,0.0
2025-05-09 06:32:00-05:00,22.25,22.290000915527344,22.25,22.270000457763672,0,0.0,0.0
2025-05-09 06:33:00-05:00,22.299999237060547,22.299999237060547,22.219999313354492,22.219999313354492,0,0.0,0.0
2025-05-09 06:34:00-05:00,22.229999542236328,22.290000915527344,22.229999542236328,22.290000915527344,0,0.0,0.0
2025-05-09 06:35:00-05:00,22.34000015258789,22.34000015258789,22.290000915527344,22.290000915527344,0,0.0,0.0
2025-05-09 06:36:00-05:00,22.280000686645508,22.34000015258789,22.280000686645508,22.34000015258789,0,0.0,0.0
2025-05-09 06:37:00-05:00,22.360000610351562,22.389999389648438,22.360000610351562,22.3700008392334,0,0.0,0.0
2025-05-09 06:38:00-05:00,22.40999984741211,22.440000534057617,22.399999618530273,22.440000534057617,0,0.0,0.0
2025-05-09 06:39:00-05:00,22.459999084472656,22.459999084472656,22.420000076293945,22.420000076293945,0,0.0,0.0
2025-05-09 06:40:00-05:00,22.420000076293945,22.440000534057617,22.40999984741211,22.440000534057617,0,0.0,0.0
2025-05-09 06:41:00-05:00,22.40999984741211,22.43000030517578,22.40999984741211,22.420000076293945,0,0.0,0.0
2025-05-09 06:42:00-05:00,22.389999389648438,22.389999389648438,22.329999923706055,22.329999923706055,0,0.0,0.0
2025-05-09 06:43:00-05:00,22.329999923706055,22.34000015258789,22.270000457763672,22.270000457763672,0,0.0,0.0
2025-05-09 06:44:00-05:00,22.290000915527344,22.290000915527344,22.25,22.260000228881836,0,0.0,0.0
2025-05-09 06:45:00-05:00,22.270000457763672,22.270000457763672,22.229999542236328,22.229999542236328,0,0.0,0.0
2025-05-09 06:46:00-05:00,22.209999084472656,22.209999084472656,22.18000030517578,22.190000534057617,0,0.0,0.0
2025-05-09 06:47:00-05:00,22.170000076293945,22.18000030517578,22.149999618530273,22.170000076293945,0,0.0,0.0
2025-05-09 06:48:00-05:00,22.15999984741211,22.170000076293945,22.1299991607666,22.170000076293945,0,0.0,0.0
2025-05-09 06:49:00-05:00,22.190000534057617,22.219999313354492,22.18000030517578,22.209999084472656,0,0.0,0.0
2025-05-09 06:50:00-05:00,22.18000030517578,22.239999771118164,22.18000030517578,22.239999771118164,0,0.0,0.0
2025-05-09 06:51:00-05:00,22.239999771118164,22.25,22.229999542236328,22.25,0,0.0,0.0
2025-05-09 06:52:00-05:00,22.25,22.299999237060547,22.25,22.260000228881836,0,0.0,0.0
2025-05-09 06:53:00-05:00,22.260000228881836,22.290000915527344,22.260000228881836,22.270000457763672,0,0.0,0.0
2025-05-09 06:54:00-05:00,22.270000457763672,22.299999237060547,22.270000457763672,22.299999237060547,0,0.0,0.0
2025-05-09 06:55:00-05:00,22.280000686645508,22.290000915527344,22.260000228881836,22.270000457763672,0,0.0,0.0
2025-05-09 06:56:00-05:00,22.260000228881836,22.260000228881836,22.239999771118164,22.260000228881836,0,0.0,0.0
2025-05-09 06:57:00-05:00,22.260000228881836,22.270000457763672,22.260000228881836,22.260000228881836,0,0.0,0.0
2025-05-09 06:58:00-05:00,22.260000228881836,22.270000457763672,22.260000228881836,22.270000457763672,0,0.0,0.0
2025-05-09 06:59:00-05:00,22.260000228881836,22.270000457763672,22.260000228881836,22.270000457763672,0,0.0,0.0
2025-05-09 07:00:00-05:00,22.280000686645508,22.290000915527344,22.270000457763672,22.280000686645508,0,0.0,0.0
2025-05-09 07:01:00-05:00,22.260000228881836,22.260000228881836,22.229999542236328,22.239999771118164,0,0.0,0.0
2025-05-09 07:02:00-05:00,22.239999771118164,22.239999771118164,22.219999313354492,22.239999771118164,0,0.0,0.0
2025-05-09 07:03:00-05:00,22.260000228881836,22.280000686645508,22.25,22.280000686645508,0,0.0,0.0
2025-05-09 07:04:00-05:00,22.270000457763672,22.270000457763672,22.229999542236328,22.229999542236328,0,0.0,0.0
2025-05-09 07:05:00-05:00,22.200000762939453,22.200000762939453,22.18000030517578,22.18000030517578,0,0.0,0.0
2025-05-09 07:06:00-05:00,22.149999618530273,22.149999618530273,22.139999389648438,22.149999618530273,0,0.0,0.0
2025-05-09 07:07:00-05:00,22.15999984741211,22.15999984741211,22.149999618530273,22.149999618530273,0,0.0,0.0
2025-05-09 07:08:00-05:00,22.170000076293945,22.18000030517578,22.15999984741211,22.18000030517578,0,0.0,0.0
2025-05-09 07:09:00-05:00,22.170000076293945,22.18000030517578,22.1299991607666,22.18000030517578,0,0.0,0.0
2025-05-09 07:10:00-05:00,22.190000534057617,22.219999313354492,22.190000534057617,22.209999084472656,0,0.0,0.0
2025-05-09 07:11:00-05:00,22.219999313354492,22.239999771118164,22.219999313354492,22.219999313354492,0,0.0,0.0
2025-05-09 07:12:00-05:00,22.219999313354492,22.229999542236328,22.219999313354492,22.229999542236328,0,0.0,0.0
2025-05-09 07:13:00-05:00,22.229999542236328,22.25,22.219999313354492,22.25,0,0.0,0.0
2025-05-09 07:14:00-05:00,22.260000228881836,22.270000457763672,22.25,22.25,0,0.0,0.0
2025-05-09 07:15:00-05:00,22.25,22.270000457763672,22.25,22.260000228881836,0,0.0,0.0
2025-05-09 07:16:00-05:00,22.25,22.260000228881836,22.25,22.25,0,0.0,0.0
2025-05-09 07:17:00-05:00,22.25,22.25,22.229999542236328,22.239999771118164,0,0.0,0.0
2025-05-09 07:18:00-05:00,22.239999771118164,22.25,22.239999771118164,22.239999771118164,0,0.0,0.0
2025-05-09 07:19:00-05:00,22.219999313354492,22.25,22.219999313354492,22.25,0,0.0,0.0
2025-05-09 07:20:00-05:00,22.239999771118164,22.260000228881836,22.239999771118164,22.25,0,0.0,0.0
2025-05-09 07:21:00-05:00,22.280000686645508,22.280000686645508,22.25,22.25,0,0.0,0.0
2025-05-09 07:22:00-05:00,22.25,22.260000228881836,22.25,22.25,0,0.0,0.0
2025-05-09 07:23:00-05:00,22.239999771118164,22.25,22.239999771118164,22.25,0,0.0,0.0
2025-05-09 07:24:00-05:00,22.25,22.260000228881836,22.25,22.260000228881836,0,0.0,0.0
2025-05-09 07:25:00-05:00,22.260000228881836,22.280000686645508,22.25,22.280000686645508,0,0.0,0.0
2025-05-09 07:26:00-05:00,22.280000686645508,22.290000915527344,22.280000686645508,22.290000915527344,0,0.0,0.0
2025-05-09 07:27:00-05:00,22.290000915527344,22.290000915527344,22.290000915527344,22.290000915527344,0,0.0,0.0
2025-05-09 07:28:00-05:00,22.299999237060547,22.299999237060547,22.290000915527344,22.299999237060547,0,0.0,0.0
2025-05-09 07:29:00-05:00,22.309999465942383,22.309999465942383,22.299999237060547,22.299999237060547,0,0.0,0.0
2025-05-09 07:30:00-05:00,22.299999237060547,22.299999237060547,22.280000686645508,22.280000686645508,0,0.0,0.0
2025-05-09 07:31:00-05:00,22.280000686645508,22.280000686645508,22.25,22.25,0,0.0,0.0
2025-05-09 07:32:00-05:00,22.239999771118164,22.239999771118164,22.229999542236328,22.239999771118164,0,0.0,0.0
2025-05-09 07:33:00-05:00,22.229999542236328,22.229999542236328,22.209999084472656,22.209999084472656,0,0.0,0.0
2025-05-09 07:34:00-05:00,22.209999084472656,22.219999313354492,22.209999084472656,22.209999084472656,0,0.0,0.0
2025-05-09 07:35:00-05:00,22.200000762939453,22.219999313354492,22.200000762939453,22.219999313354492,0,0.0,0.0
2025-05-09 07:36:00-05:00,22.200000762939453,22.200000762939453,22.190000534057617,22.190000534057617,0,0.0,0.0
2025-05-09 07:37:00-05:00,22.190000534057617,22.190000534057617,22.18000030517578,22.18000030517578,0,0.0,0.0
2025-05-09 07:38:00-05:00,22.190000534057617,22.190000534057617,22.190000534057617,22.190000534057617,0,0.0,0.0
2025-05-09 07:39:00-05:00,22.18000030517578,22.18000030517578,22.139999389648438,22.139999389648438,0,0.0,0.0
2025-05-09 07:40:00-05:00,22.1299991607666,22.1299991607666,22.1200008392334,22.1299991607666,0,0.0,0.0
2025-05-09 07:41:00-05:00,22.1299991607666,22.139999389648438,22.1299991607666,22.139999389648438,0,0.0,0.0
2025-05-09 07:42:00-05:00,22.139999389648438,22.139999389648438,22.139999389648438,22.139999389648438,0,0.0,0.0
2025-05-09 07:43:00-05:00,22.139999389648438,22.139999389648438,22.079999923706055,22.1200008392334,0,0.0,0.0
2025-05-09 07:44:00-05:00,22.1200008392334,22.139999389648438,22.1200008392334,22.1299991607666,0,0.0,0.0
2025-05-09 07:45:00-05:00,22.149999618530273,22.15999984741211,22.149999618530273,22.15999984741211,0,0.0,0.0
2025-05-09 07:46:00-05:00,22.15999984741211,22.190000534057617,22.15999984741211,22.190000534057617,0,0.0,0.0
2025-05-09 07:47:00-05:00,22.18000030517578,22.18000030517578,22.149999618530273,22.15999984741211,0,0.0,0.0
2025-05-09 07:48:00-05:00,22.15999984741211,22.15999984741211,22.149999618530273,22.15999984741211,0,0.0,0.0
2025-05-09 07:49:00-05:00,22.170000076293945,22.18000030517578,22.170000076293945,22.170000076293945,0,0.0,0.0
2025-05-09 07:50:00-05:00,22.170000076293945,22.200000762939453,22.170000076293945,22.200000762939453,0,0.0,0.0
2025-05-09 07:51:00-05:00,22.200000762939453,22.200000762939453,22.18000030517578,22.18000030517578,0,0.0,0.0
2025-05-09 07:52:00-05:00,22.200000762939453,22.200000762939453,22.190000534057617,22.200000762939453,0,0.0,0.0
2025-05-09 07:53:00-05:00,22.200000762939453,22.209999084472656,22.200000762939453,22.209999084472656,0,0.0,0.0
2025-05-09 07:54:00-05:00,22.200000762939453,22.200000762939453,22.200000762939453,22.200000762939453,0,0.0,0.0
2025-05-09 07:55:00-05:00,22.209999084472656,22.209999084472656,22.209999084472656,22.209999084472656,0,0.0,0.0
2025-05-09 07:56:00-05:00,22.200000762939453,22.200000762939453,22.190000534057617,22.190000534057617,0,0.0,0.0
2025-05-09 07:57:00-05:00,22.190000534057617,22.190000534057617,22.18000030517578,22.18000030517578,0,0.0,0.0
2025-05-09 07:58:00-05:00,22.18000030517578,22.190000534057617,22.18000030517578,22.190000534057617,0,0.0,0.0
2025-05-09 07:59:00-05:00,22.190000534057617,22.209999084472656,22.190000534057617,22.200000762939453,0,0.0,0.0
2025-05-09 08:00:00-05:00,22.200000762939453,22.200000762939453,22.15999984741211,22.170000076293945,0,0.0,0.0
2025-05-09 08:01:00-05:00,22.170000076293945,22.170000076293945,22.1299991607666,22.1299991607666,0,0.0,0.0
2025-05-09 08:02:00-05:00,22.1299991607666,22.1299991607666,22.1200008392334,22.1200008392334,0,0.0,0.0
2025-05-09 08:03:00-05:00,22.110000610351562,22.110000610351562,22.09000015258789,22.09000015258789,0,0.0,0.0
2025-05-09 08:04:00-05:00,22.09000015258789,22.09000015258789,22.06999969482422,22.06999969482422,0,0.0,0.0
2025-05-09 08:05:00-05:00,22.06999969482422,22.06999969482422,22.06999969482422,22.06999969482422,0,0.0,0.0
2025-05-09 08:06:00-05:00,22.079999923706055,22.079999923706055,22.079999923706055,22.079999923706055,0,0.0,0.0
2025-05-09 08:07:00-05:00,22.079999923706055,22.079999923706055,22.079999923706055,22.079999923706055,0,0.0,0.0
2025-05-09 08:08:00-05:00,22.09000015258789,22.09000015258789,22.079999923706055,22.079999923706055,0,0.0,0.0
2025-05-09 08:09:00-05:00,22.079999923706055,22.09000015258789,22.079999923706055,22.09000015258789,0,0.0,0.0
2025-05-09 08:10:00-05:00,22.100000381469727,22.100000381469727,22.09000015258789,22.100000381469727,0,0.0,0.0
2025-05-09 08:11:00-05:00,22.110000610351562,22.110000610351562,22.110000610351562,22.110000610351562,0,0.0,0.0
2025-05-09 08:12:00-05:00,22.110000610351562,22.110000610351562,22.100000381469727,22.100000381469727,0,0.0,0.0
2025-05-09 08:13:00-05:00,22.100000381469727,22.110000610351562,22.100000381469727,22.100000381469727,0,0.0,0.0
2025-05-09 08:14:00-05:00,22.100000381469727,22.100000381469727,22.09000015258789,22.100000381469727,0,0.0,0.0
2025-05-09 08:15:00-05:00,22.110000610351562,22.110000610351562,22.100000381469727,22.100000381469727,0,0.0,0.0
2025-05-09 08:16:00-05:00,22.110000610351562,22.1200008392334,22.110000610351562,22.1200008392334,0,0.0,0.0
2025-05-09 08:17:00-05:00,22.1299991607666,22.1299991607666,22.100000381469727,22.100000381469727,0,0.0,0.0
2025-05-09 08:18:00-05:00,22.100000381469727,22.110000610351562,22.100000381469727,22.110000610351562,0,0.0,0.0
2025-05-09 08:19:00-05:00,22.1200008392334,22.1299991607666,22.1200008392334,22.1299991607666,0,0.0,0.0
2025-05-09 08:20:00-05:00,22.1200008392334,22.1299991607666,22.1200008392334,22.1299991607666,0,0.0,0.0
2025-05-09 08:21:00-05:00,22.139999389648438,22.139999389648438,22.1299991607666,22.1299991607666,0,0.0,0.0
2025-05-09 08:22:00-05:00,22.1200008392334,22.139999389648438,22.1200008392334,22.1299991607666,0,0.0,0.0
2025-05-09 08:23:00-05:00,22.1299991607666,22.1299991607666,22.1200008392334,22.1200008392334,0,0.0,0.0
2025-05-09 08:24:00-05:00,22.1299991607666,22.1299991607666,22.1299991607666,22.1299991607666,0,0.0,0.0
2025-05-09 08:25:00-05:00,22.149999618530273,22.149999618530273,22.149999618530273,22.149999618530273,0,0.0,0.0
2025-05-09 08:31:00-05:00,22.190000534057617,22.190000534057617,22.190000534057617,22.190000534057617,0,0.0,0.0
2025-05-09 08:32:00-05:00,22.15999984741211,22.15999984741211,22.1200008392334,22.1299991607666,0,0.0,0.0
2025-05-09 08:33:00-05:00,22.139999389648438,22.15999984741211,22.1200008392334,22.1200008392334,0,0.0,0.0
2025-05-09 08:34:00-05:00,22.1200008392334,22.1200008392334,22.079999923706055,22.079999923706055,0,0.0,0.0
2025-05-09 08:35:00-05:00,22.059999465942383,22.059999465942383,22.040000915527344,22.040000915527344,0,0.0,0.0
2025-05-09 08:36:00-05:00,22.030000686645508,22.040000915527344,22.030000686645508,22.030000686645508,0,0.0,0.0
2025-05-09 08:37:00-05:00,22.030000686645508,22.030000686645508,22.010000228881836,22.010000228881836,0,0.0,0.0
2025-05-09 08:38:00-05:00,22.0,22.010000228881836,21.989999771118164,22.010000228881836,0,0.0,0.0
2025-05-09 08:39:00-05:00,22.030000686645508,22.049999237060547,22.030000686645508,22.030000686645508,0,0.0,0.0
2025-05-09 08:40:00-05:00,22.059999465942383,22.1299991607666,22.059999465942383,22.1299991607666,0,0.0,0.0
2025-05-09 08:41:00-05:00,22.110000610351562,22.139999389648438,22.100000381469727,22.100000381469727,0,0.0,0.0
2025-05-09 08:42:00-05:00,22.1299991607666,22.1299991607666,22.110000610351562,22.1299991607666,0,0.0,0.0
2025-05-09 08:43:00-05:00,22.149999618530273,22.15999984741211,22.149999618530273,22.149999618530273,0,0.0,0.0
2025-05-09 08:44:00-05:00,22.149999618530273,22.280000686645508,22.149999618530273,22.280000686645508,0,0.0,0.0
2025-05-09 08:45:00-05:00,22.229999542236328,22.229999542236328,22.1200008392334,22.1200008392334,0,0.0,0.0
2025-05-09 08:46:00-05:00,22.1299991607666,22.1299991607666,22.079999923706055,22.079999923706055,0,0.0,0.0
2025-05-09 08:47:00-05:00,22.09000015258789,22.110000610351562,22.06999969482422,22.110000610351562,0,0.0,0.0
2025-05-09 08:48:00-05:00,22.09000015258789,22.100000381469727,22.079999923706055,22.100000381469727,0,0.0,0.0
2025-05-09 08:49:00-05:00,22.06999969482422,22.09000015258789,22.06999969482422,22.079999923706055,0,0.0,0.0
2025-05-09 08:50:00-05:00,22.079999923706055,22.09000015258789,22.06999969482422,22.06999969482422,0,0.0,0.0
2025-05-09 08:51:00-05:00,22.09000015258789,22.139999389648438,22.09000015258789,22.09000015258789,0,0.0,0.0
2025-05-09 08:52:00-05:00,22.079999923706055,22.149999618530273,22.079999923706055,22.149999618530273,0,0.0,0.0
2025-05-09 08:53:00-05:00,22.190000534057617,22.200000762939453,22.15999984741211,22.15999984741211,0,0.0,0.0
2025-05-09 08:54:00-05:00,22.15999984741211,22.170000076293945,22.1299991607666,22.1299991607666,0,0.0,0.0
2025-05-09 08:55:00-05:00,22.09000015258789,22.09000015258789,22.030000686645508,22.059999465942383,0,0.0,0.0
2025-05-09 08:56:00-05:00,22.049999237060547,22.049999237060547,22.030000686645508,22.030000686645508,0,0.0,0.0
2025-05-09 08:57:00-05:00,22.040000915527344,22.049999237060547,22.020000457763672,22.020000457763672,0,0.0,0.0
2025-05-09 08:58:00-05:00,22.020000457763672,22.020000457763672,21.940000534057617,21.940000534057617,0,0.0,0.0
2025-05-09 08:59:00-05:00,21.920000076293945,21.959999084472656,21.920000076293945,21.950000762939453,0,0.0,0.0
2025-05-09 09:00:00-05:00,21.93000030517578,21.940000534057617,21.93000030517578,21.93000030517578,0,0.0,0.0
2025-05-09 09:01:00-05:00,21.920000076293945,21.920000076293945,21.889999389648438,21.889999389648438,0,0.0,0.0
2025-05-09 09:02:00-05:00,21.93000030517578,21.93000030517578,21.899999618530273,21.899999618530273,0,0.0,0.0
2025-05-09 09:03:00-05:00,21.899999618530273,21.90999984741211,21.889999389648438,21.889999389648438,0,0.0,0.0
2025-05-09 09:04:00-05:00,21.889999389648438,21.90999984741211,21.8799991607666,21.8799991607666,0,0.0,0.0
2025-05-09 09:05:00-05:00,21.8700008392334,21.8700008392334,21.8700008392334,21.8700008392334,0,0.0,0.0
2025-05-09 09:07:00-05:00,21.860000610351562,21.860000610351562,21.860000610351562,21.860000610351562,0,0.0,0.0
2025-05-09 09:08:00-05:00,21.8799991607666,21.8799991607666,21.8799991607666,21.8799991607666,0,0.0,0.0
2025-05-09 09:09:00-05:00,21.829999923706055,21.84000015258789,21.829999923706055,21.84000015258789,0,0.0,0.0
2025-05-09 09:10:00-05:00,21.850000381469727,21.850000381469727,21.84000015258789,21.850000381469727,0,0.0,0.0
2025-05-09 09:11:00-05:00,21.860000610351562,21.940000534057617,21.860000610351562,21.940000534057617,0,0.0,0.0
2025-05-09 09:12:00-05:00,21.940000534057617,21.940000534057617,21.889999389648438,21.899999618530273,0,0.0,0.0
2025-05-09 09:13:00-05:00,21.90999984741211,21.950000762939453,21.90999984741211,21.950000762939453,0,0.0,0.0
2025-05-09 09:14:00-05:00,21.93000030517578,21.93000030517578,21.90999984741211,21.920000076293945,0,0.0,0.0
2025-05-09 09:15:00-05:00,21.899999618530273,21.920000076293945,21.889999389648438,21.920000076293945,0,0.0,0.0
2025-05-09 09:16:00-05:00,21.940000534057617,21.940000534057617,21.90999984741211,21.90999984741211,0,0.0,0.0
2025-05-09 09:17:00-05:00,21.90999984741211,21.950000762939453,21.90999984741211,21.90999984741211,0,0.0,0.0
2025-05-09 09:18:00-05:00,21.940000534057617,21.989999771118164,21.940000534057617,21.979999542236328,0,0.0,0.0
2025-05-09 09:19:00-05:00,21.969999313354492,22.010000228881836,21.969999313354492,22.010000228881836,0,0.0,0.0
2025-05-09 09:20:00-05:00,22.06999969482422,22.139999389648438,22.06999969482422,22.110000610351562,0,0.0,0.0
2025-05-09 09:21:00-05:00,22.110000610351562,22.149999618530273,22.09000015258789,22.09000015258789,0,0.0,0.0
2025-05-09 09:22:00-05:00,22.059999465942383,22.1200008392334,22.059999465942383,22.1200008392334,0,0.0,0.0
2025-05-09 09:23:00-05:00,22.110000610351562,22.1200008392334,22.100000381469727,22.100000381469727,0,0.0,0.0
2025-05-09 09:24:00-05:00,22.100000381469727,22.1299991607666,22.100000381469727,22.110000610351562,0,0.0,0.0
2025-05-09 09:25:00-05:00,22.139999389648438,22.139999389648438,22.09000015258789,22.1200008392334,0,0.0,0.0
2025-05-09 09:26:00-05:00,22.1200008392334,22.280000686645508,22.1200008392334,22.280000686645508,0,0.0,0.0
2025-05-09 09:27:00-05:00,22.280000686645508,22.43000030517578,22.280000686645508,22.43000030517578,0,0.0,0.0
2025-05-09 09:28:00-05:00,22.360000610351562,22.440000534057617,22.360000610351562,22.440000534057617,0,0.0,0.0
2025-05-09 09:29:00-05:00,22.399999618530273,22.399999618530273,22.350000381469727,22.350000381469727,0,0.0,0.0
2025-05-09 09:30:00-05:00,22.280000686645508,22.299999237060547,22.280000686645508,22.290000915527344,0,0.0,0.0
2025-05-09 09:31:00-05:00,22.260000228881836,22.309999465942383,22.25,22.299999237060547,0,0.0,0.0
2025-05-09 09:32:00-05:00,22.299999237060547,22.299999237060547,22.270000457763672,22.280000686645508,0,0.0,0.0
2025-05-09 09:33:00-05:00,22.280000686645508,22.290000915527344,22.260000228881836,22.290000915527344,0,0.0,0.0
2025-05-09 09:34:00-05:00,22.280000686645508,22.399999618530273,22.280000686645508,22.399999618530273,0,0.0,0.0
2025-05-09 09:35:00-05:00,22.389999389648438,22.530000686645508,22.389999389648438,22.469999313354492,0,0.0,0.0
2025-05-09 09:36:00-05:00,22.510000228881836,22.579999923706055,22.510000228881836,22.559999465942383,0,0.0,0.0
2025-05-09 09:37:00-05:00,22.56999969482422,22.56999969482422,22.549999237060547,22.549999237060547,0,0.0,0.0
2025-05-09 09:38:00-05:00,22.610000610351562,22.65999984741211,22.610000610351562,22.639999389648438,0,0.0,0.0
2025-05-09 09:39:00-05:00,22.670000076293945,22.670000076293945,22.549999237060547,22.56999969482422,0,0.0,0.0
2025-05-09 09:40:00-05:00,22.559999465942383,22.600000381469727,22.5,22.5,0,0.0,0.0
2025-05-09 09:41:00-05:00,22.530000686645508,22.559999465942383,22.520000457763672,22.559999465942383,0,0.0,0.0
2025-05-09 09:42:00-05:00,22.56999969482422,22.649999618530273,22.549999237060547,22.549999237060547,0,0.0,0.0
2025-05-09 09:43:00-05:00,22.479999542236328,22.559999465942383,22.440000534057617,22.559999465942383,0,0.0,0.0
2025-05-09 09:44:00-05:00,22.520000457763672,22.520000457763672,22.459999084472656,22.459999084472656,0,0.0,0.0
2025-05-09 09:45:00-05:00,22.43000030517578,22.450000762939453,22.420000076293945,22.420000076293945,0,0.0,0.0
2025-05-09 09:46:00-05:00,22.420000076293945,22.450000762939453,22.420000076293945,22.450000762939453,0,0.0,0.0
2025-05-09 09:47:00-05:00,22.479999542236328,22.5,22.479999542236328,22.5,0,0.0,0.0
2025-05-09 09:48:00-05:00,22.510000228881836,22.520000457763672,22.489999771118164,22.520000457763672,0,0.0,0.0
2025-05-09 09:49:00-05:00,22.43000030517578,22.43000030517578,22.389999389648438,22.389999389648438,0,0.0,0.0
2025-05-09 09:50:00-05:00,22.399999618530273,22.40999984741211,22.399999618530273,22.40999984741211,0,0.0,0.0
2025-05-09 09:51:00-05:00,22.399999618530273,22.399999618530273,22.34000015258789,22.34000015258789,0,0.0,0.0
2025-05-09 09:52:00-05:00,22.309999465942383,22.3700008392334,22.309999465942383,22.3700008392334,0,0.0,0.0
2025-05-09 09:53:00-05:00,22.360000610351562,22.43000030517578,22.360000610351562,22.43000030517578,0,0.0,0.0
2025-05-09 09:54:00-05:00,22.489999771118164,22.579999923706055,22.489999771118164,22.540000915527344,0,0.0,0.0
2025-05-09 09:55:00-05:00,22.479999542236328,22.5,22.399999618530273,22.469999313354492,0,0.0,0.0
2025-05-09 09:56:00-05:00,22.459999084472656,22.459999084472656,22.40999984741211,22.40999984741211,0,0.0,0.0
2025-05-09 09:57:00-05:00,22.3799991607666,22.40999984741211,22.3799991607666,22.3799991607666,0,0.0,0.0
2025-05-09 09:58:00-05:00,22.360000610351562,22.360000610351562,22.329999923706055,22.329999923706055,0,0.0,0.0
2025-05-09 10:01:00-05:00,22.34000015258789,22.3700008392334,22.34000015258789,22.3700008392334,0,0.0,0.0
2025-05-09 10:02:00-05:00,22.3799991607666,22.3799991607666,22.34000015258789,22.34000015258789,0,0.0,0.0
2025-05-09 10:03:00-05:00,22.360000610351562,22.360000610351562,22.34000015258789,22.34000015258789,0,0.0,0.0
2025-05-09 10:04:00-05:00,22.329999923706055,22.329999923706055,22.299999237060547,22.299999237060547,0,0.0,0.0
2025-05-09 10:05:00-05:00,22.280000686645508,22.280000686645508,22.260000228881836,22.270000457763672,0,0.0,0.0
2025-05-09 10:06:00-05:00,22.260000228881836,22.260000228881836,22.25,22.25,0,0.0,0.0
2025-05-09 10:07:00-05:00,22.239999771118164,22.25,22.239999771118164,22.239999771118164,0,0.0,0.0
2025-05-09 10:08:00-05:00,22.239999771118164,22.25,22.229999542236328,22.229999542236328,0,0.0,0.0
2025-05-09 10:09:00-05:00,22.239999771118164,22.239999771118164,22.219999313354492,22.229999542236328,0,0.0,0.0
2025-05-09 10:10:00-05:00,22.229999542236328,22.260000228881836,22.229999542236328,22.260000228881836,0,0.0,0.0
2025-05-09 10:11:00-05:00,22.34000015258789,22.40999984741211,22.329999923706055,22.329999923706055,0,0.0,0.0
2025-05-09 10:12:00-05:00,22.329999923706055,22.399999618530273,22.329999923706055,22.399999618530273,0,0.0,0.0
2025-05-09 10:13:00-05:00,22.389999389648438,22.399999618530273,22.350000381469727,22.399999618530273,0,0.0,0.0
2025-05-09 10:14:00-05:00,22.360000610351562,22.360000610351562,22.34000015258789,22.350000381469727,0,0.0,0.0
2025-05-09 10:15:00-05:00,22.329999923706055,22.3700008392334,22.329999923706055,22.3700008392334,0,0.0,0.0
2025-05-09 10:16:00-05:00,22.34000015258789,22.360000610351562,22.329999923706055,22.34000015258789,0,0.0,0.0
2025-05-09 10:17:00-05:00,22.309999465942383,22.309999465942383,22.280000686645508,22.280000686645508,0,0.0,0.0
2025-05-09 10:18:00-05:00,22.280000686645508,22.280000686645508,22.229999542236328,22.239999771118164,0,0.0,0.0
2025-05-09 10:19:00-05:00,22.260000228881836,22.290000915527344,22.260000228881836,22.290000915527344,0,0.0,0.0
2025-05-09 10:20:00-05:00,22.290000915527344,22.34000015258789,22.290000915527344,22.34000015258789,0,0.0,0.0
2025-05-09 10:21:00-05:00,22.350000381469727,22.43000030517578,22.350000381469727,22.43000030517578,0,0.0,0.0
2025-05-09 10:22:00-05:00,22.389999389648438,22.440000534057617,22.389999389648438,22.43000030517578,0,0.0,0.0
2025-05-09 10:23:00-05:00,22.40999984741211,22.459999084472656,22.40999984741211,22.459999084472656,0,0.0,0.0
2025-05-09 10:24:00-05:00,22.440000534057617,22.450000762939453,22.40999984741211,22.40999984741211,0,0.0,0.0
2025-05-09 10:25:00-05:00,22.420000076293945,22.420000076293945,22.360000610351562,22.3799991607666,0,0.0,0.0
2025-05-09 10:26:00-05:00,22.3799991607666,22.459999084472656,22.3799991607666,22.3799991607666,0,0.0,0.0
2025-05-09 10:27:00-05:00,22.420000076293945,22.440000534057617,22.399999618530273,22.399999618530273,0,0.0,0.0
2025-05-09 10:28:00-05:00,22.40999984741211,22.40999984741211,22.3799991607666,22.3799991607666,0,0.0,0.0
2025-05-09 10:29:00-05:00,22.3700008392334,22.3700008392334,22.329999923706055,22.329999923706055,0,0.0,0.0
2025-05-09 10:30:00-05:00,22.34000015258789,22.389999389648438,22.34000015258789,22.389999389648438,0,0.0,0.0
2025-05-09 10:31:00-05:00,22.389999389648438,22.440000534057617,22.3799991607666,22.440000534057617,0,0.0,0.0
2025-05-09 10:32:00-05:00,22.489999771118164,22.489999771118164,22.440000534057617,22.440000534057617,0,0.0,0.0
2025-05-09 10:33:00-05:00,22.43000030517578,22.440000534057617,22.43000030517578,22.440000534057617,0,0.0,0.0
2025-05-09 10:34:00-05:00,22.459999084472656,22.459999084472656,22.309999465942383,22.309999465942383,0,0.0,0.0
2025-05-09 10:35:00-05:00,22.280000686645508,22.280000686645508,22.200000762939453,22.200000762939453,0,0.0,0.0
2025-05-09 10:36:00-05:00,22.200000762939453,22.270000457763672,22.200000762939453,22.270000457763672,0,0.0,0.0
2025-05-09 10:37:00-05:00,22.260000228881836,22.309999465942383,22.260000228881836,22.309999465942383,0,0.0,0.0
2025-05-09 10:38:00-05:00,22.270000457763672,22.290000915527344,22.270000457763672,22.280000686645508,0,0.0,0.0
2025-05-09 10:39:00-05:00,22.25,22.299999237060547,22.25,22.299999237060547,0,0.0,0.0
2025-05-09 10:40:00-05:00,22.299999237060547,22.3799991607666,22.299999237060547,22.3799991607666,0,0.0,0.0
2025-05-09 10:41:00-05:00,22.3799991607666,22.3799991607666,22.329999923706055,22.350000381469727,0,0.0,0.0
2025-05-09 10:42:00-05:00,22.34000015258789,22.34000015258789,22.329999923706055,22.34000015258789,0,0.0,0.0
2025-05-09 10:43:00-05:00,22.350000381469727,22.350000381469727,22.299999237060547,22.299999237060547,0,0.0,0.0
2025-05-09 10:44:00-05:00,22.280000686645508,22.309999465942383,22.280000686645508,22.309999465942383,0,0.0,0.0
2025-05-09 10:45:00-05:00,22.290000915527344,22.290000915527344,22.260000228881836,22.280000686645508,0,0.0,0.0
2025-05-09 10:46:00-05:00,22.139999389648438,22.229999542236328,22.139999389648438,22.229999542236328,0,0.0,0.0
2025-05-09 10:47:00-05:00,22.219999313354492,22.229999542236328,22.209999084472656,22.229999542236328,0,0.0,0.0
2025-05-09 10:48:00-05:00,22.200000762939453,22.200000762939453,22.170000076293945,22.170000076293945,0,0.0,0.0
2025-05-09 10:49:00-05:00,22.190000534057617,22.260000228881836,22.190000534057617,22.209999084472656,0,0.0,0.0
2025-05-09 10:50:00-05:00,22.190000534057617,22.190000534057617,22.09000015258789,22.1299991607666,0,0.0,0.0
2025-05-09 10:51:00-05:00,22.1200008392334,22.1200008392334,22.079999923706055,22.079999923706055,0,0.0,0.0
2025-05-09 10:52:00-05:00,22.06999969482422,22.06999969482422,22.059999465942383,22.059999465942383,0,0.0,0.0
2025-05-09 10:53:00-05:00,22.049999237060547,22.049999237060547,22.040000915527344,22.040000915527344,0,0.0,0.0
2025-05-09 10:54:00-05:00,22.030000686645508,22.059999465942383,22.030000686645508,22.059999465942383,0,0.0,0.0
2025-05-09 10:55:00-05:00,22.09000015258789,22.100000381469727,22.09000015258789,22.100000381469727,0,0.0,0.0
2025-05-09 10:56:00-05:00,22.100000381469727,22.100000381469727,22.06999969482422,22.079999923706055,0,0.0,0.0
2025-05-09 10:57:00-05:00,22.079999923706055,22.09000015258789,22.06999969482422,22.06999969482422,0,0.0,0.0
2025-05-09 10:58:00-05:00,22.079999923706055,22.079999923706055,22.059999465942383,22.059999465942383,0,0.0,0.0
2025-05-09 10:59:00-05:00,22.049999237060547,22.049999237060547,22.020000457763672,22.020000457763672,0,0.0,0.0
2025-05-09 11:00:00-05:00,22.010000228881836,22.030000686645508,22.010000228881836,22.030000686645508,0,0.0,0.0
2025-05-09 11:01:00-05:00,22.030000686645508,22.06999969482422,22.030000686645508,22.059999465942383,0,0.0,0.0
2025-05-09 11:02:00-05:00,22.059999465942383,22.110000610351562,22.059999465942383,22.110000610351562,0,0.0,0.0
2025-05-09 11:03:00-05:00,22.110000610351562,22.209999084472656,22.110000610351562,22.209999084472656,0,0.0,0.0
2025-05-09 11:04:00-05:00,22.219999313354492,22.309999465942383,22.219999313354492,22.309999465942383,0,0.0,0.0
2025-05-09 11:05:00-05:00,22.34000015258789,22.34000015258789,22.299999237060547,22.299999237060547,0,0.0,0.0
2025-05-09 11:06:00-05:00,22.280000686645508,22.309999465942383,22.280000686645508,22.309999465942383,0,0.0,0.0
2025-05-09 11:07:00-05:00,22.260000228881836,22.260000228881836,22.260000228881836,22.260000228881836,0,0.0,0.0
2025-05-09 11:08:00-05:00,22.309999465942383,22.329999923706055,22.309999465942383,22.329999923706055,0,0.0,0.0
2025-05-09 11:09:00-05:00,22.329999923706055,22.3799991607666,22.329999923706055,22.360000610351562,0,0.0,0.0
2025-05-09 11:10:00-05:00,22.3700008392334,22.3799991607666,22.360000610351562,22.3799991607666,0,0.0,0.0
2025-05-09 11:11:00-05:00,22.420000076293945,22.450000762939453,22.40999984741211,22.40999984741211,0,0.0,0.0
2025-05-09 11:12:00-05:00,22.420000076293945,22.489999771118164,22.420000076293945,22.469999313354492,0,0.0,0.0
2025-05-09 11:13:00-05:00,22.40999984741211,22.40999984741211,22.360000610351562,22.360000610351562,0,0.0,0.0
2025-05-09 11:14:00-05:00,22.350000381469727,22.350000381469727,22.31999969482422,22.329999923706055,0,0.0,0.0
2025-05-09 11:15:00-05:00,22.31999969482422,22.31999969482422,22.309999465942383,22.309999465942383,0,0.0,0.0
2025-05-09 11:16:00-05:00,22.290000915527344,22.3799991607666,22.290000915527344,22.3799991607666,0,0.0,0.0
2025-05-09 11:17:00-05:00,22.399999618530273,22.399999618530273,22.329999923706055,22.34000015258789,0,0.0,0.0
2025-05-09 11:18:00-05:00,22.329999923706055,22.3700008392334,22.31999969482422,22.31999969482422,0,0.0,0.0
2025-05-09 11:19:00-05:00,22.329999923706055,22.329999923706055,22.280000686645508,22.280000686645508,0,0.0,0.0
2025-05-09 11:20:00-05:00,22.31999969482422,22.31999969482422,22.239999771118164,22.239999771118164,0,0.0,0.0
2025-05-09 11:21:00-05:00,22.280000686645508,22.280000686645508,22.239999771118164,22.260000228881836,0,0.0,0.0
2025-05-09 11:22:00-05:00,22.260000228881836,22.280000686645508,22.260000228881836,22.270000457763672,0,0.0,0.0
2025-05-09 11:23:00-05:00,22.270000457763672,22.270000457763672,22.25,22.25,0,0.0,0.0
2025-05-09 11:24:00-05:00,22.290000915527344,22.290000915527344,22.25,22.270000457763672,0,0.0,0.0
2025-05-09 11:25:00-05:00,22.260000228881836,22.280000686645508,22.260000228881836,22.280000686645508,0,0.0,0.0
2025-05-09 11:26:00-05:00,22.290000915527344,22.34000015258789,22.290000915527344,22.329999923706055,0,0.0,0.0
2025-05-09 11:27:00-05:00,22.31999969482422,22.350000381469727,22.31999969482422,22.34000015258789,0,0.0,0.0
2025-05-09 11:28:00-05:00,22.329999923706055,22.34000015258789,22.329999923706055,22.34000015258789,0,0.0,0.0
2025-05-09 11:29:00-05:00,22.34000015258789,22.34000015258789,22.329999923706055,22.329999923706055,0,0.0,0.0
2025-05-09 11:30:00-05:00,22.360000610351562,22.3700008392334,22.360000610351562,22.3700008392334,0,0.0,0.0
2025-05-09 11:31:00-05:00,22.299999237060547,22.360000610351562,22.299999237060547,22.360000610351562,0,0.0,0.0
2025-05-09 11:32:00-05:00,22.3799991607666,22.399999618530273,22.3700008392334,22.399999618530273,0,0.0,0.0
2025-05-09 11:33:00-05:00,22.3799991607666,22.399999618530273,22.3799991607666,22.389999389648438,0,0.0,0.0
2025-05-09 11:34:00-05:00,22.389999389648438,22.399999618530273,22.389999389648438,22.399999618530273,0,0.0,0.0
2025-05-09 11:35:00-05:00,22.3799991607666,22.3799991607666,22.34000015258789,22.350000381469727,0,0.0,0.0
2025-05-09 11:36:00-05:00,22.329999923706055,22.329999923706055,22.239999771118164,22.239999771118164,0,0.0,0.0
2025-05-09 11:37:00-05:00,22.260000228881836,22.260000228881836,22.25,22.260000228881836,0,0.0,0.0
2025-05-09 11:38:00-05:00,22.239999771118164,22.290000915527344,22.239999771118164,22.290000915527344,0,0.0,0.0
2025-05-09 11:39:00-05:00,22.299999237060547,22.3700008392334,22.299999237060547,22.3700008392334,0,0.0,0.0
2025-05-09 11:40:00-05:00,22.389999389648438,22.389999389648438,22.350000381469727,22.350000381469727,0,0.0,0.0
2025-05-09 11:41:00-05:00,22.360000610351562,22.360000610351562,22.34000015258789,22.360000610351562,0,0.0,0.0
2025-05-09 11:42:00-05:00,22.360000610351562,22.399999618530273,22.360000610351562,22.399999618530273,0,0.0,0.0
2025-05-09 11:43:00-05:00,22.399999618530273,22.399999618530273,22.399999618530273,22.399999618530273,0,0.0,0.0
2025-05-09 11:44:00-05:00,22.420000076293945,22.479999542236328,22.40999984741211,22.479999542236328,0,0.0,0.0
2025-05-09 11:45:00-05:00,22.489999771118164,22.559999465942383,22.489999771118164,22.559999465942383,0,0.0,0.0
2025-05-09 11:46:00-05:00,22.530000686645508,22.540000915527344,22.510000228881836,22.540000915527344,0,0.0,0.0
2025-05-09 11:47:00-05:00,22.540000915527344,22.540000915527344,22.530000686645508,22.530000686645508,0,0.0,0.0
2025-05-09 11:48:00-05:00,22.520000457763672,22.559999465942383,22.520000457763672,22.559999465942383,0,0.0,0.0
2025-05-09 11:49:00-05:00,22.6200008392334,22.6299991607666,22.610000610351562,22.6200008392334,0,0.0,0.0
2025-05-09 11:50:00-05:00,22.610000610351562,22.6200008392334,22.610000610351562,22.6200008392334,0,0.0,0.0
2025-05-09 11:51:00-05:00,22.65999984741211,22.65999984741211,22.610000610351562,22.610000610351562,0,0.0,0.0
2025-05-09 11:52:00-05:00,22.600000381469727,22.610000610351562,22.600000381469727,22.610000610351562,0,0.0,0.0
2025-05-09 11:53:00-05:00,22.6200008392334,22.6200008392334,22.600000381469727,22.600000381469727,0,0.0,0.0
2025-05-09 11:54:00-05:00,22.610000610351562,22.610000610351562,22.549999237060547,22.549999237060547,0,0.0,0.0
2025-05-09 11:55:00-05:00,22.530000686645508,22.579999923706055,22.530000686645508,22.579999923706055,0,0.0,0.0
2025-05-09 11:56:00-05:00,22.579999923706055,22.579999923706055,22.56999969482422,22.579999923706055,0,0.0,0.0
2025-05-09 11:57:00-05:00,22.579999923706055,22.649999618530273,22.579999923706055,22.649999618530273,0,0.0,0.0
2025-05-09 11:58:00-05:00,22.6200008392334,22.65999984741211,22.6200008392334,22.65999984741211,0,0.0,0.0
2025-05-09 11:59:00-05:00,22.6299991607666,22.649999618530273,22.6299991607666,22.639999389648438,0,0.0,0.0
2025-05-09 12:00:00-05:00,22.6299991607666,22.6299991607666,22.6299991607666,22.6299991607666,0,0.0,0.0
2025-05-09 12:01:00-05:00,22.6200008392334,22.6200008392334,22.600000381469727,22.600000381469727,0,0.0,0.0
2025-05-09 12:02:00-05:00,22.600000381469727,22.610000610351562,22.579999923706055,22.610000610351562,0,0.0,0.0
2025-05-09 12:03:00-05:00,22.6299991607666,22.6299991607666,22.6200008392334,22.6200008392334,0,0.0,0.0
2025-05-09 12:04:00-05:00,22.6200008392334,22.639999389648438,22.6200008392334,22.639999389648438,0,0.0,0.0
2025-05-09 12:05:00-05:00,22.639999389648438,22.719999313354492,22.639999389648438,22.719999313354492,0,0.0,0.0
2025-05-09 12:06:00-05:00,22.670000076293945,22.690000534057617,22.639999389648438,22.639999389648438,0,0.0,0.0
2025-05-09 12:07:00-05:00,22.639999389648438,22.649999618530273,22.6200008392334,22.6200008392334,0,0.0,0.0
2025-05-09 12:08:00-05:00,22.639999389648438,22.649999618530273,22.6299991607666,22.639999389648438,0,0.0,0.0
2025-05-09 12:09:00-05:00,22.6299991607666,22.6299991607666,22.59000015258789,22.59000015258789,0,0.0,0.0
2025-05-09 12:10:00-05:00,22.549999237060547,22.549999237060547,22.489999771118164,22.489999771118164,0,0.0,0.0
2025-05-09 12:11:00-05:00,22.469999313354492,22.520000457763672,22.469999313354492,22.520000457763672,0,0.0,0.0
2025-05-09 12:12:00-05:00,22.510000228881836,22.510000228881836,22.510000228881836,22.510000228881836,0,0.0,0.0
2025-05-09 12:13:00-05:00,22.5,22.559999465942383,22.5,22.559999465942383,0,0.0,0.0
2025-05-09 12:14:00-05:00,22.549999237060547,22.6299991607666,22.549999237060547,22.6200008392334,0,0.0,0.0
2025-05-09 12:15:00-05:00,22.6299991607666,22.6299991607666,22.59000015258789,22.59000015258789,0,0.0,0.0
2025-05-09 12:16:00-05:00,22.59000015258789,22.59000015258789,22.520000457763672,22.530000686645508,0,0.0,0.0
2025-05-09 12:17:00-05:00,22.520000457763672,22.520000457763672,22.5,22.520000457763672,0,0.0,0.0
2025-05-09 12:18:00-05:00,22.5,22.5,22.469999313354492,22.5,0,0.0,0.0
2025-05-09 12:19:00-05:00,22.5,22.5,22.479999542236328,22.479999542236328,0,0.0,0.0
2025-05-09 12:20:00-05:00,22.5,22.520000457763672,22.5,22.520000457763672,0,0.0,0.0
2025-05-09 12:21:00-05:00,22.559999465942383,22.559999465942383,22.530000686645508,22.549999237060547,0,0.0,0.0
2025-05-09 12:22:00-05:00,22.530000686645508,22.81999969482422,22.510000228881836,22.579999923706055,0,0.0,0.0
2025-05-09 12:23:00-05:00,22.549999237060547,22.549999237060547,22.489999771118164,22.489999771118164,0,0.0,0.0
2025-05-09 12:24:00-05:00,22.56999969482422,22.579999923706055,22.5,22.5,0,0.0,0.0
2025-05-09 12:25:00-05:00,22.510000228881836,22.510000228881836,22.469999313354492,22.469999313354492,0,0.0,0.0
2025-05-09 12:26:00-05:00,22.450000762939453,22.479999542236328,22.440000534057617,22.440000534057617,0,0.0,0.0
2025-05-09 12:27:00-05:00,22.440000534057617,22.489999771118164,22.440000534057617,22.489999771118164,0,0.0,0.0
2025-05-09 12:28:00-05:00,22.479999542236328,22.510000228881836,22.469999313354492,22.510000228881836,0,0.0,0.0
2025-05-09 12:29:00-05:00,22.520000457763672,22.520000457763672,22.5,22.5,0,0.0,0.0
2025-05-09 12:30:00-05:00,22.520000457763672,22.549999237060547,22.5,22.549999237060547,0,0.0,0.0
2025-05-09 12:31:00-05:00,22.59000015258789,22.59000015258789,22.549999237060547,22.549999237060547,0,0.0,0.0
2025-05-09 12:32:00-05:00,22.56999969482422,22.56999969482422,22.559999465942383,22.559999465942383,0,0.0,0.0
2025-05-09 12:33:00-05:00,22.559999465942383,22.59000015258789,22.559999465942383,22.559999465942383,0,0.0,0.0
2025-05-09 12:34:00-05:00,22.56999969482422,22.56999969482422,22.530000686645508,22.530000686645508,0,0.0,0.0
2025-05-09 12:35:00-05:00,22.530000686645508,22.530000686645508,22.459999084472656,22.459999084472656,0,0.0,0.0
2025-05-09 12:36:00-05:00,22.469999313354492,22.469999313354492,22.450000762939453,22.459999084472656,0,0.0,0.0
2025-05-09 12:37:00-05:00,22.450000762939453,22.489999771118164,22.450000762939453,22.479999542236328,0,0.0,0.0
2025-05-09 12:38:00-05:00,22.489999771118164,22.530000686645508,22.479999542236328,22.479999542236328,0,0.0,0.0
2025-05-09 12:39:00-05:00,22.479999542236328,22.479999542236328,22.459999084472656,22.459999084472656,0,0.0,0.0
2025-05-09 12:40:00-05:00,22.450000762939453,22.459999084472656,22.440000534057617,22.450000762939453,0,0.0,0.0
2025-05-09 12:41:00-05:00,22.40999984741211,22.40999984741211,22.399999618530273,22.399999618530273,0,0.0,0.0
2025-05-09 12:42:00-05:00,22.389999389648438,22.389999389648438,22.329999923706055,22.329999923706055,0,0.0,0.0
2025-05-09 12:43:00-05:00,22.31999969482422,22.31999969482422,22.309999465942383,22.309999465942383,0,0.0,0.0
2025-05-09 12:44:00-05:00,22.299999237060547,22.329999923706055,22.299999237060547,22.329999923706055,0,0.0,0.0
2025-05-09 12:45:00-05:00,22.329999923706055,22.329999923706055,22.299999237060547,22.309999465942383,0,0.0,0.0
2025-05-09 12:46:00-05:00,22.31999969482422,22.31999969482422,22.299999237060547,22.299999237060547,0,0.0,0.0
2025-05-09 12:47:00-05:00,22.299999237060547,22.299999237060547,22.270000457763672,22.270000457763672,0,0.0,0.0
2025-05-09 12:48:00-05:00,22.280000686645508,22.290000915527344,22.270000457763672,22.280000686645508,0,0.0,0.0
2025-05-09 12:49:00-05:00,22.280000686645508,22.280000686645508,22.270000457763672,22.270000457763672,0,0.0,0.0
2025-05-09 12:50:00-05:00,22.270000457763672,22.299999237060547,22.270000457763672,22.299999237060547,0,0.0,0.0
2025-05-09 12:51:00-05:00,22.309999465942383,22.350000381469727,22.309999465942383,22.34000015258789,0,0.0,0.0
2025-05-09 12:52:00-05:00,22.309999465942383,22.350000381469727,22.309999465942383,22.350000381469727,0,0.0,0.0
2025-05-09 12:53:00-05:00,22.34000015258789,22.350000381469727,22.34000015258789,22.34000015258789,0,0.0,0.0
2025-05-09 12:54:00-05:00,22.299999237060547,22.299999237060547,22.270000457763672,22.290000915527344,0,0.0,0.0
2025-05-09 12:55:00-05:00,22.290000915527344,22.299999237060547,22.280000686645508,22.280000686645508,0,0.0,0.0
2025-05-09 12:56:00-05:00,22.270000457763672,22.280000686645508,22.260000228881836,22.260000228881836,0,0.0,0.0
2025-05-09 12:57:00-05:00,22.270000457763672,22.270000457763672,22.200000762939453,22.200000762939453,0,0.0,0.0
2025-05-09 12:58:00-05:00,22.200000762939453,22.209999084472656,22.190000534057617,22.209999084472656,0,0.0,0.0
2025-05-09 12:59:00-05:00,22.209999084472656,22.229999542236328,22.209999084472656,22.229999542236328,0,0.0,0.0
2025-05-09 13:00:00-05:00,22.219999313354492,22.219999313354492,22.200000762939453,22.200000762939453,0,0.0,0.0
2025-05-09 13:01:00-05:00,22.209999084472656,22.209999084472656,22.200000762939453,22.200000762939453,0,0.0,0.0
2025-05-09 13:02:00-05:00,22.200000762939453,22.239999771118164,22.200000762939453,22.229999542236328,0,0.0,0.0
2025-05-09 13:03:00-05:00,22.25,22.25,22.239999771118164,22.25,0,0.0,0.0
2025-05-09 13:04:00-05:00,22.229999542236328,22.25,22.229999542236328,22.25,0,0.0,0.0
2025-05-09 13:05:00-05:00,22.280000686645508,22.280000686645508,22.239999771118164,22.25,0,0.0,0.0
2025-05-09 13:06:00-05:00,22.239999771118164,22.239999771118164,22.200000762939453,22.200000762939453,0,0.0,0.0
2025-05-09 13:07:00-05:00,22.219999313354492,22.219999313354492,22.18000030517578,22.18000030517578,0,0.0,0.0
2025-05-09 13:08:00-05:00,22.18000030517578,22.190000534057617,22.18000030517578,22.190000534057617,0,0.0,0.0
2025-05-09 13:09:00-05:00,22.190000534057617,22.25,22.190000534057617,22.25,0,0.0,0.0
2025-05-09 13:10:00-05:00,22.25,22.260000228881836,22.239999771118164,22.25,0,0.0,0.0
2025-05-09 13:11:00-05:00,22.239999771118164,22.260000228881836,22.239999771118164,22.260000228881836,0,0.0,0.0
2025-05-09 13:12:00-05:00,22.260000228881836,22.260000228881836,22.239999771118164,22.239999771118164,0,0.0,0.0
2025-05-09 13:13:00-05:00,22.229999542236328,22.229999542236328,22.18000030517578,22.190000534057617,0,0.0,0.0
2025-05-09 13:14:00-05:00,22.190000534057617,22.209999084472656,22.190000534057617,22.209999084472656,0,0.0,0.0
2025-05-09 13:15:00-05:00,22.209999084472656,22.209999084472656,22.170000076293945,22.190000534057617,0,0.0,0.0
2025-05-09 13:16:00-05:00,22.18000030517578,22.18000030517578,22.170000076293945,22.18000030517578,0,0.0,0.0
2025-05-09 13:17:00-05:00,22.190000534057617,22.270000457763672,22.190000534057617,22.270000457763672,0,0.0,0.0
2025-05-09 13:18:00-05:00,22.34000015258789,22.34000015258789,22.329999923706055,22.329999923706055,0,0.0,0.0
2025-05-09 13:19:00-05:00,22.280000686645508,22.290000915527344,22.270000457763672,22.280000686645508,0,0.0,0.0
2025-05-09 13:20:00-05:00,22.270000457763672,22.270000457763672,22.260000228881836,22.260000228881836,0,0.0,0.0
2025-05-09 13:21:00-05:00,22.25,22.25,22.229999542236328,22.239999771118164,0,0.0,0.0
2025-05-09 13:22:00-05:00,22.290000915527344,22.299999237060547,22.25,22.25,0,0.0,0.0
2025-05-09 13:23:00-05:00,22.260000228881836,22.280000686645508,22.260000228881836,22.270000457763672,0,0.0,0.0
2025-05-09 13:24:00-05:00,22.260000228881836,22.280000686645508,22.260000228881836,22.270000457763672,0,0.0,0.0
2025-05-09 13:25:00-05:00,22.260000228881836,22.270000457763672,22.260000228881836,22.270000457763672,0,0.0,0.0
2025-05-09 13:26:00-05:00,22.260000228881836,22.290000915527344,22.260000228881836,22.290000915527344,0,0.0,0.0
2025-05-09 13:27:00-05:00,22.270000457763672,22.290000915527344,22.270000457763672,22.270000457763672,0,0.0,0.0
2025-05-09 13:28:00-05:00,22.260000228881836,22.31999969482422,22.260000228881836,22.31999969482422,0,0.0,0.0
2025-05-09 13:29:00-05:00,22.299999237060547,22.309999465942383,22.299999237060547,22.309999465942383,0,0.0,0.0
2025-05-09 13:30:00-05:00,22.299999237060547,22.299999237060547,22.290000915527344,22.299999237060547,0,0.0,0.0
2025-05-09 13:31:00-05:00,22.290000915527344,22.290000915527344,22.25,22.260000228881836,0,0.0,0.0
2025-05-09 13:32:00-05:00,22.209999084472656,22.229999542236328,22.209999084472656,22.209999084472656,0,0.0,0.0
2025-05-09 13:33:00-05:00,22.190000534057617,22.229999542236328,22.190000534057617,22.200000762939453,0,0.0,0.0
2025-05-09 13:34:00-05:00,22.209999084472656,22.209999084472656,22.190000534057617,22.190000534057617,0,0.0,0.0
2025-05-09 13:35:00-05:00,22.200000762939453,22.239999771118164,22.200000762939453,22.239999771118164,0,0.0,0.0
2025-05-09 13:36:00-05:00,22.260000228881836,22.280000686645508,22.239999771118164,22.239999771118164,0,0.0,0.0
2025-05-09 13:37:00-05:00,22.229999542236328,22.229999542236328,22.219999313354492,22.219999313354492,0,0.0,0.0
2025-05-09 13:38:00-05:00,22.229999542236328,22.229999542236328,22.209999084472656,22.219999313354492,0,0.0,0.0
2025-05-09 13:39:00-05:00,22.229999542236328,22.25,22.229999542236328,22.25,0,0.0,0.0
2025-05-09 13:40:00-05:00,22.219999313354492,22.219999313354492,22.190000534057617,22.190000534057617,0,0.0,0.0
2025-05-09 13:41:00-05:00,22.15999984741211,22.18000030517578,22.15999984741211,22.18000030517578,0,0.0,0.0
2025-05-09 13:42:00-05:00,22.200000762939453,22.200000762939453,22.170000076293945,22.18000030517578,0,0.0,0.0
2025-05-09 13:43:00-05:00,22.18000030517578,22.200000762939453,22.18000030517578,22.200000762939453,0,0.0,0.0
2025-05-09 13:44:00-05:00,22.200000762939453,22.200000762939453,22.18000030517578,22.18000030517578,0,0.0,0.0
2025-05-09 13:45:00-05:00,22.139999389648438,22.149999618530273,22.139999389648438,22.139999389648438,0,0.0,0.0
2025-05-09 13:46:00-05:00,22.1200008392334,22.1299991607666,22.100000381469727,22.100000381469727,0,0.0,0.0
2025-05-09 13:47:00-05:00,22.110000610351562,22.110000610351562,22.06999969482422,22.06999969482422,0,0.0,0.0
2025-05-09 13:48:00-05:00,22.059999465942383,22.06999969482422,22.059999465942383,22.06999969482422,0,0.0,0.0
2025-05-09 13:49:00-05:00,22.06999969482422,22.06999969482422,22.059999465942383,22.059999465942383,0,0.0,0.0
2025-05-09 13:50:00-05:00,22.06999969482422,22.06999969482422,22.020000457763672,22.020000457763672,0,0.0,0.0
2025-05-09 13:51:00-05:00,22.020000457763672,22.079999923706055,22.020000457763672,22.06999969482422,0,0.0,0.0
2025-05-09 13:52:00-05:00,22.06999969482422,22.079999923706055,22.049999237060547,22.079999923706055,0,0.0,0.0
2025-05-09 13:53:00-05:00,22.079999923706055,22.079999923706055,22.040000915527344,22.059999465942383,0,0.0,0.0
2025-05-09 13:54:00-05:00,22.059999465942383,22.06999969482422,22.020000457763672,22.020000457763672,0,0.0,0.0
2025-05-09 13:55:00-05:00,22.030000686645508,22.030000686645508,22.020000457763672,22.020000457763672,0,0.0,0.0
2025-05-09 13:56:00-05:00,22.030000686645508,22.030000686645508,22.010000228881836,22.010000228881836,0,0.0,0.0
2025-05-09 13:57:00-05:00,22.010000228881836,22.020000457763672,22.0,22.020000457763672,0,0.0,0.0
2025-05-09 13:58:00-05:00,22.010000228881836,22.010000228881836,21.940000534057617,21.940000534057617,0,0.0,0.0
2025-05-09 13:59:00-05:00,21.950000762939453,21.969999313354492,21.950000762939453,21.969999313354492,0,0.0,0.0
2025-05-09 14:00:00-05:00,21.979999542236328,21.979999542236328,21.950000762939453,21.959999084472656,0,0.0,0.0
2025-05-09 14:01:00-05:00,21.950000762939453,21.969999313354492,21.950000762939453,21.950000762939453,0,0.0,0.0
2025-05-09 14:02:00-05:00,21.950000762939453,21.969999313354492,21.950000762939453,21.959999084472656,0,0.0,0.0
2025-05-09 14:03:00-05:00,21.969999313354492,21.969999313354492,21.959999084472656,21.959999084472656,0,0.0,0.0
2025-05-09 14:04:00-05:00,21.950000762939453,21.989999771118164,21.950000762939453,21.979999542236328,0,0.0,0.0
2025-05-09 14:05:00-05:00,21.969999313354492,21.969999313354492,21.959999084472656,21.969999313354492,0,0.0,0.0
2025-05-09 14:06:00-05:00,21.979999542236328,22.020000457763672,21.979999542236328,22.020000457763672,0,0.0,0.0
2025-05-09 14:07:00-05:00,22.030000686645508,22.030000686645508,22.0,22.0,0,0.0,0.0
2025-05-09 14:08:00-05:00,21.989999771118164,21.989999771118164,21.940000534057617,21.940000534057617,0,0.0,0.0
2025-05-09 14:09:00-05:00,21.93000030517578,21.93000030517578,21.90999984741211,21.93000030517578,0,0.0,0.0
2025-05-09 14:10:00-05:00,21.950000762939453,21.950000762939453,21.940000534057617,21.940000534057617,0,0.0,0.0
2025-05-09 14:11:00-05:00,21.93000030517578,21.969999313354492,21.93000030517578,21.969999313354492,0,0.0,0.0
2025-05-09 14:12:00-05:00,21.979999542236328,21.989999771118164,21.979999542236328,21.989999771118164,0,0.0,0.0
2025-05-09 14:13:00-05:00,22.0,22.0,21.959999084472656,21.969999313354492,0,0.0,0.0
2025-05-09 14:14:00-05:00,21.969999313354492,22.010000228881836,21.959999084472656,22.010000228881836,0,0.0,0.0
2025-05-09 14:15:00-05:00,21.969999313354492,21.979999542236328,21.969999313354492,21.979999542236328,0,0.0,0.0
2025-05-09 14:16:00-05:00,21.989999771118164,22.010000228881836,21.989999771118164,21.989999771118164,0,0.0,0.0
2025-05-09 14:17:00-05:00,21.969999313354492,21.989999771118164,21.969999313354492,21.989999771118164,0,0.0,0.0
2025-05-09 14:18:00-05:00,22.0,22.0,21.979999542236328,21.979999542236328,0,0.0,0.0
2025-05-09 14:19:00-05:00,21.979999542236328,21.979999542236328,21.93000030517578,21.93000030517578,0,0.0,0.0
2025-05-09 14:20:00-05:00,21.90999984741211,21.959999084472656,21.90999984741211,21.959999084472656,0,0.0,0.0
2025-05-09 14:21:00-05:00,21.969999313354492,22.049999237060547,21.969999313354492,22.049999237060547,0,0.0,0.0
2025-05-09 14:22:00-05:00,22.049999237060547,22.049999237060547,22.049999237060547,22.049999237060547,0,0.0,0.0
2025-05-09 14:23:00-05:00,22.049999237060547,22.049999237060547,22.020000457763672,22.049999237060547,0,0.0,0.0
2025-05-09 14:24:00-05:00,22.030000686645508,22.030000686645508,22.020000457763672,22.020000457763672,0,0.0,0.0
2025-05-09 14:25:00-05:00,22.010000228881836,22.030000686645508,22.010000228881836,22.030000686645508,0,0.0,0.0
2025-05-09 14:26:00-05:00,22.030000686645508,22.030000686645508,22.030000686645508,22.030000686645508,0,0.0,0.0
2025-05-09 14:27:00-05:00,22.030000686645508,22.040000915527344,22.010000228881836,22.010000228881836,0,0.0,0.0
2025-05-09 14:28:00-05:00,22.030000686645508,22.030000686645508,22.020000457763672,22.020000457763672,0,0.0,0.0
2025-05-09 14:29:00-05:00,22.020000457763672,22.030000686645508,22.020000457763672,22.030000686645508,0,0.0,0.0
2025-05-09 14:30:00-05:00,22.059999465942383,22.139999389648438,22.059999465942383,22.139999389648438,0,0.0,0.0
2025-05-09 14:31:00-05:00,22.15999984741211,22.170000076293945,22.149999618530273,22.149999618530273,0,0.0,0.0
2025-05-09 14:32:00-05:00,22.1299991607666,22.149999618530273,22.09000015258789,22.09000015258789,0,0.0,0.0
2025-05-09 14:33:00-05:00,22.079999923706055,22.079999923706055,22.020000457763672,22.020000457763672,0,0.0,0.0
2025-05-09 14:34:00-05:00,22.049999237060547,22.110000610351562,22.049999237060547,22.09000015258789,0,0.0,0.0
2025-05-09 14:35:00-05:00,22.059999465942383,22.059999465942383,22.010000228881836,22.030000686645508,0,0.0,0.0
2025-05-09 14:36:00-05:00,22.059999465942383,22.079999923706055,22.059999465942383,22.06999969482422,0,0.0,0.0
2025-05-09 14:37:00-05:00,22.079999923706055,22.09000015258789,22.06999969482422,22.09000015258789,0,0.0,0.0
2025-05-09 14:38:00-05:00,22.110000610351562,22.139999389648438,22.09000015258789,22.139999389648438,0,0.0,0.0
2025-05-09 14:39:00-05:00,22.1200008392334,22.1200008392334,22.100000381469727,22.100000381469727,0,0.0,0.0
2025-05-09 14:40:00-05:00,22.100000381469727,22.100000381469727,22.079999923706055,22.079999923706055,0,0.0,0.0
2025-05-09 14:41:00-05:00,22.06999969482422,22.100000381469727,22.06999969482422,22.09000015258789,0,0.0,0.0
2025-05-09 14:42:00-05:00,22.06999969482422,22.06999969482422,22.059999465942383,22.059999465942383,0,0.0,0.0
2025-05-09 14:43:00-05:00,22.020000457763672,22.020000457763672,21.989999771118164,21.989999771118164,0,0.0,0.0
2025-05-09 14:44:00-05:00,22.0,22.030000686645508,22.0,22.030000686645508,0,0.0,0.0
2025-05-09 14:45:00-05:00,22.0,22.079999923706055,22.0,22.079999923706055,0,0.0,0.0
2025-05-09 14:46:00-05:00,22.079999923706055,22.09000015258789,22.06999969482422,22.06999969482422,0,0.0,0.0
2025-05-09 14:47:00-05:00,22.059999465942383,22.100000381469727,22.040000915527344,22.100000381469727,0,0.0,0.0
2025-05-09 14:48:00-05:00,22.110000610351562,22.110000610351562,22.09000015258789,22.09000015258789,0,0.0,0.0
2025-05-09 14:49:00-05:00,22.1200008392334,22.149999618530273,22.09000015258789,22.09000015258789,0,0.0,0.0
2025-05-09 14:50:00-05:00,22.110000610351562,22.110000610351562,22.040000915527344,22.06999969482422,0,0.0,0.0
2025-05-09 14:51:00-05:00,22.020000457763672,22.059999465942383,22.020000457763672,22.059999465942383,0,0.0,0.0
2025-05-09 14:52:00-05:00,22.059999465942383,22.059999465942383,22.040000915527344,22.059999465942383,0,0.0,0.0
2025-05-09 14:53:00-05:00,22.06999969482422,22.06999969482422,22.059999465942383,22.059999465942383,0,0.0,0.0
2025-05-09 14:54:00-05:00,22.040000915527344,22.040000915527344,22.010000228881836,22.010000228881836,0,0.0,0.0
2025-05-09 14:55:00-05:00,22.0,22.09000015258789,22.0,22.09000015258789,0,0.0,0.0
2025-05-09 14:56:00-05:00,22.079999923706055,22.09000015258789,22.079999923706055,22.079999923706055,0,0.0,0.0
2025-05-09 14:57:00-05:00,22.059999465942383,22.06999969482422,22.049999237060547,22.049999237060547,0,0.0,0.0
2025-05-09 14:58:00-05:00,22.049999237060547,22.06999969482422,22.049999237060547,22.059999465942383,0,0.0,0.0
2025-05-09 14:59:00-05:00,22.030000686645508,22.030000686645508,21.989999771118164,21.989999771118164,0,0.0,0.0
2025-05-09 15:00:00-05:00,22.030000686645508,22.030000686645508,21.989999771118164,21.989999771118164,0,0.0,0.0
2025-05-09 15:01:00-05:00,21.920000076293945,21.950000762939453,21.920000076293945,21.950000762939453,0,0.0,0.0
2025-05-09 15:02:00-05:00,21.940000534057617,21.940000534057617,21.93000030517578,21.93000030517578,0,0.0,0.0
2025-05-09 15:03:00-05:00,21.93000030517578,21.950000762939453,21.93000030517578,21.93000030517578,0,0.0,0.0
2025-05-09 15:04:00-05:00,21.920000076293945,21.920000076293945,21.889999389648438,21.889999389648438,0,0.0,0.0
2025-05-09 15:05:00-05:00,21.899999618530273,21.899999618530273,21.850000381469727,21.850000381469727,0,0.0,0.0
2025-05-09 15:06:00-05:00,21.860000610351562,21.8799991607666,21.860000610351562,21.8799991607666,0,0.0,0.0
2025-05-09 15:07:00-05:00,21.850000381469727,21.8700008392334,21.850000381469727,21.8700008392334,0,0.0,0.0
2025-05-09 15:08:00-05:00,21.8799991607666,21.889999389648438,21.8700008392334,21.8700008392334,0,0.0,0.0
2025-05-09 15:09:00-05:00,21.850000381469727,21.850000381469727,21.84000015258789,21.84000015258789,0,0.0,0.0
2025-05-09 15:10:00-05:00,21.829999923706055,21.84000015258789,21.829999923706055,21.84000015258789,0,0.0,0.0
2025-05-09 15:11:00-05:00,21.850000381469727,21.860000610351562,21.850000381469727,21.860000610351562,0,0.0,0.0
2025-05-09 15:12:00-05:00,21.84000015258789,21.850000381469727,21.84000015258789,21.850000381469727,0,0.0,0.0
2025-05-09 15:13:00-05:00,21.860000610351562,21.889999389648438,21.860000610351562,21.8700008392334,0,0.0,0.0
2025-05-09 15:14:00-05:00,21.8799991607666,21.8799991607666,21.8700008392334,21.8700008392334,0,0.0,0.0
